3;USA;Alaska;;Boundary;W141.017;N64.0833;12;
3;USA;Alaska;Aleutians East;Akutan;W165.773;N54.1356;12;
3;USA;Alaska;Aleutians East;Belkofski;W162.031;N55.0889;12;
3;USA;Alaska;Aleutians East;Cold Bay;W162.721;N55.1858;12;
3;USA;Alaska;Aleutians East;False Pass;W163.415;N54.8508;12;
3;USA;Alaska;Aleutians East;Herendeen Bay;W160.686;N55.7681;12;
3;USA;Alaska;Aleutians East;Ikatan;W163.308;N54.75;12;
3;USA;Alaska;Aleutians East;King Cove;W162.31;N55.0617;12;
3;USA;Alaska;Aleutians East;Morzhovoi;W163.319;N54.9069;12;
3;USA;Alaska;Aleutians East;Port Moller;W160.577;N55.9886;12;
3;USA;Alaska;Aleutians East;Sanak;W162.817;N54.4781;12;
3;USA;Alaska;Aleutians East;Sand Point;W160.497;N55.3397;12;
3;USA;Alaska;Aleutians East;Squaw Harbor;W160.553;N55.2433;12;
3;USA;Alaska;Aleutians East;Unga;W160.506;N55.1828;12;
3;USA;Alaska;Aleutians West (CA);Adak;W176.658;N51.88;12;
3;USA;Alaska;Aleutians West (CA);Amchitka;E178.877;N51.5672;12;
3;USA;Alaska;Aleutians West (CA);Atka;W174.201;N52.1961;12;
3;USA;Alaska;Aleutians West (CA);Attu;E173.238;N52.9375;12;
3;USA;Alaska;Aleutians West (CA);Biorka;W166.208;N53.8269;12;
3;USA;Alaska;Aleutians West (CA);Chernofski;W167.55;N53.4083;12;
3;USA;Alaska;Aleutians West (CA);Dutch Harbor;W166.511;N53.9028;12;
3;USA;Alaska;Aleutians West (CA);Egorkovskoi;W168;N53.5639;12;
3;USA;Alaska;Aleutians West (CA);Hammerhead;W176.642;N51.8486;12;
3;USA;Alaska;Aleutians West (CA);Happy Valley;W176.654;N51.8472;12;
3;USA;Alaska;Aleutians West (CA);Hospital Valley;W176.633;N51.8478;12;
3;USA;Alaska;Aleutians West (CA);Makushin;W166.986;N53.775;12;
3;USA;Alaska;Aleutians West (CA);Navy Town;E173.176;N52.8408;12;
3;USA;Alaska;Aleutians West (CA);Nikolski;W168.868;N52.9381;12;
3;USA;Alaska;Aleutians West (CA);Saint George;W169.542;N56.6;12;
3;USA;Alaska;Aleutians West (CA);Saint Paul;W170.275;N57.1222;12;
3;USA;Alaska;Aleutians West (CA);Umnak;W168.217;N53.2667;12;
3;USA;Alaska;Aleutians West (CA);Unalaska;W166.537;N53.8736;12;
3;USA;Alaska;Anchorage;Alyeska;W149.111;N60.9608;12;
3;USA;Alaska;Anchorage;Anchorage;W149.9;N61.2181;12;
3;USA;Alaska;Anchorage;Artesian Village;W149.781;N61.2275;12;
3;USA;Alaska;Anchorage;Birchwood;W149.469;N61.4053;12;
3;USA;Alaska;Anchorage;Bonibrook;W149.774;N61.1997;12;
3;USA;Alaska;Anchorage;Campbell;W149.894;N61.1719;12;
3;USA;Alaska;Anchorage;Chugiak;W149.482;N61.3889;12;
3;USA;Alaska;Anchorage;DeBarr Vista;W149.753;N61.2122;12;
3;USA;Alaska;Anchorage;Eagle River;W149.568;N61.3214;12;
3;USA;Alaska;Anchorage;Eklutna;W149.362;N61.4581;12;
3;USA;Alaska;Anchorage;Fort Richardson;W149.688;N61.2544;12;
3;USA;Alaska;Anchorage;Girdwood;W149.166;N60.9425;12;
3;USA;Alaska;Anchorage;Green Acres;W149.842;N61.1861;12;
3;USA;Alaska;Anchorage;Homesite Park;W149.741;N61.2192;12;
3;USA;Alaska;Anchorage;Knik Heights;W149.792;N61.105;12;
3;USA;Alaska;Anchorage;Mountain View;W149.804;N61.2264;12;
3;USA;Alaska;Anchorage;Nunaka Valley;W149.768;N61.2067;12;
3;USA;Alaska;Anchorage;Peters Creek;W149.446;N61.4111;12;
3;USA;Alaska;Anchorage;Potter Hill;W149.817;N61.0833;12;
3;USA;Alaska;Anchorage;Rogers Park;W149.849;N61.1981;12;
3;USA;Alaska;Anchorage;Spenard;W149.906;N61.1886;12;
3;USA;Alaska;Anchorage;Tuomi;W149.83;N61.28;12;
3;USA;Alaska;Anchorage;Turnagain Heights;W149.941;N61.1958;12;
3;USA;Alaska;Anchorage;Wilson Village;W149.819;N61.2364;12;
3;USA;Alaska;Anchorage;Wonder Park;W149.783;N61.2233;12;
3;USA;Alaska;Bethel (CA);Aguikchuk;W164.436;N60.475;12;
3;USA;Alaska;Bethel (CA);Akiachak;W161.431;N60.9094;12;
3;USA;Alaska;Bethel (CA);Akiak;W161.214;N60.9122;12;
3;USA;Alaska;Bethel (CA);Akulurak;W162.441;N60.2775;12;
3;USA;Alaska;Bethel (CA);Aniak;W159.522;N61.5783;12;
3;USA;Alaska;Bethel (CA);Anogok;W164.029;N59.8211;12;
3;USA;Alaska;Bethel (CA);Atmautluak;W162.273;N60.8669;12;
3;USA;Alaska;Bethel (CA);Bethel;W161.756;N60.7922;12;
3;USA;Alaska;Bethel (CA);Chakwaktolik;W163.754;N61.2292;12;
3;USA;Alaska;Bethel (CA);Chefornak;W164.266;N60.16;12;
3;USA;Alaska;Bethel (CA);Chuathbaluk;W159.245;N61.5719;12;
3;USA;Alaska;Bethel (CA);Crooked Creek;W158.111;N61.87;12;
3;USA;Alaska;Bethel (CA);Eek;W162.024;N60.2189;12;
3;USA;Alaska;Bethel (CA);Goodnews Bay;W161.588;N59.1189;12;
3;USA;Alaska;Bethel (CA);Goodnews Mining Camp;W161.73;N58.9261;12;
3;USA;Alaska;Bethel (CA);Itulilik;W157.047;N61.3764;12;
3;USA;Alaska;Bethel (CA);Kalskag;W160.305;N61.5372;12;
3;USA;Alaska;Bethel (CA);Kashegelok;W157.834;N60.8547;12;
3;USA;Alaska;Bethel (CA);Kasigluk;W162.518;N60.8956;12;
3;USA;Alaska;Bethel (CA);Kepangalook;W161.617;N60.85;12;
3;USA;Alaska;Bethel (CA);Kinegnak;W161.662;N58.8311;12;
3;USA;Alaska;Bethel (CA);Kipnuk;W164.041;N59.9389;12;
3;USA;Alaska;Bethel (CA);Kuskovak;W162.506;N60.115;12;
3;USA;Alaska;Bethel (CA);Kwethluk;W161.436;N60.8122;12;
3;USA;Alaska;Bethel (CA);Kwigillingok;W163.134;N59.8644;12;
3;USA;Alaska;Bethel (CA);Lime Village;W155.436;N61.3564;12;
3;USA;Alaska;Bethel (CA);Lower Kalskag;W160.358;N61.5122;12;
3;USA;Alaska;Bethel (CA);Mekoryuk;W166.185;N60.3881;12;
3;USA;Alaska;Bethel (CA);Mellicks Trading Post;W157.178;N61.6844;12;
3;USA;Alaska;Bethel (CA);Napaimiut;W158.674;N61.54;12;
3;USA;Alaska;Bethel (CA);Napakiak;W161.952;N60.6967;12;
3;USA;Alaska;Bethel (CA);Napaskiak;W161.766;N60.7081;12;
3;USA;Alaska;Bethel (CA);Nash Harbor;W166.938;N60.2056;12;
3;USA;Alaska;Bethel (CA);Newtok;W164.629;N60.9428;12;
3;USA;Alaska;Bethel (CA);Nightmute;W164.724;N60.4794;12;
3;USA;Alaska;Bethel (CA);Nogamut;W157.674;N61.0194;12;
3;USA;Alaska;Bethel (CA);Nunachuk;W162.583;N60.9381;12;
3;USA;Alaska;Bethel (CA);Nunapitchuk;W162.459;N60.8969;12;
3;USA;Alaska;Bethel (CA);Nunapitsinchak;W161.376;N60.7956;12;
3;USA;Alaska;Bethel (CA);Nyac;W159.941;N61.0042;12;
3;USA;Alaska;Bethel (CA);Oscarville;W161.77;N60.7228;12;
3;USA;Alaska;Bethel (CA);Oskawalik;W158.193;N61.7439;12;
3;USA;Alaska;Bethel (CA);Paimiut;W160.232;N61.9642;12;
3;USA;Alaska;Bethel (CA);Platinum;W161.816;N59.0131;12;
3;USA;Alaska;Bethel (CA);Quinhagak;W161.916;N59.7489;12;
3;USA;Alaska;Bethel (CA);Red Devil;W157.312;N61.7611;12;
3;USA;Alaska;Bethel (CA);Sleetmute;W157.17;N61.7025;12;
3;USA;Alaska;Bethel (CA);Stony River;W156.588;N61.7831;12;
3;USA;Alaska;Bethel (CA);Toksook Bay;W165.102;N60.5303;12;
3;USA;Alaska;Bethel (CA);Tuluksak;W160.962;N61.1025;12;
3;USA;Alaska;Bethel (CA);Tundra;W162.817;N61.1333;12;
3;USA;Alaska;Bethel (CA);Tuntutuliak;W162.663;N60.3431;12;
3;USA;Alaska;Bethel (CA);Tununak;W165.256;N60.5856;12;
3;USA;Alaska;Bethel (CA);Ukak;W164.933;N60.7275;12;
3;USA;Alaska;Bethel (CA);Umkumiut;W165.199;N60.4983;12;
3;USA;Alaska;Bethel (CA);Whitefish Lake;W155.025;N60.9333;12;
3;USA;Alaska;Bristol Bay;King Salmon;W156.661;N58.6883;12;
3;USA;Alaska;Bristol Bay;Koggiung;W157.007;N58.8669;12;
3;USA;Alaska;Bristol Bay;Libbyville;W157.053;N58.7778;12;
3;USA;Alaska;Bristol Bay;Naknek;W157.014;N58.7283;12;
3;USA;Alaska;Bristol Bay;Savonoski;W156.864;N58.7172;12;
3;USA;Alaska;Bristol Bay;South Naknek;W156.998;N58.7156;12;
3;USA;Alaska;Denali;Anderson;W149.187;N64.3442;12;
3;USA;Alaska;Denali;Cantwell;W148.951;N63.3917;12;
3;USA;Alaska;Denali;Ferry;W149.117;N64.0167;12;
3;USA;Alaska;Denali;Ferry;W149.13;N63.9278;12;
3;USA;Alaska;Denali;Garner;W148.973;N63.8292;12;
3;USA;Alaska;Denali;Healy;W148.966;N63.8569;12;
3;USA;Alaska;Denali;Kantishna;W150.958;N63.5253;12;
3;USA;Alaska;Denali;Lagoon;W149.857;N63.6833;12;
3;USA;Alaska;Denali;Lignite;W149.018;N63.9094;12;
3;USA;Alaska;Denali;McKinley Park;W148.914;N63.7328;12;
3;USA;Alaska;Denali;Summit;W149.122;N63.3314;12;
3;USA;Alaska;Denali;Suntrana;W148.848;N63.8542;12;
3;USA;Alaska;Denali;Usibelli;W148.78;N63.8614;12;
3;USA;Alaska;Dillingham (CA);Akokpak;W157.133;N59.6333;12;
3;USA;Alaska;Dillingham (CA);Aleknagik;W158.618;N59.2731;12;
3;USA;Alaska;Dillingham (CA);Clarks Point;W158.551;N58.8442;12;
3;USA;Alaska;Dillingham (CA);Dillingham;W158.458;N59.0397;12;
3;USA;Alaska;Dillingham (CA);Ekwok;W157.475;N59.3497;12;
3;USA;Alaska;Dillingham (CA);Elilakok;W157.083;N59.55;12;
3;USA;Alaska;Dillingham (CA);Igushik;W158.89;N58.7103;12;
3;USA;Alaska;Dillingham (CA);Kashiagamiut;W160.065;N59.3694;12;
3;USA;Alaska;Dillingham (CA);Koliganek;W157.284;N59.7286;12;
3;USA;Alaska;Dillingham (CA);Manokotak;W159.058;N58.9814;12;
3;USA;Alaska;Dillingham (CA);Nelsonville;W158.534;N59.0067;12;
3;USA;Alaska;Dillingham (CA);New Stuyahok;W157.312;N59.4528;12;
3;USA;Alaska;Dillingham (CA);New Stuyarok;W157.333;N59.4833;12;
3;USA;Alaska;Dillingham (CA);Nunachuak;W157.058;N59.5967;12;
3;USA;Alaska;Dillingham (CA);Nushagak;W158.492;N58.9481;12;
3;USA;Alaska;Dillingham (CA);Portage Creek;W157.718;N58.9061;12;
3;USA;Alaska;Dillingham (CA);Togiak;W160.376;N59.0619;12;
3;USA;Alaska;Dillingham (CA);Twin Hills;W160.275;N59.0792;12;
3;USA;Alaska;Dillingham (CA);Ungalikthluk;W160.145;N58.9353;12;
3;USA;Alaska;Dillingham (CA);Wood River;W158.441;N59.0692;12;
3;USA;Alaska;Fairbanks North Star;Aurora Lodge;W146.939;N64.4706;12;
3;USA;Alaska;Fairbanks North Star;Aurora;W147.759;N64.8569;12;
3;USA;Alaska;Fairbanks North Star;Bjerrmark;W147.717;N64.825;12;
3;USA;Alaska;Fairbanks North Star;Bluff;W147.176;N64.715;12;
3;USA;Alaska;Fairbanks North Star;Broadmoor;W147.876;N64.8239;12;
3;USA;Alaska;Fairbanks North Star;Chatanika;W147.477;N65.1122;12;
3;USA;Alaska;Fairbanks North Star;Chena Hot Springs;W146.056;N65.0531;12;
3;USA;Alaska;Fairbanks North Star;Chickaloon;W148.467;N64.7958;12;
3;USA;Alaska;Fairbanks North Star;Clear Creek Park;W147.566;N64.8186;12;
3;USA;Alaska;Fairbanks North Star;College;W147.803;N64.8569;12;
3;USA;Alaska;Fairbanks North Star;Dennis Manor;W147.54;N64.8292;12;
3;USA;Alaska;Fairbanks North Star;Dogpatch;W147.806;N64.8956;12;
3;USA;Alaska;Fairbanks North Star;Ester;W148.014;N64.8472;12;
3;USA;Alaska;Fairbanks North Star;Fairbanks;W147.716;N64.8378;12;
3;USA;Alaska;Fairbanks North Star;Fox;W147.618;N64.9581;12;
3;USA;Alaska;Fairbanks North Star;Hamilton Acres;W147.671;N64.8469;12;
3;USA;Alaska;Fairbanks North Star;Harding Lake;W146.851;N64.4217;12;
3;USA;Alaska;Fairbanks North Star;Highland Park;W147.361;N64.7569;12;
3;USA;Alaska;Fairbanks North Star;Lemeta;W147.732;N64.8597;12;
3;USA;Alaska;Fairbanks North Star;Moose Creek;W147.144;N64.71;12;
3;USA;Alaska;Fairbanks North Star;Musk Ox;W147.822;N64.9003;12;
3;USA;Alaska;Fairbanks North Star;North Pole;W147.349;N64.7511;12;
3;USA;Alaska;Fairbanks North Star;Olnes;W147.67;N65.0742;12;
3;USA;Alaska;Fairbanks North Star;Pleasant Valley;W146.869;N64.8814;12;
3;USA;Alaska;Fairbanks North Star;Slaterville;W147.724;N64.8481;12;
3;USA;Alaska;Fairbanks North Star;South Fairbanks;W147.717;N64.8333;12;
3;USA;Alaska;Fairbanks North Star;Standard;W148.53;N64.7808;12;
3;USA;Alaska;Fairbanks North Star;Totem Park;W147.778;N64.8628;12;
3;USA;Alaska;Fairbanks North Star;Westgate;W147.796;N64.8372;12;
3;USA;Alaska;Haines;Covenant Life;W136.025;N59.4172;12;
3;USA;Alaska;Haines;Excursion Inlet;W135.427;N58.4189;12;
3;USA;Alaska;Haines;Haines;W135.445;N59.2358;12;
3;USA;Alaska;Haines;Klukwan;W135.884;N59.4039;12;
3;USA;Alaska;Haines;Lutak;W135.566;N59.3411;12;
3;USA;Alaska;Haines;Mosquito Lake;W136.091;N59.5292;12;
3;USA;Alaska;Haines;Mud Bay;W135.376;N59.1597;12;
3;USA;Alaska;Haines;Port Chilkoot;W135.438;N59.2289;12;
3;USA;Alaska;Haines;Tanani;W135.443;N59.27;12;
3;USA;Alaska;Haines;Wells;W135.933;N59.4167;12;
3;USA;Alaska;Juneau;Auke Bay;W134.66;N58.3833;12;
3;USA;Alaska;Juneau;Dobson Landing;W134.784;N58.4906;12;
3;USA;Alaska;Juneau;Douglas;W134.393;N58.2756;12;
3;USA;Alaska;Juneau;Fairhaven;W134.704;N58.3781;12;
3;USA;Alaska;Juneau;Juneau;W134.42;N58.3019;12;
3;USA;Alaska;Juneau;Lemon Creek;W134.499;N58.3583;12;
3;USA;Alaska;Juneau;Lena Beach;W134.747;N58.3931;12;
3;USA;Alaska;Juneau;Mendenhall Valley;W134.567;N58.3917;12;
3;USA;Alaska;Juneau;Mendenhaven;W134.567;N58.3919;12;
3;USA;Alaska;Juneau;Saint Terese;W134.78;N58.4722;12;
3;USA;Alaska;Juneau;Starr Hill;W134.404;N58.3042;12;
3;USA;Alaska;Juneau;Tee Harbor;W134.756;N58.4103;12;
3;USA;Alaska;Juneau;Tee Harbor;W134.756;N58.4125;12;
3;USA;Alaska;Juneau;Thane;W134.33;N58.2642;12;
3;USA;Alaska;Juneau;Vanderbilt Hill;W134.492;N58.345;12;
3;USA;Alaska;Juneau;West Juneau;W134.429;N58.295;12;
3;USA;Alaska;Kenai Peninsula;Anchor Point;W151.831;N59.7767;12;
3;USA;Alaska;Kenai Peninsula;Bear Creek;W149.395;N60.1642;12;
3;USA;Alaska;Kenai Peninsula;Beluga;W151.024;N61.1792;12;
3;USA;Alaska;Kenai Peninsula;Beluga;W151.083;N61.1411;12;
3;USA;Alaska;Kenai Peninsula;Chenik;W154.139;N59.2139;12;
3;USA;Alaska;Kenai Peninsula;Clam Gulch;W151.394;N60.2311;12;
3;USA;Alaska;Kenai Peninsula;Cohoe;W151.306;N60.3686;12;
3;USA;Alaska;Kenai Peninsula;Cooper Landing;W149.834;N60.49;12;
3;USA;Alaska;Kenai Peninsula;Crown Point;W149.338;N60.4225;12;
3;USA;Alaska;Kenai Peninsula;Diamond Ridge;W151.558;N59.6761;12;
3;USA;Alaska;Kenai Peninsula;Drift River;W152.161;N60.5917;12;
3;USA;Alaska;Kenai Peninsula;Falls;W149.37;N60.42;12;
3;USA;Alaska;Kenai Peninsula;Fox River;W150.958;N59.8583;12;
3;USA;Alaska;Kenai Peninsula;Fritz Creek;W151.295;N59.7361;12;
3;USA;Alaska;Kenai Peninsula;Funny River;W150.762;N60.5019;12;
3;USA;Alaska;Kenai Peninsula;Gilpatricks;W149.537;N60.6014;12;
3;USA;Alaska;Kenai Peninsula;Halibut Cove;W151.225;N59.595;12;
3;USA;Alaska;Kenai Peninsula;Happy Valley;W151.732;N59.9472;12;
3;USA;Alaska;Kenai Peninsula;Homer;W151.548;N59.6425;12;
3;USA;Alaska;Kenai Peninsula;Hope;W149.64;N60.9203;12;
3;USA;Alaska;Kenai Peninsula;Iniskin;W153.238;N59.7469;12;
3;USA;Alaska;Kenai Peninsula;Jakolof Bay;W151.51;N59.4469;12;
3;USA;Alaska;Kenai Peninsula;Kachemak City;W151.434;N59.67;12;
3;USA;Alaska;Kenai Peninsula;Kachemak Silo;W151.058;N59.8;12;
3;USA;Alaska;Kenai Peninsula;Kalifornsky;W151.29;N60.4183;12;
3;USA;Alaska;Kenai Peninsula;Kasilof;W151.274;N60.3375;12;
3;USA;Alaska;Kenai Peninsula;Kenai;W151.258;N60.5544;12;
3;USA;Alaska;Kenai Peninsula;Kluchevaya;W151.596;N59.8217;12;
3;USA;Alaska;Kenai Peninsula;Klutchevya;W151.611;N59.8111;12;
3;USA;Alaska;Kenai Peninsula;Kustatan;W151.748;N60.7158;12;
3;USA;Alaska;Kenai Peninsula;Lawing;W149.364;N60.4022;12;
3;USA;Alaska;Kenai Peninsula;Lowell Point;W149.441;N60.0725;12;
3;USA;Alaska;Kenai Peninsula;Millers Landing;W151.435;N59.6675;12;
3;USA;Alaska;Kenai Peninsula;Moose Pass;W149.369;N60.4875;12;
3;USA;Alaska;Kenai Peninsula;Muskwa Village;W149.359;N60.4033;12;
3;USA;Alaska;Kenai Peninsula;Nahodka;W151.601;N59.8211;12;
3;USA;Alaska;Kenai Peninsula;Nahotka;W151.613;N59.8097;12;
3;USA;Alaska;Kenai Peninsula;Naptowne;W150.725;N60.5275;12;
3;USA;Alaska;Kenai Peninsula;Nikishka;W151.403;N60.7028;12;
3;USA;Alaska;Kenai Peninsula;Nikiski;W151.289;N60.6903;12;
3;USA;Alaska;Kenai Peninsula;Nikolaevsk;W151.611;N59.8119;12;
3;USA;Alaska;Kenai Peninsula;Ninilchik;W151.669;N60.0514;12;
3;USA;Alaska;Kenai Peninsula;Old Tyonek;W151.283;N61.0381;12;
3;USA;Alaska;Kenai Peninsula;Port Graham;W151.83;N59.3514;12;
3;USA;Alaska;Kenai Peninsula;Port Nikiski;W151.379;N60.6833;12;
3;USA;Alaska;Kenai Peninsula;Primrose;W149.323;N60.3783;12;
3;USA;Alaska;Kenai Peninsula;Ridgeway;W151.085;N60.5319;12;
3;USA;Alaska;Kenai Peninsula;Seldovia Village;W151.652;N59.4781;12;
3;USA;Alaska;Kenai Peninsula;Seldovia;W151.711;N59.4381;12;
3;USA;Alaska;Kenai Peninsula;Seward;W149.442;N60.1042;12;
3;USA;Alaska;Kenai Peninsula;Shirleyville;W151.407;N61.0136;12;
3;USA;Alaska;Kenai Peninsula;Silvertip;W149.37;N60.7506;12;
3;USA;Alaska;Kenai Peninsula;Snug Harbor;W149.784;N60.4892;12;
3;USA;Alaska;Kenai Peninsula;Soldotna;W151.058;N60.4878;12;
3;USA;Alaska;Kenai Peninsula;Sterling;W150.765;N60.5372;12;
3;USA;Alaska;Kenai Peninsula;Sunrise;W149.428;N60.8867;12;
3;USA;Alaska;Kenai Peninsula;Tyonek;W151.137;N61.0681;12;
3;USA;Alaska;Kenai Peninsula;Woodrow;W149.375;N60.1917;12;
3;USA;Alaska;Ketchikan Gateway;Beaver Falls;W131.467;N55.3833;12;
3;USA;Alaska;Ketchikan Gateway;Clover Pass;W131.792;N55.4722;12;
3;USA;Alaska;Ketchikan Gateway;Dairy;W131.566;N55.3069;12;
3;USA;Alaska;Ketchikan Gateway;Herring Cove;W131.522;N55.325;12;
3;USA;Alaska;Ketchikan Gateway;Ketchikan;W131.646;N55.3422;12;
3;USA;Alaska;Ketchikan Gateway;Loring;W131.636;N55.6025;12;
3;USA;Alaska;Ketchikan Gateway;Mountain Point;W131.532;N55.2944;12;
3;USA;Alaska;Ketchikan Gateway;Mud Bay;W131.768;N55.4208;12;
3;USA;Alaska;Ketchikan Gateway;Peninsula Point;W131.733;N55.3833;12;
3;USA;Alaska;Ketchikan Gateway;Pennock Island;W131.629;N55.3278;12;
3;USA;Alaska;Ketchikan Gateway;Port Higgins;W131.817;N55.45;12;
3;USA;Alaska;Ketchikan Gateway;Refuge Cove;W131.742;N55.4069;12;
3;USA;Alaska;Ketchikan Gateway;Saxman;W131.596;N55.3183;12;
3;USA;Alaska;Ketchikan Gateway;Shoreline Drive;W131.725;N55.375;12;
3;USA;Alaska;Ketchikan Gateway;Ward Cove;W131.723;N55.4119;12;
3;USA;Alaska;Kodiak Island;Afognak;W152.768;N58.0078;12;
3;USA;Alaska;Kodiak Island;Akhiok;W154.17;N56.9456;12;
3;USA;Alaska;Kodiak Island;Aleksashkina;W152.355;N57.78;12;
3;USA;Alaska;Kodiak Island;Aleneva;W152.91;N58.06;12;
3;USA;Alaska;Kodiak Island;Chiniak;W152.183;N57.6319;12;
3;USA;Alaska;Kodiak Island;Kanatak;W156.037;N57.5694;12;
3;USA;Alaska;Kodiak Island;Karluk;W154.456;N57.5719;12;
3;USA;Alaska;Kodiak Island;Kodiak;W152.407;N57.79;12;
3;USA;Alaska;Kodiak Island;Larsen Bay;W153.979;N57.54;12;
3;USA;Alaska;Kodiak Island;McCord;W153.201;N57.1394;12;
3;USA;Alaska;Kodiak Island;Old Harbor;W153.304;N57.2028;12;
3;USA;Alaska;Kodiak Island;Ouzinkie;W152.502;N57.9236;12;
3;USA;Alaska;Kodiak Island;Port Hobron;W153.156;N57.1606;12;
3;USA;Alaska;Kodiak Island;Port Lions;W152.882;N57.8675;12;
3;USA;Alaska;Kodiak Island;Port O'Brien;W153.317;N57.7319;12;
3;USA;Alaska;Kodiak Island;Port Wakefield;W153.053;N58.0492;12;
3;USA;Alaska;Kodiak Island;Port William;W152.583;N58.4922;12;
3;USA;Alaska;Kodiak Island;Uyak;W153.999;N57.6378;12;
3;USA;Alaska;Kodiak Island;Womens Bay;W152.669;N57.6822;12;
3;USA;Alaska;Lake and Peninsula;Chignik Lake;W158.762;N56.2556;12;
3;USA;Alaska;Lake and Peninsula;Chignik;W158.402;N56.2953;12;
3;USA;Alaska;Lake and Peninsula;Egegik;W157.376;N58.2156;12;
3;USA;Alaska;Lake and Peninsula;Fish Village;W154.858;N59.9472;12;
3;USA;Alaska;Lake and Peninsula;Hallersville;W156.839;N59.0428;12;
3;USA;Alaska;Lake and Peninsula;Igiugig;W155.895;N59.3278;12;
3;USA;Alaska;Lake and Peninsula;Ivanof Bay;W159.483;N55.9;12;
3;USA;Alaska;Lake and Peninsula;Kaskanak;W156.183;N59.2833;12;
3;USA;Alaska;Lake and Peninsula;Kokhanok;W154.776;N59.4394;12;
3;USA;Alaska;Lake and Peninsula;Kvichak;W156.931;N58.9694;12;
3;USA;Alaska;Lake and Peninsula;Levelock;W156.859;N59.1142;12;
3;USA;Alaska;Lake and Peninsula;Meshik;W158.682;N56.9125;12;
3;USA;Alaska;Lake and Peninsula;Nakeen;W157.039;N58.9339;12;
3;USA;Alaska;Lake and Peninsula;Newhalen;W154.897;N59.72;12;
3;USA;Alaska;Lake and Peninsula;Nondalton;W154.846;N59.9736;12;
3;USA;Alaska;Lake and Peninsula;Pedro Bay;W154.106;N59.7872;12;
3;USA;Alaska;Lake and Peninsula;Pile Bay Village;W153.882;N59.7789;12;
3;USA;Alaska;Lake and Peninsula;Pilot Point;W157.579;N57.5642;12;
3;USA;Alaska;Lake and Peninsula;Port Alsworth;W154.313;N60.2025;12;
3;USA;Alaska;Lake and Peninsula;Port Heiden;W158.627;N56.9492;12;
3;USA;Alaska;Lake and Peninsula;Port Heiden;W158.774;N56.8442;12;
3;USA;Alaska;Lake and Peninsula;Seversens;W154.817;N59.7536;12;
3;USA;Alaska;Lake and Peninsula;Ugashik;W157.398;N57.5131;12;
3;USA;Alaska;Matanuska-Susitna;Big Lake;W149.867;N61.55;12;
3;USA;Alaska;Matanuska-Susitna;Big Lake;W149.954;N61.5214;12;
3;USA;Alaska;Matanuska-Susitna;Butte;W149.033;N61.5422;12;
3;USA;Alaska;Matanuska-Susitna;Chase;W150.102;N62.4492;12;
3;USA;Alaska;Matanuska-Susitna;Chelatna Lodge;W151.404;N62.4344;12;
3;USA;Alaska;Matanuska-Susitna;Chickaloon;W148.463;N61.7967;12;
3;USA;Alaska;Matanuska-Susitna;Chulitna;W149.583;N62.8869;12;
3;USA;Alaska;Matanuska-Susitna;Colorado;W149.436;N63.1628;12;
3;USA;Alaska;Matanuska-Susitna;Cottonwood;W149.564;N61.5133;12;
3;USA;Alaska;Matanuska-Susitna;Curry;W150.012;N62.6147;12;
3;USA;Alaska;Matanuska-Susitna;Eska;W148.909;N61.7378;12;
3;USA;Alaska;Matanuska-Susitna;Eureka Roadhouse;W147.168;N61.9386;12;
3;USA;Alaska;Matanuska-Susitna;Gateway;W149.241;N61.5728;12;
3;USA;Alaska;Matanuska-Susitna;Houston;W149.818;N61.6303;12;
3;USA;Alaska;Matanuska-Susitna;John Fitzgerald Kennedy City;W149.825;N61.3967;12;
3;USA;Alaska;Matanuska-Susitna;Jonesville;W148.935;N61.7306;12;
3;USA;Alaska;Matanuska-Susitna;Knik;W149.729;N61.4578;12;
3;USA;Alaska;Matanuska-Susitna;Lake Louise;W146.551;N62.2814;12;
3;USA;Alaska;Matanuska-Susitna;Lazy Mountain;W148.946;N61.6261;12;
3;USA;Alaska;Matanuska-Susitna;Lucky Shot Landing;W149.408;N61.775;12;
3;USA;Alaska;Matanuska-Susitna;Matanuska;W149.23;N61.5419;12;
3;USA;Alaska;Matanuska-Susitna;Meadow Lakes;W149.601;N61.6247;12;
3;USA;Alaska;Matanuska-Susitna;Montana;W150.073;N62.0797;12;
3;USA;Alaska;Matanuska-Susitna;Palmer;W149.113;N61.5997;12;
3;USA;Alaska;Matanuska-Susitna;Petersville;W150.766;N62.4964;12;
3;USA;Alaska;Matanuska-Susitna;Point MacKenzie;W149.978;N61.3597;12;
3;USA;Alaska;Matanuska-Susitna;Skwentna;W151.398;N61.9903;12;
3;USA;Alaska;Matanuska-Susitna;Sunshine;W150.073;N62.1678;12;
3;USA;Alaska;Matanuska-Susitna;Susitna;W150.512;N61.5436;12;
3;USA;Alaska;Matanuska-Susitna;Sutton;W148.894;N61.7114;12;
3;USA;Alaska;Matanuska-Susitna;Talkeetna;W150.109;N62.3239;12;
3;USA;Alaska;Matanuska-Susitna;Tanaina;W149.428;N61.6269;12;
3;USA;Alaska;Matanuska-Susitna;Trapper Creek;W150.231;N62.3167;12;
3;USA;Alaska;Matanuska-Susitna;Wasilla;W149.439;N61.5814;12;
3;USA;Alaska;Matanuska-Susitna;Willow Lake;W150.036;N61.7444;12;
3;USA;Alaska;Matanuska-Susitna;Willow;W150.037;N61.7472;12;
3;USA;Alaska;Nome (CA);Bessie No. 5 Dredge Camp;W165.15;N64.55;12;
3;USA;Alaska;Nome (CA);Bluff;W163.754;N64.5728;12;
3;USA;Alaska;Nome (CA);Brevig Mission;W166.489;N65.3347;12;
3;USA;Alaska;Nome (CA);Cape Nome;W164.959;N64.4639;12;
3;USA;Alaska;Nome (CA);Council;W163.676;N64.895;12;
3;USA;Alaska;Nome (CA);Dahl;W164.714;N65.3647;12;
3;USA;Alaska;Nome (CA);Davidsons Landing;W165.272;N65.2419;12;
3;USA;Alaska;Nome (CA);Dime Landing;W161.16;N65.12;12;
3;USA;Alaska;Nome (CA);Diomede;W168.9;N65.7708;12;
3;USA;Alaska;Nome (CA);Diomede;W168.942;N65.7369;12;
3;USA;Alaska;Nome (CA);East Fork;W164.276;N64.6928;12;
3;USA;Alaska;Nome (CA);Egavik;W160.923;N64.0403;12;
3;USA;Alaska;Nome (CA);Elim;W162.261;N64.6175;12;
3;USA;Alaska;Nome (CA);Gambell;W171.741;N63.7797;12;
3;USA;Alaska;Nome (CA);Golovin;W163.029;N64.5433;12;
3;USA;Alaska;Nome (CA);Haycock;W161.166;N65.2097;12;
3;USA;Alaska;Nome (CA);Igloo;W165.063;N65.1478;12;
3;USA;Alaska;Nome (CA);Iron Creek;W164.655;N64.9644;12;
3;USA;Alaska;Nome (CA);Klikitarik;W161.471;N63.4694;12;
3;USA;Alaska;Nome (CA);Koyuk;W161.157;N64.9319;12;
3;USA;Alaska;Nome (CA);Lees Camp;W164.391;N64.6203;12;
3;USA;Alaska;Nome (CA);Marys Igloo;W165.067;N65.15;12;
3;USA;Alaska;Nome (CA);Moses Point Fishing Village;W162.028;N64.6978;12;
3;USA;Alaska;Nome (CA);Moses Point;W162.033;N64.7;12;
3;USA;Alaska;Nome (CA);New Igloo;W165.168;N65.1275;12;
3;USA;Alaska;Nome (CA);Nome;W165.406;N64.5011;12;
3;USA;Alaska;Nome (CA);Perkinsville;W165.415;N64.5506;12;
3;USA;Alaska;Nome (CA);Pilgrim Springs;W164.924;N65.0936;12;
3;USA;Alaska;Nome (CA);Port Clarence;W166.846;N65.2622;12;
3;USA;Alaska;Nome (CA);Port Safety;W164.826;N64.4517;12;
3;USA;Alaska;Nome (CA);Saint Michael;W162.039;N63.4781;12;
3;USA;Alaska;Nome (CA);Savoonga;W170.479;N63.6942;12;
3;USA;Alaska;Nome (CA);Serpentine Hot Springs;W164.714;N65.8569;12;
3;USA;Alaska;Nome (CA);Shaktoolik;W161.154;N64.3339;12;
3;USA;Alaska;Nome (CA);Shishmaref;W166.072;N66.2567;12;
3;USA;Alaska;Nome (CA);Sinuk;W166.253;N64.5928;12;
3;USA;Alaska;Nome (CA);Solomon;W164.439;N64.5608;12;
3;USA;Alaska;Nome (CA);Stebbins;W162.288;N63.5222;12;
3;USA;Alaska;Nome (CA);Sullivan Camp;W166.195;N65.0631;12;
3;USA;Alaska;Nome (CA);Taylor;W164.849;N65.7272;12;
3;USA;Alaska;Nome (CA);Teller;W166.361;N65.2636;12;
3;USA;Alaska;Nome (CA);Tin City;W167.948;N65.5586;12;
3;USA;Alaska;Nome (CA);Unalakleet;W160.788;N63.8731;12;
3;USA;Alaska;Nome (CA);Wales;W168.088;N65.6092;12;
3;USA;Alaska;Nome (CA);White Mountain;W163.406;N64.6814;12;
3;USA;Alaska;Nome (CA);York;W167.684;N65.4936;12;
3;USA;Alaska;North Slope;Alpine;W150.977;N70.3281;12;
3;USA;Alaska;North Slope;Anaktuvuk Pass;W151.736;N68.1433;12;
3;USA;Alaska;North Slope;Atqasuk;W157.399;N70.4692;12;
3;USA;Alaska;North Slope;Barrow;W156.789;N71.2906;12;
3;USA;Alaska;North Slope;Browerville;W156.77;N71.2981;12;
3;USA;Alaska;North Slope;Chariot;W165.743;N68.1058;12;
3;USA;Alaska;North Slope;Deadhorse;W148.512;N70.2056;12;
3;USA;Alaska;North Slope;Gordon;W141.206;N69.68;12;
3;USA;Alaska;North Slope;Kaktovik;W143.624;N70.1319;12;
3;USA;Alaska;North Slope;Kokruagarok;W153.072;N70.915;12;
3;USA;Alaska;North Slope;Nuiqsut;W150.976;N70.2175;12;
3;USA;Alaska;North Slope;Point Hope;W166.808;N68.3478;12;
3;USA;Alaska;North Slope;Point Lay;W163.051;N69.7575;12;
3;USA;Alaska;North Slope;Prudhoe Bay;W148.669;N70.2922;12;
3;USA;Alaska;North Slope;Sagwon;W148.701;N69.3731;12;
3;USA;Alaska;North Slope;Umiat;W152.144;N69.3669;12;
3;USA;Alaska;North Slope;Wainwright;W160.038;N70.6369;12;
3;USA;Alaska;North Slope;Wevok;W166.09;N68.8719;12;
3;USA;Alaska;Northwest Arctic;Ambler;W157.851;N67.0861;12;
3;USA;Alaska;Northwest Arctic;Bornite;W156.943;N67.0592;12;
3;USA;Alaska;Northwest Arctic;Buckland;W161.123;N65.9797;12;
3;USA;Alaska;Northwest Arctic;Candle;W161.924;N65.9133;12;
3;USA;Alaska;Northwest Arctic;Chicago Creek;W162.449;N65.8944;12;
3;USA;Alaska;Northwest Arctic;Deering;W162.717;N66.0756;12;
3;USA;Alaska;Northwest Arctic;Elephant Point;W161.346;N66.2597;12;
3;USA;Alaska;Northwest Arctic;Espenberg;W163.965;N66.5928;12;
3;USA;Alaska;Northwest Arctic;Fink Creek;W163.019;N65.8956;12;
3;USA;Alaska;Northwest Arctic;Kalla;W156.644;N66.9003;12;
3;USA;Alaska;Northwest Arctic;Kiana;W160.423;N66.975;12;
3;USA;Alaska;Northwest Arctic;Kivalina;W164.533;N67.7269;12;
3;USA;Alaska;Northwest Arctic;Kiwalik;W161.842;N66.0228;12;
3;USA;Alaska;Northwest Arctic;Klery Creek;W160.403;N67.1794;12;
3;USA;Alaska;Northwest Arctic;Kobuk;W156.881;N66.9072;12;
3;USA;Alaska;Northwest Arctic;Kotzebue;W162.597;N66.8983;12;
3;USA;Alaska;Northwest Arctic;Noatak;W162.965;N67.5711;12;
3;USA;Alaska;Northwest Arctic;Noorvik;W161.033;N66.8383;12;
3;USA;Alaska;Northwest Arctic;Red Dog Mine;W162.856;N68.0756;12;
3;USA;Alaska;Northwest Arctic;Selawik;W160.007;N66.6039;12;
3;USA;Alaska;Northwest Arctic;Sheshalik;W162.828;N66.9942;12;
3;USA;Alaska;Northwest Arctic;Shungnak;W157.136;N66.8881;12;
3;USA;Alaska;Prince of Wales-Outer Ketchikan (CA);Annette;W131.542;N55.0617;12;
3;USA;Alaska;Prince of Wales-Outer Ketchikan (CA);Bell Island Hot Springs;W131.565;N55.9317;12;
3;USA;Alaska;Prince of Wales-Outer Ketchikan (CA);Cape Pole;W133.793;N55.965;12;
3;USA;Alaska;Prince of Wales-Outer Ketchikan (CA);Coffman Cove;W132.828;N56.0139;12;
3;USA;Alaska;Prince of Wales-Outer Ketchikan (CA);Craig;W133.148;N55.4764;12;
3;USA;Alaska;Prince of Wales-Outer Ketchikan (CA);Dora Bay;W132.295;N55.1889;12;
3;USA;Alaska;Prince of Wales-Outer Ketchikan (CA);Edna Bay;W133.662;N55.9489;12;
3;USA;Alaska;Prince of Wales-Outer Ketchikan (CA);Hadley;W132.287;N55.5347;12;
3;USA;Alaska;Prince of Wales-Outer Ketchikan (CA);Hollis;W132.636;N55.5567;12;
3;USA;Alaska;Prince of Wales-Outer Ketchikan (CA);Hydaburg;W132.827;N55.2081;12;
3;USA;Alaska;Prince of Wales-Outer Ketchikan (CA);Hyder;W130.025;N55.9169;12;
3;USA;Alaska;Prince of Wales-Outer Ketchikan (CA);Kasaan;W132.401;N55.5389;12;
3;USA;Alaska;Prince of Wales-Outer Ketchikan (CA);Klawock;W133.096;N55.5522;12;
3;USA;Alaska;Prince of Wales-Outer Ketchikan (CA);Labouchere Bay;W133.632;N56.2964;12;
3;USA;Alaska;Prince of Wales-Outer Ketchikan (CA);Long Island;W132.679;N54.9169;12;
3;USA;Alaska;Prince of Wales-Outer Ketchikan (CA);Metlakatla;W131.572;N55.1292;12;
3;USA;Alaska;Prince of Wales-Outer Ketchikan (CA);Meyers Chuck;W132.256;N55.7408;12;
3;USA;Alaska;Prince of Wales-Outer Ketchikan (CA);Naukati Bay;W133.185;N55.8736;12;
3;USA;Alaska;Prince of Wales-Outer Ketchikan (CA);Point Baker;W133.621;N56.3528;12;
3;USA;Alaska;Prince of Wales-Outer Ketchikan (CA);Polk Inlet;W132.546;N55.3497;12;
3;USA;Alaska;Prince of Wales-Outer Ketchikan (CA);Port Alexander;W133.644;N56.25;12;
3;USA;Alaska;Prince of Wales-Outer Ketchikan (CA);Port Alice;W133.603;N55.8264;12;
3;USA;Alaska;Prince of Wales-Outer Ketchikan (CA);Port Protection;W133.598;N56.3172;12;
3;USA;Alaska;Prince of Wales-Outer Ketchikan (CA);Salt Chuck;W132.554;N55.6264;12;
3;USA;Alaska;Prince of Wales-Outer Ketchikan (CA);Thorne Bay;W132.522;N55.6878;12;
3;USA;Alaska;Prince of Wales-Outer Ketchikan (CA);Tokeen;W133.325;N55.9375;12;
3;USA;Alaska;Prince of Wales-Outer Ketchikan (CA);Tokeen;W133.464;N55.9944;12;
3;USA;Alaska;Prince of Wales-Outer Ketchikan (CA);Waterfall;W133.241;N55.2972;12;
3;USA;Alaska;Prince of Wales-Outer Ketchikan (CA);Whale Pass;W133.121;N56.1153;12;
3;USA;Alaska;Sitka;Baranof;W134.833;N57.0894;12;
3;USA;Alaska;Sitka;Chatham;W134.944;N57.5153;12;
3;USA;Alaska;Sitka;Goddard;W135.373;N56.8353;12;
3;USA;Alaska;Sitka;Mount Edgecombe;W135.354;N57.0511;12;
3;USA;Alaska;Sitka;Port Alexander;W134.644;N56.2497;12;
3;USA;Alaska;Sitka;Port Armstrong;W134.662;N56.2969;12;
3;USA;Alaska;Sitka;Sitka;W135.33;N57.0531;12;
3;USA;Alaska;Sitka;Todd;W135.04;N57.4611;12;
3;USA;Alaska;Skagway-Hoonah-Angoon (CA);Angoon;W134.584;N57.5033;12;
3;USA;Alaska;Skagway-Hoonah-Angoon (CA);Bartlett Cove;W135.917;N58.45;12;
3;USA;Alaska;Skagway-Hoonah-Angoon (CA);Cannery;W135.096;N57.7853;12;
3;USA;Alaska;Skagway-Hoonah-Angoon (CA);Cube Cove;W134.711;N57.935;12;
3;USA;Alaska;Skagway-Hoonah-Angoon (CA);Elfin Cove;W136.343;N58.1944;12;
3;USA;Alaska;Skagway-Hoonah-Angoon (CA);Freshwater Bay;W135.079;N57.8917;12;
3;USA;Alaska;Skagway-Hoonah-Angoon (CA);Funter;W134.896;N58.2564;12;
3;USA;Alaska;Skagway-Hoonah-Angoon (CA);Game Creek;W135.508;N58.0567;12;
3;USA;Alaska;Skagway-Hoonah-Angoon (CA);Gustavus;W135.737;N58.4133;12;
3;USA;Alaska;Skagway-Hoonah-Angoon (CA);Hawk Inlet;W134.753;N58.1258;12;
3;USA;Alaska;Skagway-Hoonah-Angoon (CA);Hobart Bay;W133.353;N57.4658;12;
3;USA;Alaska;Skagway-Hoonah-Angoon (CA);Hood Bay;W134.399;N57.3825;12;
3;USA;Alaska;Skagway-Hoonah-Angoon (CA);Hoonah;W135.444;N58.11;12;
3;USA;Alaska;Skagway-Hoonah-Angoon (CA);Pelican;W136.227;N57.9608;12;
3;USA;Alaska;Skagway-Hoonah-Angoon (CA);Skagway;W135.314;N59.4583;12;
3;USA;Alaska;Skagway-Hoonah-Angoon (CA);Sunnyside;W136.252;N57.9828;12;
3;USA;Alaska;Skagway-Hoonah-Angoon (CA);Tenakee Springs;W135.219;N57.7808;12;
3;USA;Alaska;Skagway-Hoonah-Angoon (CA);Tyee;W134.543;N57.0406;12;
3;USA;Alaska;Skagway-Hoonah-Angoon (CA);Whitestone Logging Camp;W135.43;N58.0711;12;
3;USA;Alaska;Southeast Fairbanks (CA);Alcan;W141.188;N62.7231;12;
3;USA;Alaska;Southeast Fairbanks (CA);Big Delta;W145.842;N64.1525;12;
3;USA;Alaska;Southeast Fairbanks (CA);Charlieskin Village;W141.82;N62.9706;12;
3;USA;Alaska;Southeast Fairbanks (CA);Chicken;W141.936;N64.0733;12;
3;USA;Alaska;Southeast Fairbanks (CA);Delta Junction;W145.732;N64.0378;12;
3;USA;Alaska;Southeast Fairbanks (CA);Donnelly;W145.883;N63.6736;12;
3;USA;Alaska;Southeast Fairbanks (CA);Dot Lake Village;W144.044;N63.6508;12;
3;USA;Alaska;Southeast Fairbanks (CA);Dot Lake;W144.064;N63.6614;12;
3;USA;Alaska;Southeast Fairbanks (CA);Dry Creek;W144.665;N63.6533;12;
3;USA;Alaska;Southeast Fairbanks (CA);Eagle Village;W141.114;N64.7806;12;
3;USA;Alaska;Southeast Fairbanks (CA);Eagle;W141.2;N64.7881;12;
3;USA;Alaska;Southeast Fairbanks (CA);Jack Wade;W141.46;N64.1542;12;
3;USA;Alaska;Southeast Fairbanks (CA);Kathakne;W141.833;N62.9694;12;
3;USA;Alaska;Southeast Fairbanks (CA);Northway Junction;W141.777;N63.0022;12;
3;USA;Alaska;Southeast Fairbanks (CA);Northway Village;W141.952;N62.9822;12;
3;USA;Alaska;Southeast Fairbanks (CA);Northway;W141.937;N62.9617;12;
3;USA;Alaska;Southeast Fairbanks (CA);Tanacross;W143.346;N63.3853;12;
3;USA;Alaska;Southeast Fairbanks (CA);Tetlin Junction;W142.602;N63.3122;12;
3;USA;Alaska;Southeast Fairbanks (CA);Tok;W142.986;N63.3367;12;
3;USA;Alaska;Valdez-Cordova (CA);Alaganik;W145.216;N60.4442;12;
3;USA;Alaska;Valdez-Cordova (CA);Boswell Bay;W146.133;N60.4;12;
3;USA;Alaska;Valdez-Cordova (CA);Chenega Bay;W148.011;N60.0633;12;
3;USA;Alaska;Valdez-Cordova (CA);Chisana;W142.041;N62.0661;12;
3;USA;Alaska;Valdez-Cordova (CA);Chistochina;W144.665;N62.565;12;
3;USA;Alaska;Valdez-Cordova (CA);Chitina;W144.437;N61.5158;12;
3;USA;Alaska;Valdez-Cordova (CA);Copper Center;W145.305;N61.955;12;
3;USA;Alaska;Valdez-Cordova (CA);Copperville;W145.421;N62.0439;12;
3;USA;Alaska;Valdez-Cordova (CA);Cordova;W145.757;N60.5428;12;
3;USA;Alaska;Valdez-Cordova (CA);Crystal Falls;W145.729;N60.4858;12;
3;USA;Alaska;Valdez-Cordova (CA);Ellamar;W146.697;N60.8956;12;
3;USA;Alaska;Valdez-Cordova (CA);Eyak;W145.6;N60.525;12;
3;USA;Alaska;Valdez-Cordova (CA);Gakona Junction;W145.351;N62.2886;12;
3;USA;Alaska;Valdez-Cordova (CA);Gakona;W145.302;N62.3019;12;
3;USA;Alaska;Valdez-Cordova (CA);Glennallen;W145.546;N62.1092;12;
3;USA;Alaska;Valdez-Cordova (CA);Golden;W147.986;N60.97;12;
3;USA;Alaska;Valdez-Cordova (CA);Gulkana;W145.382;N62.2714;12;
3;USA;Alaska;Valdez-Cordova (CA);Katalla;W144.518;N60.1972;12;
3;USA;Alaska;Valdez-Cordova (CA);Kennicott;W142.886;N61.4864;12;
3;USA;Alaska;Valdez-Cordova (CA);Kenny Lake;W144.948;N61.7192;12;
3;USA;Alaska;Valdez-Cordova (CA);Latouche;W147.899;N60.0519;12;
3;USA;Alaska;Valdez-Cordova (CA);Lower Tonsina;W144.659;N61.655;12;
3;USA;Alaska;Valdez-Cordova (CA);May Creek;W142.693;N61.3486;12;
3;USA;Alaska;Valdez-Cordova (CA);McCarthy;W142.922;N61.4333;12;
3;USA;Alaska;Valdez-Cordova (CA);Meakerville;W145.008;N60.5417;12;
3;USA;Alaska;Valdez-Cordova (CA);Mendeltna Lodge;W146.538;N62.0494;12;
3;USA;Alaska;Valdez-Cordova (CA);Mendeltna;W146.45;N62.0661;12;
3;USA;Alaska;Valdez-Cordova (CA);Mentasta Lake;W143.769;N62.9211;12;
3;USA;Alaska;Valdez-Cordova (CA);Nabesna;W143.009;N62.3719;12;
3;USA;Alaska;Valdez-Cordova (CA);Nelchina;W146.769;N61.9919;12;
3;USA;Alaska;Valdez-Cordova (CA);Nuchek;W146.655;N60.3333;12;
3;USA;Alaska;Valdez-Cordova (CA);Old Valdez;W146.266;N61.1158;12;
3;USA;Alaska;Valdez-Cordova (CA);Orca;W145.7;N60.5722;12;
3;USA;Alaska;Valdez-Cordova (CA);Paxson;W145.613;N63.0897;12;
3;USA;Alaska;Valdez-Cordova (CA);Port Ashton;W148.052;N60.0575;12;
3;USA;Alaska;Valdez-Cordova (CA);Port San Juan;W148.067;N60.0508;12;
3;USA;Alaska;Valdez-Cordova (CA);Ptarmigan;W145.622;N61.1886;12;
3;USA;Alaska;Valdez-Cordova (CA);Strelna;W144.069;N61.5114;12;
3;USA;Alaska;Valdez-Cordova (CA);Tatitlek;W146.679;N60.8647;12;
3;USA;Alaska;Valdez-Cordova (CA);Tazlina;W146.455;N62.0639;12;
3;USA;Alaska;Valdez-Cordova (CA);Tolsona;W146.07;N62.0839;12;
3;USA;Alaska;Valdez-Cordova (CA);Tonsina;W145.175;N61.6558;12;
3;USA;Alaska;Valdez-Cordova (CA);Valdez;W146.348;N61.1308;12;
3;USA;Alaska;Valdez-Cordova (CA);Whitshed;W145.958;N60.4697;12;
3;USA;Alaska;Valdez-Cordova (CA);Whittier;W148.684;N60.7731;12;
3;USA;Alaska;Valdez-Cordova (CA);Wortmanns;W145.816;N61.1111;12;
3;USA;Alaska;Wade Hampton (CA);Akumsuk;W164.472;N62.7231;12;
3;USA;Alaska;Wade Hampton (CA);Alakanuk;W164.615;N62.6889;12;
3;USA;Alaska;Wade Hampton (CA);Arolokovik;W163.801;N62.3847;12;
3;USA;Alaska;Wade Hampton (CA);Bill Moores;W163.779;N62.9497;12;
3;USA;Alaska;Wade Hampton (CA);Black;W165.335;N62.3361;12;
3;USA;Alaska;Wade Hampton (CA);Chakaktolik;W163.622;N61.7683;12;
3;USA;Alaska;Wade Hampton (CA);Chaniliut;W163.393;N63.0411;12;
3;USA;Alaska;Wade Hampton (CA);Chevak;W165.586;N61.5278;12;
3;USA;Alaska;Wade Hampton (CA);Chuloonawick;W164.172;N62.9461;12;
3;USA;Alaska;Wade Hampton (CA);Emmonak;W164.523;N62.7778;12;
3;USA;Alaska;Wade Hampton (CA);Fish Village;W163.843;N62.5211;12;
3;USA;Alaska;Wade Hampton (CA);Hamilton;W163.894;N62.8961;12;
3;USA;Alaska;Wade Hampton (CA);Hooper Bay;W166.097;N61.5311;12;
3;USA;Alaska;Wade Hampton (CA);Igiak;W165.934;N61.6175;12;
3;USA;Alaska;Wade Hampton (CA);Ingrihak;W162.001;N61.7561;12;
3;USA;Alaska;Wade Hampton (CA);Kako Landing;W161.346;N61.8539;12;
3;USA;Alaska;Wade Hampton (CA);Kalak;W162.867;N61.95;12;
3;USA;Alaska;Wade Hampton (CA);Kanapak;W163.202;N61.8344;12;
3;USA;Alaska;Wade Hampton (CA);Kotlik;W163.553;N63.0342;12;
3;USA;Alaska;Wade Hampton (CA);Kravaksarak;W164.077;N62.8136;12;
3;USA;Alaska;Wade Hampton (CA);Kwigorlak;W163.433;N61.8069;12;
3;USA;Alaska;Wade Hampton (CA);Kwikpak;W164.411;N63.0708;12;
3;USA;Alaska;Wade Hampton (CA);Lamont;W164.396;N62.7067;12;
3;USA;Alaska;Wade Hampton (CA);Marshall;W162.081;N61.8778;12;
3;USA;Alaska;Wade Hampton (CA);Mountain Village;W163.729;N62.0856;12;
3;USA;Alaska;Wade Hampton (CA);New Fort Hamilton;W164.925;N62.7325;12;
3;USA;Alaska;Wade Hampton (CA);New Hamilton;W163.926;N62.7311;12;
3;USA;Alaska;Wade Hampton (CA);New Knockhock;W164.888;N62.1275;12;
3;USA;Alaska;Wade Hampton (CA);Nililak;W164.786;N62.5892;12;
3;USA;Alaska;Wade Hampton (CA);Nunam Iqua;W164.841;N62.5336;12;
3;USA;Alaska;Wade Hampton (CA);Ohogamiut;W161.864;N61.5678;12;
3;USA;Alaska;Wade Hampton (CA);Pastolik;W163.304;N62.9972;12;
3;USA;Alaska;Wade Hampton (CA);Pikmiktalik;W162.593;N63.2361;12;
3;USA;Alaska;Wade Hampton (CA);Pilot Station;W162.875;N61.9389;12;
3;USA;Alaska;Wade Hampton (CA);Pitkas Point;W163.288;N62.0328;12;
3;USA;Alaska;Wade Hampton (CA);Russian Mission;W161.32;N61.785;12;
3;USA;Alaska;Wade Hampton (CA);Saint Marys;W163.166;N62.0531;12;
3;USA;Alaska;Wade Hampton (CA);Scammon Bay;W165.582;N61.8428;12;
3;USA;Alaska;Wade Hampton (CA);Stuyahok;W160.951;N62.0603;12;
3;USA;Alaska;Wade Hampton (CA);Takshak;W162.177;N61.9578;12;
3;USA;Alaska;Wade Hampton (CA);Willow Creek;W161.908;N61.8083;12;
3;USA;Alaska;Wrangell-Petersburg (CA);Kake;W133.947;N56.9758;12;
3;USA;Alaska;Wrangell-Petersburg (CA);Kupreanof;W132.981;N56.8144;12;
3;USA;Alaska;Wrangell-Petersburg (CA);Petersburg;W132.956;N56.8125;12;
3;USA;Alaska;Wrangell-Petersburg (CA);Rowan Bay;W134.251;N56.6539;12;
3;USA;Alaska;Wrangell-Petersburg (CA);Saint John Harbor;W132.964;N56.4397;12;
3;USA;Alaska;Wrangell-Petersburg (CA);Scow Bay;W132.96;N56.7703;12;
3;USA;Alaska;Wrangell-Petersburg (CA);Thoms Place;W132.185;N56.2019;12;
3;USA;Alaska;Wrangell-Petersburg (CA);Wrangell;W132.377;N56.4708;12;
3;USA;Alaska;Yakutat;Situk;W139.555;N59.4353;12;
3;USA;Alaska;Yakutat;Yakutat;W139.727;N59.5469;12;
3;USA;Alaska;Yukon-Koyukuk (CA);Alatna;W152.707;N66.5572;12;
3;USA;Alaska;Yukon-Koyukuk (CA);Alexanders Village;W145.437;N66.7883;12;
3;USA;Alaska;Yukon-Koyukuk (CA);Allakaket;W152.646;N66.5656;12;
3;USA;Alaska;Yukon-Koyukuk (CA);Anvik;W160.207;N62.6561;12;
3;USA;Alaska;Yukon-Koyukuk (CA);Arctic Village;W145.538;N68.1269;12;
3;USA;Alaska;Yukon-Koyukuk (CA);Baker;W150.46;N64.9669;12;
3;USA;Alaska;Yukon-Koyukuk (CA);Beaver;W146.917;N66.5;12;
3;USA;Alaska;Yukon-Koyukuk (CA);Beaver;W147.396;N66.3594;12;
3;USA;Alaska;Yukon-Koyukuk (CA);Bettles;W151.516;N66.9189;12;
3;USA;Alaska;Yukon-Koyukuk (CA);Birches;W153.557;N65.135;12;
3;USA;Alaska;Yukon-Koyukuk (CA);Caro;W148.02;N67.1675;12;
3;USA;Alaska;Yukon-Koyukuk (CA);Central;W144.803;N65.5725;12;
3;USA;Alaska;Yukon-Koyukuk (CA);Chalkyitsik;W143.722;N66.6544;12;
3;USA;Alaska;Yukon-Koyukuk (CA);Chandalar;W148.494;N67.5053;12;
3;USA;Alaska;Yukon-Koyukuk (CA);Christian;W145.196;N67.36;12;
3;USA;Alaska;Yukon-Koyukuk (CA);Circle Hot Springs Station;W144.689;N65.4703;12;
3;USA;Alaska;Yukon-Koyukuk (CA);Circle Hot Springs;W144.634;N65.4833;12;
3;USA;Alaska;Yukon-Koyukuk (CA);Circle;W144.061;N65.8256;12;
3;USA;Alaska;Yukon-Koyukuk (CA);Coal Creek;W143.154;N65.3053;12;
3;USA;Alaska;Yukon-Koyukuk (CA);Coldfoot;W150.184;N67.2564;12;
3;USA;Alaska;Yukon-Koyukuk (CA);Deacons Landing;W156.02;N62.4692;12;
3;USA;Alaska;Yukon-Koyukuk (CA);Discovery;W157.934;N62.4525;12;
3;USA;Alaska;Yukon-Koyukuk (CA);Eureka;W150.214;N65.1794;12;
3;USA;Alaska;Yukon-Koyukuk (CA);Evansville;W151.508;N66.9228;12;
3;USA;Alaska;Yukon-Koyukuk (CA);Flat;W158.007;N62.4536;12;
3;USA;Alaska;Yukon-Koyukuk (CA);Folger;W156.083;N63.5617;12;
3;USA;Alaska;Yukon-Koyukuk (CA);Fort Yukon;W145.274;N66.5647;12;
3;USA;Alaska;Yukon-Koyukuk (CA);Galena;W156.928;N64.7333;12;
3;USA;Alaska;Yukon-Koyukuk (CA);Ganes Creek;W156.431;N63.0897;12;
3;USA;Alaska;Yukon-Koyukuk (CA);Gost Creek;W159.786;N62.2106;12;
3;USA;Alaska;Yukon-Koyukuk (CA);Grant Creek;W152.927;N65.1975;12;
3;USA;Alaska;Yukon-Koyukuk (CA);Grayling;W160.065;N62.9036;12;
3;USA;Alaska;Yukon-Koyukuk (CA);Hogatza;W155.717;N66.1897;12;
3;USA;Alaska;Yukon-Koyukuk (CA);Holikachuk;W159.518;N62.9097;12;
3;USA;Alaska;Yukon-Koyukuk (CA);Holy Cross;W159.771;N62.1994;12;
3;USA;Alaska;Yukon-Koyukuk (CA);Hughes;W154.256;N66.0489;12;
3;USA;Alaska;Yukon-Koyukuk (CA);Huslia;W156.4;N65.6986;12;
3;USA;Alaska;Yukon-Koyukuk (CA);Iditarod;W158.095;N62.5444;12;
3;USA;Alaska;Yukon-Koyukuk (CA);Kallands;W153.058;N65.1853;12;
3;USA;Alaska;Yukon-Koyukuk (CA);Kaltag;W158.722;N64.3272;12;
3;USA;Alaska;Yukon-Koyukuk (CA);Kokrines;W154.692;N64.9378;12;
3;USA;Alaska;Yukon-Koyukuk (CA);Koyukuk;W157.701;N64.8803;12;
3;USA;Alaska;Yukon-Koyukuk (CA);Lake Minchumina;W152.312;N63.8828;12;
3;USA;Alaska;Yukon-Koyukuk (CA);Livengood;W148.545;N65.5244;12;
3;USA;Alaska;Yukon-Koyukuk (CA);Long;W155.497;N64.4036;12;
3;USA;Alaska;Yukon-Koyukuk (CA);Manley Hot Springs;W150.634;N65.0011;12;
3;USA;Alaska;Yukon-Koyukuk (CA);McGrath;W155.596;N62.9564;12;
3;USA;Alaska;Yukon-Koyukuk (CA);Medfra;W154.714;N63.1067;12;
3;USA;Alaska;Yukon-Koyukuk (CA);Miller House;W145.216;N65.5242;12;
3;USA;Alaska;Yukon-Koyukuk (CA);Moore Creek;W157.142;N62.6006;12;
3;USA;Alaska;Yukon-Koyukuk (CA);Nenana;W149.093;N64.5639;12;
3;USA;Alaska;Yukon-Koyukuk (CA);Nikolai;W154.375;N63.0133;12;
3;USA;Alaska;Yukon-Koyukuk (CA);Nolan;W150.23;N67.4767;12;
3;USA;Alaska;Yukon-Koyukuk (CA);North Nenana;W149.114;N64.5789;12;
3;USA;Alaska;Yukon-Koyukuk (CA);Nulato;W158.103;N64.7194;12;
3;USA;Alaska;Yukon-Koyukuk (CA);Old Minto;W149.175;N64.8872;12;
3;USA;Alaska;Yukon-Koyukuk (CA);Old Rampart;W141.671;N67.1644;12;
3;USA;Alaska;Yukon-Koyukuk (CA);Ophir;W156.519;N63.1447;12;
3;USA;Alaska;Yukon-Koyukuk (CA);Paradise;W160.049;N62.4156;12;
3;USA;Alaska;Yukon-Koyukuk (CA);Poorman;W155.544;N64.0994;12;
3;USA;Alaska;Yukon-Koyukuk (CA);Rampart;W150.17;N65.505;12;
3;USA;Alaska;Yukon-Koyukuk (CA);Ruby;W155.487;N64.7394;12;
3;USA;Alaska;Yukon-Koyukuk (CA);Shageluk;W159.562;N62.6822;12;
3;USA;Alaska;Yukon-Koyukuk (CA);Stevens Village;W149.091;N66.0064;12;
3;USA;Alaska;Yukon-Koyukuk (CA);Sulatna Crossing;W155.464;N64.1892;12;
3;USA;Alaska;Yukon-Koyukuk (CA);Takotna;W156.064;N62.9886;12;
3;USA;Alaska;Yukon-Koyukuk (CA);Tanana;W152.079;N65.1719;12;
3;USA;Alaska;Yukon-Koyukuk (CA);Telida;W153.282;N63.3839;12;
3;USA;Alaska;Yukon-Koyukuk (CA);Tofty;W150.877;N65.0933;12;
3;USA;Alaska;Yukon-Koyukuk (CA);Toklat;W150.326;N64.4711;12;
3;USA;Alaska;Yukon-Koyukuk (CA);Venetie Landing;W145.992;N66.6106;12;
3;USA;Alaska;Yukon-Koyukuk (CA);Venetie;W146.419;N67.0139;12;
3;USA;Alaska;Yukon-Koyukuk (CA);Wiseman;W150.107;N67.41;12;
3;USA;Alaska;Yukon-Koyukuk (CA);Woodchopper;W151.009;N65.0511;12;
3;USA;Alaska;Yukon-Koyukuk (CA);Yistletaw;W157.373;N64.8225;12;
