2;USA;Delaware;Kent;;W75.5497;N39.0833;9;
2;USA;Delaware;New Castle;;W75.6331;N39.7917;9;
2;USA;Delaware;Sussex;;W75.4164;N38.7;9;
3;USA;Delaware;Kent;Adamsville;W75.6892;N38.8314;12;
3;USA;Delaware;Kent;Andrews Lake Estates;W75.5256;N39.0208;12;
3;USA;Delaware;Kent;Andrewsville;W75.635;N38.8614;12;
3;USA;Delaware;Kent;Anneville;W75.5192;N39.1292;12;
3;USA;Delaware;Kent;Argos Choice;W75.5097;N38.95;12;
3;USA;Delaware;Kent;Barkers Landing;W75.4572;N39.085;12;
3;USA;Delaware;Kent;Bay View Heights;W75.4017;N39.0547;12;
3;USA;Delaware;Kent;Beades Estate;W75.5297;N39.1142;12;
3;USA;Delaware;Kent;Beech Haven;W75.5956;N39.1958;12;
3;USA;Delaware;Kent;Berrytown;W75.5942;N39.0125;12;
3;USA;Delaware;Kent;Bethel;W75.5817;N39.2342;12;
3;USA;Delaware;Kent;Bethesda;W75.6928;N39.1375;12;
3;USA;Delaware;Kent;Bicentennial Village;W75.5539;N39.1653;12;
3;USA;Delaware;Kent;Big Oak Corners;W75.5886;N39.2694;12;
3;USA;Delaware;Kent;Big Pine;W75.6944;N38.8506;12;
3;USA;Delaware;Kent;Bishops Corner;W75.5758;N39.2236;12;
3;USA;Delaware;Kent;Blackiston;W75.7006;N39.2706;12;
3;USA;Delaware;Kent;Bowers Beach;W75.4014;N39.0597;12;
3;USA;Delaware;Kent;Breezewood;W75.5533;N39.0528;12;
3;USA;Delaware;Kent;Brenford;W75.6108;N39.2564;12;
3;USA;Delaware;Kent;Briar Park;W75.5442;N39.1061;12;
3;USA;Delaware;Kent;Brookdale Heights;W75.4925;N39.0839;12;
3;USA;Delaware;Kent;Brookfield;W75.5386;N39.0961;12;
3;USA;Delaware;Kent;Brookhaven Estates;W75.5;N39.0569;12;
3;USA;Delaware;Kent;Browns Corner;W75.5189;N39.0911;12;
3;USA;Delaware;Kent;Brownsville;W75.6797;N38.9136;12;
3;USA;Delaware;Kent;Burwood Farms;W75.5619;N39.0928;12;
3;USA;Delaware;Kent;Burwood;W75.5619;N39.0928;12;
3;USA;Delaware;Kent;Bush Manor;W75.5633;N39.2078;12;
3;USA;Delaware;Kent;Camden;W75.5419;N39.1133;12;
3;USA;Delaware;Kent;Candlewicke;W75.52;N39.1208;12;
3;USA;Delaware;Kent;Canterbury;W75.5556;N39.0425;12;
3;USA;Delaware;Kent;Capitol Green;W75.5169;N39.155;12;
3;USA;Delaware;Kent;Capitol Park;W75.5042;N39.1414;12;
3;USA;Delaware;Kent;Carlisle Village;W75.5789;N39.1875;12;
3;USA;Delaware;Kent;Carriage Lane;W75.5228;N39.1094;12;
3;USA;Delaware;Kent;Carter Development;W75.53;N39.1197;12;
3;USA;Delaware;Kent;Casson Corner;W75.6083;N39.1606;12;
3;USA;Delaware;Kent;Cedarbrook Acres;W75.6094;N39.2792;12;
3;USA;Delaware;Kent;Chapeltown;W75.6969;N39.0997;12;
3;USA;Delaware;Kent;Chaplecroft;W75.5386;N39.1208;12;
3;USA;Delaware;Kent;Chestnut Grove;W75.5717;N39.1694;12;
3;USA;Delaware;Kent;Cheswold;W75.5858;N39.2192;12;
3;USA;Delaware;Kent;Choptank Mills;W75.7353;N39.0669;12;
3;USA;Delaware;Kent;Church Hill Village;W75.4758;N38.9344;12;
3;USA;Delaware;Kent;Circle Haven Mobile Home Park;W75.5608;N38.9361;12;
3;USA;Delaware;Kent;Clayton;W75.6344;N39.2906;12;
3;USA;Delaware;Kent;Colmar Manor;W75.6094;N39.2833;12;
3;USA;Delaware;Kent;Coopers Corner;W75.5219;N39.1389;12;
3;USA;Delaware;Kent;Cowgills Corner;W75.4803;N39.1958;12;
3;USA;Delaware;Kent;Crossgates;W75.5358;N39.1389;12;
3;USA;Delaware;Kent;D and K Mobile Home Park;W75.5267;N38.9708;12;
3;USA;Delaware;Kent;Davis Corner;W75.6817;N39.1653;12;
3;USA;Delaware;Kent;Del Haven Estates;W75.5006;N39.0542;12;
3;USA;Delaware;Kent;Del Haven Estates;W75.5008;N39.0558;12;
3;USA;Delaware;Kent;Del Shire;W75.565;N39.2092;12;
3;USA;Delaware;Kent;Delshire;W75.5625;N39.2078;12;
3;USA;Delaware;Kent;Derby Shores;W75.5697;N39.0864;12;
3;USA;Delaware;Kent;Dinahs Corner;W75.6447;N39.1858;12;
3;USA;Delaware;Kent;Donas Landing;W75.4311;N39.2125;12;
3;USA;Delaware;Kent;Dover;W75.5244;N39.1581;12;
3;USA;Delaware;Kent;Downs Chapel;W75.7194;N39.2119;12;
3;USA;Delaware;Kent;Dupont Manor;W75.5489;N39.1964;12;
3;USA;Delaware;Kent;Dupont;W75.5636;N39.1944;12;
3;USA;Delaware;Kent;Dutch Neck Crossroads;W75.5158;N39.2861;12;
3;USA;Delaware;Kent;East Lake Gardens;W75.5247;N39.1736;12;
3;USA;Delaware;Kent;Eberton;W75.5719;N39.2208;12;
3;USA;Delaware;Kent;Eden Roc;W75.5967;N39.2;12;
3;USA;Delaware;Kent;Edge Hill;W75.5169;N39.1681;12;
3;USA;Delaware;Kent;Edwardsville;W75.7139;N38.9964;12;
3;USA;Delaware;Kent;Everetts Corner;W75.7461;N39.2006;12;
3;USA;Delaware;Kent;Fairfield Farms;W75.5261;N39.1231;12;
3;USA;Delaware;Kent;Fairview;W75.5358;N39.1694;12;
3;USA;Delaware;Kent;Farmington;W75.5786;N38.8692;12;
3;USA;Delaware;Kent;Felton Heights;W75.5658;N39.0208;12;
3;USA;Delaware;Kent;Felton Manor;W75.5678;N39.0069;12;
3;USA;Delaware;Kent;Felton Station;W75.5747;N39.0081;12;
3;USA;Delaware;Kent;Felton;W75.5781;N39.0083;12;
3;USA;Delaware;Kent;Fleming Corners;W75.5981;N38.9183;12;
3;USA;Delaware;Kent;Florence;W75.4636;N39.0833;12;
3;USA;Delaware;Kent;Fords Corner;W75.6997;N39.1925;12;
3;USA;Delaware;Kent;Forest Landing;W75.5033;N39.1175;12;
3;USA;Delaware;Kent;Forrest Grove Village Mobile Home Park;W75.6786;N39.1694;12;
3;USA;Delaware;Kent;Fox Hall;W75.5594;N39.1736;12;
3;USA;Delaware;Kent;Foxhall Courtside;W75.5878;N39.1767;12;
3;USA;Delaware;Kent;Frederica;W75.4658;N39.0089;12;
3;USA;Delaware;Kent;Frenchs Mobile Homes;W75.3667;N39.0078;12;
3;USA;Delaware;Kent;Garton Development;W75.5594;N39.1125;12;
3;USA;Delaware;Kent;Generals Greene;W75.4169;N39.1258;12;
3;USA;Delaware;Kent;George Meyers Development;W75.4983;N39.0897;12;
3;USA;Delaware;Kent;Goldsboro;W75.5197;N39.1567;12;
3;USA;Delaware;Kent;Granada Mobile Home Park;W75.5014;N39.0542;12;
3;USA;Delaware;Kent;Green Acres Mobile Home Park;W75.5364;N39.1144;12;
3;USA;Delaware;Kent;Green Briar;W75.6747;N39.1467;12;
3;USA;Delaware;Kent;Greens Corner;W75.6817;N38.9903;12;
3;USA;Delaware;Kent;Greens of Dover;W75.5581;N39.1639;12;
3;USA;Delaware;Kent;Greenview;W75.5247;N39.1181;12;
3;USA;Delaware;Kent;Greenville;W75.6619;N38.8861;12;
3;USA;Delaware;Kent;Hall Estates;W75.4622;N38.9397;12;
3;USA;Delaware;Kent;Hammville;W75.5781;N39.2272;12;
3;USA;Delaware;Kent;Harrington;W75.5778;N38.9236;12;
3;USA;Delaware;Kent;Hartly;W75.7133;N39.1686;12;
3;USA;Delaware;Kent;Haven Lake Estates;W75.4636;N38.9117;12;
3;USA;Delaware;Kent;Hay Point Landing;W75.5483;N39.3514;12;
3;USA;Delaware;Kent;Hazelwood;W75.5261;N39.2183;12;
3;USA;Delaware;Kent;Hazlettville;W75.6422;N39.1164;12;
3;USA;Delaware;Kent;Hedgerow Hollow Mobile Home Park;W75.5906;N39.2708;12;
3;USA;Delaware;Kent;Hickman;W75.7228;N38.8331;12;
3;USA;Delaware;Kent;Hickory Dale Acres;W75.5622;N39.2117;12;
3;USA;Delaware;Kent;Hickory Ridge;W75.5928;N39.2506;12;
3;USA;Delaware;Kent;Hideaway Acres;W75.4964;N39.0867;12;
3;USA;Delaware;Kent;Highland Acres;W75.5219;N39.1208;12;
3;USA;Delaware;Kent;Hilldale;W75.4817;N39.1958;12;
3;USA;Delaware;Kent;Hillside Acres;W75.5428;N39.0317;12;
3;USA;Delaware;Kent;Hoars Addition;W75.5831;N39.2139;12;
3;USA;Delaware;Kent;Hollandsville;W75.6661;N38.9853;12;
3;USA;Delaware;Kent;Holletts Corners;W75.7328;N39.2894;12;
3;USA;Delaware;Kent;Hopkins Corners;W75.6767;N38.955;12;
3;USA;Delaware;Kent;Hourglass;W75.6822;N39.1269;12;
3;USA;Delaware;Kent;Houston;W75.5053;N38.9175;12;
3;USA;Delaware;Kent;Hughes Crossing;W75.5711;N39.2022;12;
3;USA;Delaware;Kent;Hughes Crossroads;W75.6969;N38.9711;12;
3;USA;Delaware;Kent;Huntley Circle;W75.5217;N39.1367;12;
3;USA;Delaware;Kent;Huntley;W75.52;N39.1369;12;
3;USA;Delaware;Kent;I and I Mobile Home Park;W75.5789;N38.9831;12;
3;USA;Delaware;Kent;Kent Acres;W75.525;N39.1317;12;
3;USA;Delaware;Kent;Kenton;W75.6631;N39.2275;12;
3;USA;Delaware;Kent;Kings Cliff Mobile Home Park;W75.4964;N39.1389;12;
3;USA;Delaware;Kent;Kitts Hummock;W75.4022;N39.1025;12;
3;USA;Delaware;Kent;Laffertys Corner;W75.4858;N39.1506;12;
3;USA;Delaware;Kent;Lake Forest Mobile Home Est;W75.5661;N38.9847;12;
3;USA;Delaware;Kent;Lakewind III;W75.5108;N39.0342;12;
3;USA;Delaware;Kent;Lakewind;W75.5122;N39.0319;12;
3;USA;Delaware;Kent;Laurel Bend;W75.5108;N39.1364;12;
3;USA;Delaware;Kent;Lawndale;W75.5906;N39.2764;12;
3;USA;Delaware;Kent;Layton Corners;W75.6931;N38.8989;12;
3;USA;Delaware;Kent;Lebanon;W75.5006;N39.1114;12;
3;USA;Delaware;Kent;Leipsic;W75.5169;N39.2408;12;
3;USA;Delaware;Kent;Lexington Mill;W75.5092;N39.0383;12;
3;USA;Delaware;Kent;Little Creek Landing;W75.445;N39.1608;12;
3;USA;Delaware;Kent;Little Creek;W75.4483;N39.1669;12;
3;USA;Delaware;Kent;Little Heaven;W75.4567;N39.0417;12;
3;USA;Delaware;Kent;Locustville;W75.4942;N39.0739;12;
3;USA;Delaware;Kent;London Village;W75.5308;N39.0694;12;
3;USA;Delaware;Kent;Lone Star Mobile Home Park;W75.5372;N39.1147;12;
3;USA;Delaware;Kent;Long Point Landing;W75.6206;N39.3075;12;
3;USA;Delaware;Kent;Lords Corner;W75.7233;N39.0144;12;
3;USA;Delaware;Kent;Lower Moores Corner;W75.5858;N39.1814;12;
3;USA;Delaware;Kent;Lynch Heights;W75.4256;N38.9522;12;
3;USA;Delaware;Kent;Magnolia Mobile Home Park;W75.4819;N39.0656;12;
3;USA;Delaware;Kent;Magnolia;W75.4761;N39.0711;12;
3;USA;Delaware;Kent;Mahan;W75.7175;N39.0658;12;
3;USA;Delaware;Kent;Marker Estates;W75.5697;N39.2078;12;
3;USA;Delaware;Kent;Marvels Crossroads;W75.5172;N38.9275;12;
3;USA;Delaware;Kent;Marydel;W75.7444;N39.1122;12;
3;USA;Delaware;Kent;Mastens Corner;W75.6175;N38.9686;12;
3;USA;Delaware;Kent;Mayfair;W75.5372;N39.1333;12;
3;USA;Delaware;Kent;McKnatt Corners;W75.6786;N38.9408;12;
3;USA;Delaware;Kent;Meadow Glen;W75.5364;N39.1186;12;
3;USA;Delaware;Kent;Meadowbrook Acres;W75.54;N39.0647;12;
3;USA;Delaware;Kent;Melvin Crossroads;W75.7211;N38.9186;12;
3;USA;Delaware;Kent;Melvins Crossroads;W75.5256;N38.9644;12;
3;USA;Delaware;Kent;Melvins;W75.5228;N38.9433;12;
3;USA;Delaware;Kent;Mifflin Meadows;W75.5472;N39.0883;12;
3;USA;Delaware;Kent;Minners Corners;W75.6303;N38.9706;12;
3;USA;Delaware;Kent;Moores Corner;W75.6056;N39.2094;12;
3;USA;Delaware;Kent;Moores Lake Development;W75.5169;N39.125;12;
3;USA;Delaware;Kent;Morris Estates;W75.52;N39.1464;12;
3;USA;Delaware;Kent;Nandains Landing;W75.5275;N39.2625;12;
3;USA;Delaware;Kent;North Shores;W75.4478;N38.9153;12;
3;USA;Delaware;Kent;Oak Forest Estates;W75.7033;N39.1842;12;
3;USA;Delaware;Kent;Oak Grove;W75.4894;N39.1564;12;
3;USA;Delaware;Kent;Oak Point Acres;W75.6614;N39.0992;12;
3;USA;Delaware;Kent;Orchard Acres;W75.5444;N39.0328;12;
3;USA;Delaware;Kent;Paden Corner;W75.6125;N39.1556;12;
3;USA;Delaware;Kent;Palmer Park;W75.54;N39.1028;12;
3;USA;Delaware;Kent;Paris Villa;W75.5289;N39.0647;12;
3;USA;Delaware;Kent;Pearson Grove;W75.7533;N39.2289;12;
3;USA;Delaware;Kent;Pearsons Corner;W75.6497;N39.1539;12;
3;USA;Delaware;Kent;Pennwood;W75.5131;N39.1272;12;
3;USA;Delaware;Kent;Petersburg;W75.6483;N39.0492;12;
3;USA;Delaware;Kent;Pleasanton Acres;W75.5039;N39.2;12;
3;USA;Delaware;Kent;Plymouth;W75.5617;N39.0311;12;
3;USA;Delaware;Kent;Port Mahon;W75.4011;N39.1853;12;
3;USA;Delaware;Kent;Postles Corner;W75.4481;N39.1347;12;
3;USA;Delaware;Kent;Powelton;W75.5753;N38.8869;12;
3;USA;Delaware;Kent;Probst Mobile Home Park;W75.6358;N39.1122;12;
3;USA;Delaware;Kent;Reeves Crossing;W75.5781;N38.9833;12;
3;USA;Delaware;Kent;Richardson Estates;W75.5164;N39.1139;12;
3;USA;Delaware;Kent;Rising Sun Mobile Home Park;W75.5114;N39.0969;12;
3;USA;Delaware;Kent;Rising Sun;W75.5156;N39.1003;12;
3;USA;Delaware;Kent;Riverdale Estates Mobile Home Park;W75.5831;N39.0347;12;
3;USA;Delaware;Kent;Riverview;W75.5108;N39.0264;12;
3;USA;Delaware;Kent;Rodney Village;W75.5325;N39.1319;12;
3;USA;Delaware;Kent;Rodric Village;W75.5178;N39.1314;12;
3;USA;Delaware;Kent;Roesville;W75.5283;N38.9978;12;
3;USA;Delaware;Kent;Royal Grant;W75.5258;N39.1122;12;
3;USA;Delaware;Kent;Sabarto East;W75.5689;N39.2106;12;
3;USA;Delaware;Kent;Sandtown;W75.7189;N39.0333;12;
3;USA;Delaware;Kent;Schoolview;W75.5025;N39.1542;12;
3;USA;Delaware;Kent;Schultie Crossroads;W75.735;N38.9953;12;
3;USA;Delaware;Kent;Scrap Tavern Crossroads;W75.5278;N39.0061;12;
3;USA;Delaware;Kent;Seeneytown;W75.6658;N39.1997;12;
3;USA;Delaware;Kent;Seven Hickories;W75.6294;N39.2161;12;
3;USA;Delaware;Kent;Shady Lane;W75.5178;N39.1189;12;
3;USA;Delaware;Kent;Shaws Corner;W75.6489;N39.2031;12;
3;USA;Delaware;Kent;Sherwood;W75.5344;N39.1431;12;
3;USA;Delaware;Kent;Shorts Corner;W75.6725;N39.2064;12;
3;USA;Delaware;Kent;Shorts Landing;W75.5356;N39.3497;12;
3;USA;Delaware;Kent;Six Forks;W75.5297;N38.8883;12;
3;USA;Delaware;Kent;Slaughter;W75.715;N39.1594;12;
3;USA;Delaware;Kent;Smith Crossroads;W75.7158;N39.095;12;
3;USA;Delaware;Kent;Smyrna Landing;W75.5936;N39.3081;12;
3;USA;Delaware;Kent;Smyrna;W75.6047;N39.2997;12;
3;USA;Delaware;Kent;South Bowers;W75.3975;N39.0572;12;
3;USA;Delaware;Kent;Southwood Acres Mobile Home Park;W75.5047;N39.0525;12;
3;USA;Delaware;Kent;Spring Hill;W75.4317;N38.9667;12;
3;USA;Delaware;Kent;Spruance City;W75.6164;N39.2944;12;
3;USA;Delaware;Kent;Star Hill Village;W75.5372;N39.1;12;
3;USA;Delaware;Kent;Star Hill;W75.5406;N39.1053;12;
3;USA;Delaware;Kent;Taylor Estates;W75.5297;N39.1278;12;
3;USA;Delaware;Kent;Taylors Gut Landing;W75.515;N39.3275;12;
3;USA;Delaware;Kent;The Blades;W75.5289;N39.1167;12;
3;USA;Delaware;Kent;The Flying Dutchman Mobile Home Park;W75.5539;N39.0386;12;
3;USA;Delaware;Kent;The Hamlet;W75.5483;N39.1694;12;
3;USA;Delaware;Kent;Thompsonville;W75.3897;N38.9994;12;
3;USA;Delaware;Kent;Tidbury Creek Park Mobile Home Park;W75.5147;N39.1128;12;
3;USA;Delaware;Kent;Tidbury Manor;W75.5144;N39.1161;12;
3;USA;Delaware;Kent;Towne Point;W75.5164;N39.1778;12;
3;USA;Delaware;Kent;Turnkey;W75.5475;N39.0881;12;
3;USA;Delaware;Kent;Twin Eagle Farms;W75.7122;N39.2806;12;
3;USA;Delaware;Kent;Underwood Corner;W75.6803;N39.2444;12;
3;USA;Delaware;Kent;Vernon;W75.6528;N38.8933;12;
3;USA;Delaware;Kent;Village of Garrison Lake;W75.5894;N39.2589;12;
3;USA;Delaware;Kent;Viola;W75.5719;N39.0428;12;
3;USA;Delaware;Kent;Voshell Cove;W75.6047;N39.1689;12;
3;USA;Delaware;Kent;Voshell Mill;W75.5286;N39.0981;12;
3;USA;Delaware;Kent;Warren Landing;W75.4256;N39.0631;12;
3;USA;Delaware;Kent;Warrington Manor;W75.5636;N38.9333;12;
3;USA;Delaware;Kent;Webb Landing;W75.3933;N39.0461;12;
3;USA;Delaware;Kent;Wedgewood;W75.5428;N39.1333;12;
3;USA;Delaware;Kent;Whigville;W75.6719;N39.2222;12;
3;USA;Delaware;Kent;Whispering Pines Mobile Home Park;W75.5172;N39.0942;12;
3;USA;Delaware;Kent;White Hall;W75.5956;N39.0408;12;
3;USA;Delaware;Kent;White House Landing;W75.4664;N39.0875;12;
3;USA;Delaware;Kent;White Oak Farms;W75.5094;N39.175;12;
3;USA;Delaware;Kent;Whitehall Crossroads;W75.5214;N39.2683;12;
3;USA;Delaware;Kent;Whitehall Landing;W75.4767;N39.2506;12;
3;USA;Delaware;Kent;Whiteleysburg;W75.7317;N38.9575;12;
3;USA;Delaware;Kent;Williamsville;W75.51;N38.8956;12;
3;USA;Delaware;Kent;Willow Grove;W75.6283;N39.0708;12;
3;USA;Delaware;Kent;Windy Way;W75.5892;N39.2603;12;
3;USA;Delaware;Kent;Winmill;W75.5167;N39.0267;12;
3;USA;Delaware;Kent;Woodbury;W75.5536;N39.0389;12;
3;USA;Delaware;Kent;Woodcrest;W75.5414;N39.1736;12;
3;USA;Delaware;Kent;Wooden Bridge;W75.525;N39.0308;12;
3;USA;Delaware;Kent;Woodland Beach;W75.4747;N39.3333;12;
3;USA;Delaware;Kent;Woodland Court Mobile Home Park;W75.5831;N39.3067;12;
3;USA;Delaware;Kent;Woods Haven;W75.4136;N38.9306;12;
3;USA;Delaware;Kent;Woods Manor East;W75.5086;N39.1308;12;
3;USA;Delaware;Kent;Woods Manor;W75.5189;N39.1297;12;
3;USA;Delaware;Kent;Woodside;W75.5683;N39.0714;12;
3;USA;Delaware;Kent;Woodstock Court;W75.5492;N39.1583;12;
3;USA;Delaware;Kent;Wrights Crossroads;W75.7303;N39.1517;12;
3;USA;Delaware;Kent;Wyoming;W75.5589;N39.1181;12;
3;USA;Delaware;Kent;Zurkow Development;W75.5597;N39.165;12;
3;USA;Delaware;New Castle;Addick Estates;W75.4497;N39.8028;12;
3;USA;Delaware;New Castle;Afton;W75.4808;N39.8269;12;
3;USA;Delaware;New Castle;Ainsley Woods;W75.7081;N39.7625;12;
3;USA;Delaware;New Castle;Airmont Acres;W75.6742;N39.5311;12;
3;USA;Delaware;New Castle;Alapocas;W75.5594;N39.7708;12;
3;USA;Delaware;New Castle;Alban Park;W75.5747;N39.7292;12;
3;USA;Delaware;New Castle;Albertson Park;W75.6275;N39.7417;12;
3;USA;Delaware;New Castle;Albertson;W75.6275;N39.7403;12;
3;USA;Delaware;New Castle;Albion;W75.6622;N39.7139;12;
3;USA;Delaware;New Castle;Alisa Estates;W75.6381;N39.3461;12;
3;USA;Delaware;New Castle;Amaranth;W75.7831;N39.7139;12;
3;USA;Delaware;New Castle;Anglesey;W75.6161;N39.7589;12;
3;USA;Delaware;New Castle;Aniline Village;W75.4428;N39.8139;12;
3;USA;Delaware;New Castle;Arbor Pointe Apartments;W75.6475;N39.7114;12;
3;USA;Delaware;New Castle;Arbour Park;W75.765;N39.6542;12;
3;USA;Delaware;New Castle;Arden;W75.4867;N39.8092;12;
3;USA;Delaware;New Castle;Ardencroft;W75.4914;N39.8042;12;
3;USA;Delaware;New Castle;Ardentown;W75.4831;N39.8083;12;
3;USA;Delaware;New Castle;Armstrong;W75.7167;N39.4806;12;
3;USA;Delaware;New Castle;Arundel;W75.6678;N39.7361;12;
3;USA;Delaware;New Castle;Ashbourne Hills;W75.4678;N39.8097;12;
3;USA;Delaware;New Castle;Ashland;W75.6572;N39.7997;12;
3;USA;Delaware;New Castle;Ashley Heights;W75.5792;N39.7253;12;
3;USA;Delaware;New Castle;Ashley;W75.5831;N39.7292;12;
3;USA;Delaware;New Castle;Auburn Hills;W75.6928;N39.8042;12;
3;USA;Delaware;New Castle;Auburn;W75.6886;N39.8083;12;
3;USA;Delaware;New Castle;Augustine Hills;W75.5506;N39.7636;12;
3;USA;Delaware;New Castle;Augustine;W75.5539;N39.7639;12;
3;USA;Delaware;New Castle;Avalon;W75.6219;N39.7306;12;
3;USA;Delaware;New Castle;Barkley;W75.5186;N39.8319;12;
3;USA;Delaware;New Castle;Barley Woods;W75.6131;N39.7728;12;
3;USA;Delaware;New Castle;Basin Corner;W75.59;N39.6806;12;
3;USA;Delaware;New Castle;Bayview Manor;W75.6122;N39.6389;12;
3;USA;Delaware;New Castle;Beacon Hill;W75.5069;N39.8244;12;
3;USA;Delaware;New Castle;Bear;W75.6583;N39.6292;12;
3;USA;Delaware;New Castle;Beaver Brook Apartments;W75.6228;N39.6403;12;
3;USA;Delaware;New Castle;Beaver Valley;W75.5642;N39.8392;12;
3;USA;Delaware;New Castle;Becks Landing;W75.6986;N39.6236;12;
3;USA;Delaware;New Castle;Beech Hill;W75.7275;N39.7503;12;
3;USA;Delaware;New Castle;Beechers Lot;W75.7039;N39.6439;12;
3;USA;Delaware;New Castle;Beechwold;W75.5297;N39.7814;12;
3;USA;Delaware;New Castle;Belford Manor;W75.6519;N39.7333;12;
3;USA;Delaware;New Castle;Bella Vista;W75.6817;N39.7653;12;
3;USA;Delaware;New Castle;Bellefonte;W75.5094;N39.7661;12;
3;USA;Delaware;New Castle;Bellevue;W75.4836;N39.7708;12;
3;USA;Delaware;New Castle;Bellewood;W75.5297;N39.7917;12;
3;USA;Delaware;New Castle;Belltown Woods;W75.7231;N39.6111;12;
3;USA;Delaware;New Castle;Belmoor;W75.5928;N39.725;12;
3;USA;Delaware;New Castle;Belvidere;W75.6156;N39.7219;12;
3;USA;Delaware;New Castle;Benton;W75.5186;N39.8111;12;
3;USA;Delaware;New Castle;Berkeley Farms;W75.7386;N39.7556;12;
3;USA;Delaware;New Castle;Berkeley Ridge;W75.6803;N39.7819;12;
3;USA;Delaware;New Castle;Bestfield;W75.6081;N39.7194;12;
3;USA;Delaware;New Castle;Beverly Woods;W75.4797;N39.82;12;
3;USA;Delaware;New Castle;Biddles Corner;W75.6492;N39.525;12;
3;USA;Delaware;New Castle;Birch Knoll;W75.5042;N39.8325;12;
3;USA;Delaware;New Castle;Birch Pointe;W75.6997;N39.7069;12;
3;USA;Delaware;New Castle;Birchwood Park;W75.69;N39.6764;12;
3;USA;Delaware;New Castle;Birds Corner;W75.6403;N39.5633;12;
3;USA;Delaware;New Castle;Blackbird Landing;W75.6358;N39.3889;12;
3;USA;Delaware;New Castle;Blackbird;W75.6592;N39.3708;12;
3;USA;Delaware;New Castle;Blue Ball;W75.5447;N39.7772;12;
3;USA;Delaware;New Castle;Blue Rock Manor;W75.5428;N39.7958;12;
3;USA;Delaware;New Castle;Bon Ayre;W75.6708;N39.7803;12;
3;USA;Delaware;New Castle;Boulder Brook;W75.5225;N39.7961;12;
3;USA;Delaware;New Castle;Boxwood;W75.5969;N39.7264;12;
3;USA;Delaware;New Castle;Boyds Corner;W75.6492;N39.5;12;
3;USA;Delaware;New Castle;Brackenville Woods;W75.6614;N39.7903;12;
3;USA;Delaware;New Castle;Brackenville;W75.6831;N39.7806;12;
3;USA;Delaware;New Castle;Brandon;W75.5242;N39.8258;12;
3;USA;Delaware;New Castle;Brandywine Estates;W75.4831;N39.7889;12;
3;USA;Delaware;New Castle;Brandywine Forge;W75.5219;N39.8333;12;
3;USA;Delaware;New Castle;Brandywine Hills;W75.5247;N39.7681;12;
3;USA;Delaware;New Castle;Brandywine Springs Manor;W75.6372;N39.7486;12;
3;USA;Delaware;New Castle;Brandywine Springs;W75.6442;N39.7444;12;
3;USA;Delaware;New Castle;Brandywine;W75.5344;N39.8294;12;
3;USA;Delaware;New Castle;Brandywood;W75.5081;N39.8208;12;
3;USA;Delaware;New Castle;Breezewood II;W75.7053;N39.66;12;
3;USA;Delaware;New Castle;Brick Store;W75.5728;N39.3219;12;
3;USA;Delaware;New Castle;Bridleshire Farms;W75.7303;N39.7639;12;
3;USA;Delaware;New Castle;Bristle Knoll;W75.7817;N39.7167;12;
3;USA;Delaware;New Castle;Brookhaven;W75.6911;N39.6967;12;
3;USA;Delaware;New Castle;Brookhill Farms;W75.6858;N39.7758;12;
3;USA;Delaware;New Castle;Brookland Terrace;W75.6236;N39.7433;12;
3;USA;Delaware;New Castle;Brookmeade;W75.6289;N39.7542;12;
3;USA;Delaware;New Castle;Brookmont Farms;W75.6922;N39.6278;12;
3;USA;Delaware;New Castle;Brookside;W75.7269;N39.6669;12;
3;USA;Delaware;New Castle;Buckingham Heights;W75.4969;N39.8064;12;
3;USA;Delaware;New Castle;Buttonwood;W75.5567;N39.6833;12;
3;USA;Delaware;New Castle;Cameron Hills;W75.6942;N39.7931;12;
3;USA;Delaware;New Castle;Canby Park Estates;W75.5817;N39.7389;12;
3;USA;Delaware;New Castle;Cantebury, Village of;W75.6294;N39.6453;12;
3;USA;Delaware;New Castle;Canterbury Hills;W75.6539;N39.7625;12;
3;USA;Delaware;New Castle;Capital Trail Farms;W75.6456;N39.7292;12;
3;USA;Delaware;New Castle;Caravel Farms;W75.7206;N39.5958;12;
3;USA;Delaware;New Castle;Cardiff;W75.5381;N39.8133;12;
3;USA;Delaware;New Castle;Carousel Knoll;W75.6747;N39.7292;12;
3;USA;Delaware;New Castle;Carpenter;W75.4644;N39.8183;12;
3;USA;Delaware;New Castle;Carrcroft Crest;W75.5039;N39.7917;12;
3;USA;Delaware;New Castle;Carrcroft;W75.5061;N39.7875;12;
3;USA;Delaware;New Castle;Castle Apartments;W75.5875;N39.6722;12;
3;USA;Delaware;New Castle;Castle Hills;W75.5647;N39.6864;12;
3;USA;Delaware;New Castle;Catalina Gardens;W75.7456;N39.6514;12;
3;USA;Delaware;New Castle;Cavaliers Country Club Apartments;W75.6464;N39.6844;12;
3;USA;Delaware;New Castle;Cedar Brae Farm;W75.6822;N39.3647;12;
3;USA;Delaware;New Castle;Cedar Farms;W75.7081;N39.6328;12;
3;USA;Delaware;New Castle;Cedar Heights;W75.6164;N39.7208;12;
3;USA;Delaware;New Castle;Cedars Knoll;W75.6353;N39.7444;12;
3;USA;Delaware;New Castle;Cedars;W75.6372;N39.7417;12;
3;USA;Delaware;New Castle;Centennial Village;W75.6594;N39.6397;12;
3;USA;Delaware;New Castle;Centerville;W75.6167;N39.8214;12;
3;USA;Delaware;New Castle;Chalfonte;W75.5328;N39.8189;12;
3;USA;Delaware;New Castle;Chambersville;W75.5789;N39.3636;12;
3;USA;Delaware;New Castle;Champlin Village;W75.5933;N39.7286;12;
3;USA;Delaware;New Castle;Channin;W75.5094;N39.8311;12;
3;USA;Delaware;New Castle;Chapel Hill;W75.7311;N39.7014;12;
3;USA;Delaware;New Castle;Charter Oaks;W75.6872;N39.7833;12;
3;USA;Delaware;New Castle;Chatham;W75.5164;N39.8042;12;
3;USA;Delaware;New Castle;Chelsea Estates;W75.5936;N39.6911;12;
3;USA;Delaware;New Castle;Chelsea Estates;W75.5956;N39.6917;12;
3;USA;Delaware;New Castle;Cherokee Woods;W75.7094;N39.675;12;
3;USA;Delaware;New Castle;Cherry Hill;W75.7728;N39.6819;12;
3;USA;Delaware;New Castle;Chestnut Hill Estates;W75.7067;N39.6792;12;
3;USA;Delaware;New Castle;Choate;W75.6956;N39.7022;12;
3;USA;Delaware;New Castle;Christiana Acres;W75.6192;N39.6889;12;
3;USA;Delaware;New Castle;Christiana Green;W75.6794;N39.6542;12;
3;USA;Delaware;New Castle;Christiana Landing;W75.6578;N39.65;12;
3;USA;Delaware;New Castle;Christiana Village;W75.6644;N39.6653;12;
3;USA;Delaware;New Castle;Christiana;W75.66;N39.665;12;
3;USA;Delaware;New Castle;Christina Manor;W75.7872;N39.6792;12;
3;USA;Delaware;New Castle;Church Hill;W75.6733;N39.7722;12;
3;USA;Delaware;New Castle;Claridge Court;W75.6211;N39.6483;12;
3;USA;Delaware;New Castle;Clay Acres;W75.7122;N39.5931;12;
3;USA;Delaware;New Castle;Claymont Addition;W75.4706;N39.7986;12;
3;USA;Delaware;New Castle;Claymont Heights;W75.4706;N39.7958;12;
3;USA;Delaware;New Castle;Claymont;W75.4597;N39.8006;12;
3;USA;Delaware;New Castle;Clearfield;W75.5942;N39.7319;12;
3;USA;Delaware;New Castle;Clearview Manor;W75.5678;N39.7056;12;
3;USA;Delaware;New Castle;Cleland Heights;W75.5747;N39.7347;12;
3;USA;Delaware;New Castle;Clermont;W75.5272;N39.7889;12;
3;USA;Delaware;New Castle;Clifton Park Manor;W75.5122;N39.7583;12;
3;USA;Delaware;New Castle;Coach Hill;W75.7053;N39.7117;12;
3;USA;Delaware;New Castle;Coffee Run;W75.6581;N39.7514;12;
3;USA;Delaware;New Castle;Cokesbury Village;W75.6581;N39.775;12;
3;USA;Delaware;New Castle;College Park;W75.7692;N39.6736;12;
3;USA;Delaware;New Castle;Collins Beach;W75.5219;N39.3853;12;
3;USA;Delaware;New Castle;Collins Park;W75.5564;N39.6861;12;
3;USA;Delaware;New Castle;Colonial Heights;W75.5844;N39.7472;12;
3;USA;Delaware;New Castle;Colonial Village Apartments;W75.5686;N39.6847;12;
3;USA;Delaware;New Castle;Colony Hills;W75.6094;N39.7111;12;
3;USA;Delaware;New Castle;Concord Hills;W75.5456;N39.8339;12;
3;USA;Delaware;New Castle;Concord Manor;W75.5414;N39.8056;12;
3;USA;Delaware;New Castle;Concord Towers;W75.6797;N39.6742;12;
3;USA;Delaware;New Castle;Concord;W75.5428;N39.7642;12;
3;USA;Delaware;New Castle;Cooper Farm;W75.6414;N39.7403;12;
3;USA;Delaware;New Castle;Corbit;W75.6594;N39.5881;12;
3;USA;Delaware;New Castle;Corner Ketch;W75.7411;N39.7492;12;
3;USA;Delaware;New Castle;Cornish Hills;W75.7081;N39.7708;12;
3;USA;Delaware;New Castle;Cottage Mill;W75.7547;N39.6533;12;
3;USA;Delaware;New Castle;Countryside Farms;W75.7167;N39.5886;12;
3;USA;Delaware;New Castle;Coventry;W75.6358;N39.6722;12;
3;USA;Delaware;New Castle;Covered Bridge Farms;W75.7831;N39.7;12;
3;USA;Delaware;New Castle;Cranston Heights;W75.6306;N39.7333;12;
3;USA;Delaware;New Castle;Crestfield;W75.4972;N39.8208;12;
3;USA;Delaware;New Castle;Cricket Hill;W75.715;N39.7889;12;
3;USA;Delaware;New Castle;Cristine Manor;W75.7831;N39.6889;12;
3;USA;Delaware;New Castle;Crystal Run Farm;W75.7;N39.515;12;
3;USA;Delaware;New Castle;Daniels Tract;W75.5344;N39.3833;12;
3;USA;Delaware;New Castle;Darley Woods;W75.4733;N39.8167;12;
3;USA;Delaware;New Castle;Dartmouth Woods;W75.5108;N39.8333;12;
3;USA;Delaware;New Castle;Deacons Walk;W75.7164;N39.725;12;
3;USA;Delaware;New Castle;Deakyneville;W75.5444;N39.3692;12;
3;USA;Delaware;New Castle;Deep Branch Farm;W75.7103;N39.4258;12;
3;USA;Delaware;New Castle;Deer Run;W75.715;N39.6444;12;
3;USA;Delaware;New Castle;Deerhurst;W75.5414;N39.7833;12;
3;USA;Delaware;New Castle;Delaire;W75.4872;N39.775;12;
3;USA;Delaware;New Castle;Delaney Corner;W75.7472;N39.2992;12;
3;USA;Delaware;New Castle;Delaplane Manor;W75.7089;N39.6961;12;
3;USA;Delaware;New Castle;Delaware City;W75.5889;N39.5778;12;
3;USA;Delaware;New Castle;Delaware Heights;W75.6206;N39.825;12;
3;USA;Delaware;New Castle;Delaware Junction;W75.5767;N39.7231;12;
3;USA;Delaware;New Castle;Delpark Manor;W75.6581;N39.7167;12;
3;USA;Delaware;New Castle;Delwoods;W75.5358;N39.78;12;
3;USA;Delaware;New Castle;Devon;W75.54;N39.8278;12;
3;USA;Delaware;New Castle;Devon;W75.7678;N39.6667;12;
3;USA;Delaware;New Castle;Devonshire;W75.54;N39.825;12;
3;USA;Delaware;New Castle;Dexter Corners;W75.6997;N39.3344;12;
3;USA;Delaware;New Castle;Dobbinsville;W75.5792;N39.6564;12;
3;USA;Delaware;New Castle;Dragon Run Terrace Mobile Home Park;W75.6886;N39.5558;12;
3;USA;Delaware;New Castle;Drummond North;W75.7164;N39.7264;12;
3;USA;Delaware;New Castle;Drummond Ridge;W75.6983;N39.7194;12;
3;USA;Delaware;New Castle;Duncan Glen;W75.6539;N39.7431;12;
3;USA;Delaware;New Castle;Duncan Village;W75.6372;N39.7333;12;
3;USA;Delaware;New Castle;Duncan Woods;W75.6386;N39.7356;12;
3;USA;Delaware;New Castle;Dunleith;W75.5556;N39.7086;12;
3;USA;Delaware;New Castle;Dunlinden Acres;W75.6456;N39.7361;12;
3;USA;Delaware;New Castle;Duponts Landing;W75.4942;N39.7514;12;
3;USA;Delaware;New Castle;Duross Heights;W75.6225;N39.6806;12;
3;USA;Delaware;New Castle;Duross Heights;W75.6267;N39.6842;12;
3;USA;Delaware;New Castle;Dutch Neck Farms;W75.6322;N39.5294;12;
3;USA;Delaware;New Castle;Eagles Nest Landing;W75.5633;N39.3453;12;
3;USA;Delaware;New Castle;East Minquadale;W75.5642;N39.7042;12;
3;USA;Delaware;New Castle;Eastburn Acres;W75.6831;N39.7056;12;
3;USA;Delaware;New Castle;Eastburn Farms;W75.6997;N39.7389;12;
3;USA;Delaware;New Castle;Eastburn Heights;W75.6808;N39.7092;12;
3;USA;Delaware;New Castle;Ebright;W75.5283;N39.8367;12;
3;USA;Delaware;New Castle;Eden Park Gardens;W75.5436;N39.72;12;
3;USA;Delaware;New Castle;Edenridge;W75.5622;N39.7986;12;
3;USA;Delaware;New Castle;Edgebrooke;W75.6628;N39.6694;12;
3;USA;Delaware;New Castle;Edgemoor Gardens;W75.4969;N39.7583;12;
3;USA;Delaware;New Castle;Edgemoor Terrace;W75.5039;N39.7556;12;
3;USA;Delaware;New Castle;Edgemoor;W75.4997;N39.75;12;
3;USA;Delaware;New Castle;Edgewood Hills;W75.5039;N39.7583;12;
3;USA;Delaware;New Castle;Elmhurst;W75.59;N39.7306;12;
3;USA;Delaware;New Castle;Elsmere;W75.5981;N39.7392;12;
3;USA;Delaware;New Castle;English Village;W75.6983;N39.7208;12;
3;USA;Delaware;New Castle;Evergreen Acres;W75.6403;N39.4964;12;
3;USA;Delaware;New Castle;Evergreen Farms;W75.6692;N39.4542;12;
3;USA;Delaware;New Castle;Fairfax;W75.5433;N39.7864;12;
3;USA;Delaware;New Castle;Fairfield Crest;W75.7622;N39.6958;12;
3;USA;Delaware;New Castle;Fairfield;W75.7706;N39.6958;12;
3;USA;Delaware;New Castle;Fairthorne;W75.6033;N39.7728;12;
3;USA;Delaware;New Castle;Fairway Falls;W75.7025;N39.7278;12;
3;USA;Delaware;New Castle;Fairwinds Mobile Home Park;W75.6386;N39.6428;12;
3;USA;Delaware;New Castle;Fairwinds;W75.6431;N39.6436;12;
3;USA;Delaware;New Castle;Farnhurst;W75.5775;N39.6931;12;
3;USA;Delaware;New Castle;Faulkland Heights;W75.6303;N39.7431;12;
3;USA;Delaware;New Castle;Faulkland Woods;W75.6372;N39.7486;12;
3;USA;Delaware;New Castle;Faulkland;W75.6356;N39.7475;12;
3;USA;Delaware;New Castle;Fennimore Landing;W75.5925;N39.445;12;
3;USA;Delaware;New Castle;Fern Hook;W75.5719;N39.7028;12;
3;USA;Delaware;New Castle;Fieldsboro;W75.6586;N39.4172;12;
3;USA;Delaware;New Castle;Flemings Landing;W75.5486;N39.3539;12;
3;USA;Delaware;New Castle;Forest Brook Glen;W75.5997;N39.7167;12;
3;USA;Delaware;New Castle;Forest Hills Park;W75.5247;N39.7875;12;
3;USA;Delaware;New Castle;Forest Park;W75.6081;N39.7375;12;
3;USA;Delaware;New Castle;Forest;W75.6775;N39.3667;12;
3;USA;Delaware;New Castle;Fort Delaware;W75.5664;N39.5894;12;
3;USA;Delaware;New Castle;Forwood;W75.5011;N39.7989;12;
3;USA;Delaware;New Castle;Foulk Woods;W75.5206;N39.8125;12;
3;USA;Delaware;New Castle;Four Seasons Park;W75.75;N39.6222;12;
3;USA;Delaware;New Castle;Four Seasons;W75.7622;N39.6278;12;
3;USA;Delaware;New Castle;Fox Chase Park;W75.6831;N39.675;12;
3;USA;Delaware;New Castle;Fox Meadow;W75.6983;N39.8028;12;
3;USA;Delaware;New Castle;Foxfield;W75.7775;N39.6764;12;
3;USA;Delaware;New Castle;Foxfire;W75.7136;N39.7333;12;
3;USA;Delaware;New Castle;Frasers Corner;W75.7664;N39.5797;12;
3;USA;Delaware;New Castle;Fredrick Lodge Mobile Home Park;W75.6461;N39.3556;12;
3;USA;Delaware;New Castle;Galewood;W75.5261;N39.7917;12;
3;USA;Delaware;New Castle;Gams Crest;W75.6469;N39.55;12;
3;USA;Delaware;New Castle;Gander Hill;W75.6669;N39.4181;12;
3;USA;Delaware;New Castle;Garfield Park;W75.5558;N39.7019;12;
3;USA;Delaware;New Castle;Garwood Estates;W75.6586;N39.6133;12;
3;USA;Delaware;New Castle;Gateway Farms;W75.6897;N39.7769;12;
3;USA;Delaware;New Castle;Georgian Terrace;W75.5136;N39.7708;12;
3;USA;Delaware;New Castle;Glasgow Court;W75.6983;N39.6222;12;
3;USA;Delaware;New Castle;Glasgow Pines;W75.7108;N39.6167;12;
3;USA;Delaware;New Castle;Glasgow;W75.7453;N39.6047;12;
3;USA;Delaware;New Castle;Glen Berne Estates;W75.6331;N39.7167;12;
3;USA;Delaware;New Castle;Glendale;W75.6686;N39.6269;12;
3;USA;Delaware;New Castle;Glenville;W75.64;N39.7125;12;
3;USA;Delaware;New Castle;Goose Point;W75.7739;N39.5425;12;
3;USA;Delaware;New Castle;Gordon Heights;W75.5094;N39.7597;12;
3;USA;Delaware;New Castle;Gordy Estates;W75.6122;N39.725;12;
3;USA;Delaware;New Castle;Granogue;W75.5864;N39.8317;12;
3;USA;Delaware;New Castle;Graylyn Crest;W75.5164;N39.7958;12;
3;USA;Delaware;New Castle;Great Good Place;W75.7553;N39.7522;12;
3;USA;Delaware;New Castle;Great Oak Farms;W75.6311;N39.4992;12;
3;USA;Delaware;New Castle;Green Acres;W75.4969;N39.7903;12;
3;USA;Delaware;New Castle;Green Meadow;W75.5178;N39.7903;12;
3;USA;Delaware;New Castle;Green Spring Farm;W75.6406;N39.3164;12;
3;USA;Delaware;New Castle;Green Spring;W75.6489;N39.3175;12;
3;USA;Delaware;New Castle;Green Valley;W75.6906;N39.7014;12;
3;USA;Delaware;New Castle;Greenbank;W75.6358;N39.7389;12;
3;USA;Delaware;New Castle;Greenbridge;W75.7228;N39.675;12;
3;USA;Delaware;New Castle;Greenleaf Manor;W75.7039;N39.6811;12;
3;USA;Delaware;New Castle;Greenville Development;W75.6042;N39.7814;12;
3;USA;Delaware;New Castle;Greenville Manor;W75.5956;N39.7814;12;
3;USA;Delaware;New Castle;Greenville Place;W75.5961;N39.7728;12;
3;USA;Delaware;New Castle;Greenville;W75.5983;N39.7789;12;
3;USA;Delaware;New Castle;Grendon Farms;W75.6775;N39.725;12;
3;USA;Delaware;New Castle;Greylag;W75.6678;N39.4842;12;
3;USA;Delaware;New Castle;Gristmill Woods;W75.5147;N39.7789;12;
3;USA;Delaware;New Castle;Grubbs Corner;W75.4906;N39.8292;12;
3;USA;Delaware;New Castle;Grubbs Landing;W75.4692;N39.7861;12;
3;USA;Delaware;New Castle;Gumwood;W75.5206;N39.7886;12;
3;USA;Delaware;New Castle;Guyencourt;W75.5864;N39.8136;12;
3;USA;Delaware;New Castle;Gwinhurst;W75.4789;N39.7917;12;
3;USA;Delaware;New Castle;H and H Corner;W75.6653;N39.3797;12;
3;USA;Delaware;New Castle;Hamilton Park;W75.5458;N39.7172;12;
3;USA;Delaware;New Castle;Hampton;W75.5225;N39.8253;12;
3;USA;Delaware;New Castle;Hanbys Corner;W75.4872;N39.8225;12;
3;USA;Delaware;New Castle;Hares Corner;W75.6042;N39.6653;12;
3;USA;Delaware;New Castle;Harmony Hills;W75.6831;N39.6931;12;
3;USA;Delaware;New Castle;Harmony;W75.6928;N39.6953;12;
3;USA;Delaware;New Castle;Haverford;W75.6942;N39.7833;12;
3;USA;Delaware;New Castle;Hayden Park;W75.5947;N39.7061;12;
3;USA;Delaware;New Castle;Hazeldell;W75.5469;N39.7125;12;
3;USA;Delaware;New Castle;Heather Valley;W75.6797;N39.7611;12;
3;USA;Delaware;New Castle;Heather Woods;W75.7025;N39.6272;12;
3;USA;Delaware;New Castle;Heatherton;W75.6997;N39.7833;12;
3;USA;Delaware;New Castle;Henry Clay;W75.5803;N39.7703;12;
3;USA;Delaware;New Castle;Heritage Farms;W75.6831;N39.7189;12;
3;USA;Delaware;New Castle;Heritage;W75.6775;N39.7208;12;
3;USA;Delaware;New Castle;Hickory Hill;W75.6928;N39.78;12;
3;USA;Delaware;New Castle;Hickory Ridge;W75.6831;N39.7639;12;
3;USA;Delaware;New Castle;Hickory Woods;W75.7022;N39.5931;12;
3;USA;Delaware;New Castle;High Point;W75.5081;N39.7708;12;
3;USA;Delaware;New Castle;Highland Meadows;W75.6719;N39.7861;12;
3;USA;Delaware;New Castle;Highland West;W75.6622;N39.7569;12;
3;USA;Delaware;New Castle;Highland Woods;W75.4803;N39.8167;12;
3;USA;Delaware;New Castle;Hillcrest;W75.5067;N39.7628;12;
3;USA;Delaware;New Castle;Hillendale;W75.4858;N39.7958;12;
3;USA;Delaware;New Castle;Hillside Heights;W75.6872;N39.6806;12;
3;USA;Delaware;New Castle;Hillstream;W75.7372;N39.7694;12;
3;USA;Delaware;New Castle;Hilltop Manor;W75.4831;N39.7792;12;
3;USA;Delaware;New Castle;Hockessin Hunt;W75.7147;N39.7708;12;
3;USA;Delaware;New Castle;Hockessin Park;W75.6872;N39.7875;12;
3;USA;Delaware;New Castle;Hockessin;W75.6967;N39.7875;12;
3;USA;Delaware;New Castle;Holiday Hills;W75.5039;N39.8167;12;
3;USA;Delaware;New Castle;Hollingsworth Development;W75.6172;N39.8258;12;
3;USA;Delaware;New Castle;Holloway Terrace;W75.5464;N39.7017;12;
3;USA;Delaware;New Castle;Holly Knoll;W75.7039;N39.7883;12;
3;USA;Delaware;New Castle;Holly Oak Terrace;W75.4886;N39.7833;12;
3;USA;Delaware;New Castle;Holly Oak;W75.4789;N39.7883;12;
3;USA;Delaware;New Castle;Horseshoe Hill;W75.6706;N39.7986;12;
3;USA;Delaware;New Castle;Hunting Hills;W75.7844;N39.6778;12;
3;USA;Delaware;New Castle;Hyde Park;W75.6497;N39.7458;12;
3;USA;Delaware;New Castle;Idela;W75.59;N39.725;12;
3;USA;Delaware;New Castle;Indian Field;W75.4761;N39.8125;12;
3;USA;Delaware;New Castle;Iron Gates;W75.6831;N39.7861;12;
3;USA;Delaware;New Castle;Iron Hill;W75.7539;N39.6333;12;
3;USA;Delaware;New Castle;Iron Hills Apartments;W75.7183;N39.635;12;
3;USA;Delaware;New Castle;Ivy Ridge;W75.6331;N39.675;12;
3;USA;Delaware;New Castle;Jamestowne;W75.6436;N39.6522;12;
3;USA;Delaware;New Castle;Jamisons Corner;W75.6844;N39.5036;12;
3;USA;Delaware;New Castle;Jarrell Farms;W75.7083;N39.7556;12;
3;USA;Delaware;New Castle;Jefferson Farms;W75.5711;N39.6789;12;
3;USA;Delaware;New Castle;Keeney;W75.7033;N39.6189;12;
3;USA;Delaware;New Castle;Kentmere;W75.5614;N39.7667;12;
3;USA;Delaware;New Castle;Kershaw Acres;W75.5136;N39.8172;12;
3;USA;Delaware;New Castle;Keystone;W75.6053;N39.7264;12;
3;USA;Delaware;New Castle;Kiamensi Gardens;W75.6372;N39.7236;12;
3;USA;Delaware;New Castle;Kiamensi Heights;W75.6331;N39.7194;12;
3;USA;Delaware;New Castle;Kiamensi;W75.64;N39.7236;12;
3;USA;Delaware;New Castle;Kings Croft;W75.6661;N39.62;12;
3;USA;Delaware;New Castle;Kinston Acres;W75.6589;N39.6206;12;
3;USA;Delaware;New Castle;Kirkwood Gardens;W75.6539;N39.7486;12;
3;USA;Delaware;New Castle;Kirkwood;W75.6964;N39.5717;12;
3;USA;Delaware;New Castle;Klair Estate;W75.6539;N39.7208;12;
3;USA;Delaware;New Castle;Lakecroft II;W75.6608;N39.6506;12;
3;USA;Delaware;New Castle;Lamatan I;W75.7442;N39.7611;12;
3;USA;Delaware;New Castle;Lamatan II;W75.7492;N39.7625;12;
3;USA;Delaware;New Castle;Lambeth Riding;W75.7025;N39.7653;12;
3;USA;Delaware;New Castle;Lancashire;W75.4903;N39.8189;12;
3;USA;Delaware;New Castle;Lancaster Court;W75.5997;N39.7514;12;
3;USA;Delaware;New Castle;Lancaster Village;W75.5892;N39.7444;12;
3;USA;Delaware;New Castle;Landenberg Junction;W75.6189;N39.7303;12;
3;USA;Delaware;New Castle;Landers Park;W75.5678;N39.6944;12;
3;USA;Delaware;New Castle;Landlith;W75.5294;N39.7439;12;
3;USA;Delaware;New Castle;Larchmont;W75.6747;N39.7972;12;
3;USA;Delaware;New Castle;Latimer Estates;W75.5747;N39.7319;12;
3;USA;Delaware;New Castle;Lauren Farms;W75.6844;N39.6014;12;
3;USA;Delaware;New Castle;Leedon Estates;W75.5844;N39.6917;12;
3;USA;Delaware;New Castle;Liberty;W75.6172;N39.7286;12;
3;USA;Delaware;New Castle;Liftwood;W75.5219;N39.7778;12;
3;USA;Delaware;New Castle;Limestone Acres;W75.6664;N39.725;12;
3;USA;Delaware;New Castle;Limestone Gap;W75.6594;N39.7278;12;
3;USA;Delaware;New Castle;Limestone Gardene;W75.6603;N39.7292;12;
3;USA;Delaware;New Castle;Limestone Hills;W75.6844;N39.7542;12;
3;USA;Delaware;New Castle;Lindamere;W75.4928;N39.7611;12;
3;USA;Delaware;New Castle;Lindell Square;W75.6747;N39.7278;12;
3;USA;Delaware;New Castle;Lindell Village;W75.6678;N39.7208;12;
3;USA;Delaware;New Castle;Linden Green Apartment;W75.6914;N39.7319;12;
3;USA;Delaware;New Castle;Linden Heath;W75.6956;N39.7375;12;
3;USA;Delaware;New Castle;Linden Hill;W75.6936;N39.73;12;
3;USA;Delaware;New Castle;Linden Square;W75.6956;N39.7278;12;
3;USA;Delaware;New Castle;Little Baltimore;W75.7372;N39.7736;12;
3;USA;Delaware;New Castle;Little Jersey;W75.7147;N39.5569;12;
3;USA;Delaware;New Castle;Llangollen Estates;W75.6186;N39.6472;12;
3;USA;Delaware;New Castle;Log Run;W75.4903;N39.8103;12;
3;USA;Delaware;New Castle;Longview Farms;W75.4722;N39.8192;12;
3;USA;Delaware;New Castle;Longwood;W75.5386;N39.8097;12;
3;USA;Delaware;New Castle;Lorewood Grove;W75.6872;N39.5403;12;
3;USA;Delaware;New Castle;Loveville;W75.6644;N39.7708;12;
3;USA;Delaware;New Castle;Lumbrook;W75.7328;N39.6853;12;
3;USA;Delaware;New Castle;Lums Pond Estates II;W75.7067;N39.575;12;
3;USA;Delaware;New Castle;Lyndalia;W75.6025;N39.7181;12;
3;USA;Delaware;New Castle;Lynnfield;W75.5081;N39.7889;12;
3;USA;Delaware;New Castle;Madelyn Gardens;W75.5256;N39.7894;12;
3;USA;Delaware;New Castle;Manette Heights;W75.6567;N39.7153;12;
3;USA;Delaware;New Castle;Manley;W75.6997;N39.7778;12;
3;USA;Delaware;New Castle;Manor Park Apartments;W75.5819;N39.6914;12;
3;USA;Delaware;New Castle;Manor Park;W75.5956;N39.6875;12;
3;USA;Delaware;New Castle;Maplecrest;W75.6539;N39.7292;12;
3;USA;Delaware;New Castle;Marabou Meadows;W75.7456;N39.5903;12;
3;USA;Delaware;New Castle;Marshallton Green;W75.6386;N39.7292;12;
3;USA;Delaware;New Castle;Marshallton Heights II;W75.6386;N39.7244;12;
3;USA;Delaware;New Castle;Marshallton;W75.6542;N39.7256;12;
3;USA;Delaware;New Castle;Marydale;W75.6983;N39.6625;12;
3;USA;Delaware;New Castle;Masonicville;W75.6136;N39.7208;12;
3;USA;Delaware;New Castle;Mayfield;W75.5081;N39.7972;12;
3;USA;Delaware;New Castle;Mayview Manor;W75.5475;N39.7036;12;
3;USA;Delaware;New Castle;McClellandville;W75.7769;N39.7094;12;
3;USA;Delaware;New Castle;McDaniel Heights;W75.5481;N39.8022;12;
3;USA;Delaware;New Castle;McDonough;W75.6497;N39.4914;12;
3;USA;Delaware;New Castle;Meadow Vista;W75.7131;N39.3817;12;
3;USA;Delaware;New Castle;Meadowbrook Farms South;W75.7233;N39.5033;12;
3;USA;Delaware;New Castle;Meadowbrook Farms;W75.7239;N39.5089;12;
3;USA;Delaware;New Castle;Meadowbrook;W75.7233;N39.7528;12;
3;USA;Delaware;New Castle;Meadowood;W75.6872;N39.7083;12;
3;USA;Delaware;New Castle;Mechanicsville;W75.7836;N39.7169;12;
3;USA;Delaware;New Castle;Meeting House Hill;W75.6922;N39.7917;12;
3;USA;Delaware;New Castle;Meeting House Meadows;W75.6914;N39.79;12;
3;USA;Delaware;New Castle;Melanie;W75.6258;N39.6622;12;
3;USA;Delaware;New Castle;Melody Meadows II;W75.7456;N39.5958;12;
3;USA;Delaware;New Castle;Melody Meadows;W75.7492;N39.5903;12;
3;USA;Delaware;New Castle;Mendenhall Village;W75.69;N39.7569;12;
3;USA;Delaware;New Castle;Mermaid Run;W75.6942;N39.7403;12;
3;USA;Delaware;New Castle;Mermaid;W75.6931;N39.7428;12;
3;USA;Delaware;New Castle;Middleboro East;W75.5392;N39.7222;12;
3;USA;Delaware;New Castle;Middleboro Manor;W75.5831;N39.7236;12;
3;USA;Delaware;New Castle;Middletown;W75.7164;N39.4494;12;
3;USA;Delaware;New Castle;Midvale;W75.6106;N39.6597;12;
3;USA;Delaware;New Castle;Midvalf;W75.6136;N39.6589;12;
3;USA;Delaware;New Castle;Milford Crossroads;W75.7408;N39.7156;12;
3;USA;Delaware;New Castle;Milford Meadows;W75.7289;N39.7064;12;
3;USA;Delaware;New Castle;Mill Creek;W75.705;N39.7847;12;
3;USA;Delaware;New Castle;Millside;W75.5525;N39.7181;12;
3;USA;Delaware;New Castle;Milltown;W75.6661;N39.7308;12;
3;USA;Delaware;New Castle;Minquadale Trailer Village;W75.5653;N39.7;12;
3;USA;Delaware;New Castle;Minquadale;W75.5667;N39.7069;12;
3;USA;Delaware;New Castle;Mitchell Estates;W75.6581;N39.7542;12;
3;USA;Delaware;New Castle;Mockingbird Hill;W75.6775;N39.7592;12;
3;USA;Delaware;New Castle;Mockingbird Hills;W75.6775;N39.7603;12;
3;USA;Delaware;New Castle;Monroe Park;W75.5961;N39.7722;12;
3;USA;Delaware;New Castle;Montchan;W75.5922;N39.7764;12;
3;USA;Delaware;New Castle;Montchanin;W75.5892;N39.7897;12;
3;USA;Delaware;New Castle;Montclare;W75.6761;N39.7264;12;
3;USA;Delaware;New Castle;Monterey Farms;W75.6425;N39.6267;12;
3;USA;Delaware;New Castle;Montgomery Woods;W75.6692;N39.7972;12;
3;USA;Delaware;New Castle;Moores Acres;W75.6636;N39.6186;12;
3;USA;Delaware;New Castle;Mount Cuba;W75.6397;N39.7914;12;
3;USA;Delaware;New Castle;Mount Pleasant Mobile Home Park;W75.7117;N39.5153;12;
3;USA;Delaware;New Castle;Mount Pleasant;W75.7114;N39.5108;12;
3;USA;Delaware;New Castle;Naaman;W75.4439;N39.8119;12;
3;USA;Delaware;New Castle;Naamans Gardens;W75.5164;N39.825;12;
3;USA;Delaware;New Castle;Naamans Manor;W75.5006;N39.8228;12;
3;USA;Delaware;New Castle;Nanticoke Farms;W75.6064;N39.7769;12;
3;USA;Delaware;New Castle;New Castle Industrial Park;W75.5358;N39.7042;12;
3;USA;Delaware;New Castle;New Castle;W75.5664;N39.6619;12;
3;USA;Delaware;New Castle;Newark Oaks;W75.7169;N39.6794;12;
3;USA;Delaware;New Castle;Newark;W75.7497;N39.6836;12;
3;USA;Delaware;New Castle;Newport Heights;W75.6039;N39.7139;12;
3;USA;Delaware;New Castle;Newport;W75.6094;N39.7136;12;
3;USA;Delaware;New Castle;Nonatum Mills;W75.7539;N39.6897;12;
3;USA;Delaware;New Castle;Normandy Manor;W75.5142;N39.7867;12;
3;USA;Delaware;New Castle;North Hills;W75.5103;N39.7722;12;
3;USA;Delaware;New Castle;North Minister;W75.5031;N39.8303;12;
3;USA;Delaware;New Castle;North Star Addition;W75.7136;N39.7583;12;
3;USA;Delaware;New Castle;North Star;W75.7192;N39.7611;12;
3;USA;Delaware;New Castle;Northcrest;W75.4958;N39.8306;12;
3;USA;Delaware;New Castle;Northshire;W75.5025;N39.8181;12;
3;USA;Delaware;New Castle;Northwood;W75.5025;N39.7958;12;
3;USA;Delaware;New Castle;Nottingham Green;W75.7783;N39.6861;12;
3;USA;Delaware;New Castle;Nottingham Manor;W75.7664;N39.6847;12;
3;USA;Delaware;New Castle;Oak Lane Manor;W75.5303;N39.7931;12;
3;USA;Delaware;New Castle;Oakdale;W75.6978;N39.6658;12;
3;USA;Delaware;New Castle;Oakland;W75.765;N39.6806;12;
3;USA;Delaware;New Castle;Oakmont;W75.5525;N39.7111;12;
3;USA;Delaware;New Castle;Oaktree Apartments;W75.7831;N39.6472;12;
3;USA;Delaware;New Castle;Oakwood Hills;W75.6678;N39.7625;12;
3;USA;Delaware;New Castle;Odessa Heights;W75.6622;N39.4522;12;
3;USA;Delaware;New Castle;Odessa;W75.6614;N39.4572;12;
3;USA;Delaware;New Castle;Ogletown;W75.6975;N39.6781;12;
3;USA;Delaware;New Castle;Old Mill Manor;W75.7039;N39.6917;12;
3;USA;Delaware;New Castle;Overlook Colony;W75.4692;N39.8042;12;
3;USA;Delaware;New Castle;Overview Gardens;W75.5653;N39.7139;12;
3;USA;Delaware;New Castle;Owls Nest;W75.6328;N39.8139;12;
3;USA;Delaware;New Castle;Palm Springs Manor;W75.7853;N39.6417;12;
3;USA;Delaware;New Castle;Parkside;W75.7039;N39.5564;12;
3;USA;Delaware;New Castle;Parkwood;W75.6539;N39.7497;12;
3;USA;Delaware;New Castle;Pembrey;W75.5261;N39.8056;12;
3;USA;Delaware;New Castle;Penarth;W75.5178;N39.8069;12;
3;USA;Delaware;New Castle;Pencader Farms;W75.7597;N39.5658;12;
3;USA;Delaware;New Castle;Pencader Village;W75.7489;N39.6311;12;
3;USA;Delaware;New Castle;Pencader;W75.7422;N39.6731;12;
3;USA;Delaware;New Castle;Pendrew Manor;W75.665;N39.7181;12;
3;USA;Delaware;New Castle;Penn Acres South;W75.5894;N39.6742;12;
3;USA;Delaware;New Castle;Penn Acres;W75.5822;N39.68;12;
3;USA;Delaware;New Castle;Penn Rose;W75.5219;N39.7583;12;
3;USA;Delaware;New Castle;Penndrew Manor;W75.6664;N39.7181;12;
3;USA;Delaware;New Castle;Pennington;W75.5144;N39.8283;12;
3;USA;Delaware;New Castle;Pennock;W75.6872;N39.7144;12;
3;USA;Delaware;New Castle;Penny Acres;W75.5161;N39.7642;12;
3;USA;Delaware;New Castle;Pennyhill Terrace;W75.5081;N39.7639;12;
3;USA;Delaware;New Castle;Pennyhill;W75.5144;N39.7686;12;
3;USA;Delaware;New Castle;Penrock;W75.4872;N39.7917;12;
3;USA;Delaware;New Castle;Pentland;W75.6344;N39.8208;12;
3;USA;Delaware;New Castle;Pepper Ridge;W75.7094;N39.7375;12;
3;USA;Delaware;New Castle;Perth;W75.5239;N39.8036;12;
3;USA;Delaware;New Castle;Phillips Heights;W75.5081;N39.7667;12;
3;USA;Delaware;New Castle;Piermont Woods;W75.7067;N39.6458;12;
3;USA;Delaware;New Castle;Pierson Farms;W75.5383;N39.8114;12;
3;USA;Delaware;New Castle;Pigeon Run;W75.6539;N39.625;12;
3;USA;Delaware;New Castle;Pike Creek Valley;W75.6983;N39.7361;12;
3;USA;Delaware;New Castle;Pike Creek;W75.7042;N39.7308;12;
3;USA;Delaware;New Castle;Pine Swamp Corner;W75.68;N39.6753;12;
3;USA;Delaware;New Castle;Pine Tree Corners;W75.6614;N39.4072;12;
3;USA;Delaware;New Castle;Pine Valley Farms;W75.6297;N39.5214;12;
3;USA;Delaware;New Castle;Pinecrest;W75.6706;N39.7147;12;
3;USA;Delaware;New Castle;Pleasant Hill;W75.7275;N39.7406;12;
3;USA;Delaware;New Castle;Pleasant Hills;W75.6233;N39.7111;12;
3;USA;Delaware;New Castle;Pleasantville;W75.6261;N39.6639;12;
3;USA;Delaware;New Castle;Plum Run;W75.7025;N39.7347;12;
3;USA;Delaware;New Castle;Point Breeze;W75.665;N39.3769;12;
3;USA;Delaware;New Castle;Port Penn;W75.5767;N39.5167;12;
3;USA;Delaware;New Castle;Porter Square;W75.7231;N39.59;12;
3;USA;Delaware;New Castle;Porter;W75.69;N39.6003;12;
3;USA;Delaware;New Castle;Prices Corner;W75.6222;N39.7369;12;
3;USA;Delaware;New Castle;Princeton Estates;W75.4608;N39.8217;12;
3;USA;Delaware;New Castle;Princeton Wood II;W75.66;N39.64;12;
3;USA;Delaware;New Castle;Quail Ridge;W75.6719;N39.7639;12;
3;USA;Delaware;New Castle;Quaker Hill;W75.6928;N39.7972;12;
3;USA;Delaware;New Castle;Quarryville;W75.4872;N39.7792;12;
3;USA;Delaware;New Castle;Radnor Green;W75.4728;N39.8083;12;
3;USA;Delaware;New Castle;Raintree Village;W75.6803;N39.6542;12;
3;USA;Delaware;New Castle;Rambleton Acres;W75.6175;N39.6622;12;
3;USA;Delaware;New Castle;Red Lion;W75.6639;N39.6083;12;
3;USA;Delaware;New Castle;Reybold;W75.6303;N39.5922;12;
3;USA;Delaware;New Castle;Richardson Park;W75.5858;N39.7319;12;
3;USA;Delaware;New Castle;Ridgewood;W75.5122;N39.7667;12;
3;USA;Delaware;New Castle;Riveredge Park;W75.5483;N39.6889;12;
3;USA;Delaware;New Castle;Rivers End;W75.6586;N39.6375;12;
3;USA;Delaware;New Castle;Riverside;W75.4664;N39.7958;12;
3;USA;Delaware;New Castle;Riverview Gardens;W75.4603;N39.8197;12;
3;USA;Delaware;New Castle;Robscott Manor;W75.7469;N39.6569;12;
3;USA;Delaware;New Castle;Rock Manor;W75.5456;N39.7694;12;
3;USA;Delaware;New Castle;Rockland Woods;W75.5783;N39.7964;12;
3;USA;Delaware;New Castle;Rockland;W75.5722;N39.7961;12;
3;USA;Delaware;New Castle;Rockwood Hills;W75.5275;N39.7794;12;
3;USA;Delaware;New Castle;Rockwood Woods;W75.5253;N39.7739;12;
3;USA;Delaware;New Castle;Rogers Corners;W75.5469;N39.7111;12;
3;USA;Delaware;New Castle;Rogers Manor;W75.5611;N39.6736;12;
3;USA;Delaware;New Castle;Rolling Hills;W75.6497;N39.7181;12;
3;USA;Delaware;New Castle;Rolling Meadows;W75.6836;N39.5767;12;
3;USA;Delaware;New Castle;Rolling Park;W75.4706;N39.7875;12;
3;USA;Delaware;New Castle;Rolling Ridge;W75.6775;N39.7639;12;
3;USA;Delaware;New Castle;Rose Hill Gardens;W75.5536;N39.7069;12;
3;USA;Delaware;New Castle;Rose Valley Estates;W75.7164;N39.4047;12;
3;USA;Delaware;New Castle;Rosegate;W75.5469;N39.7097;12;
3;USA;Delaware;New Castle;Roselle Terrace;W75.6136;N39.7389;12;
3;USA;Delaware;New Castle;Roseville Park;W75.7131;N39.6994;12;
3;USA;Delaware;New Castle;Runnymeade;W75.6914;N39.7717;12;
3;USA;Delaware;New Castle;Ruthby;W75.7022;N39.6856;12;
3;USA;Delaware;New Castle;Rutherford;W75.6803;N39.6889;12;
3;USA;Delaware;New Castle;Saienni Farms;W75.6219;N39.6425;12;
3;USA;Delaware;New Castle;Saint Georges Heights;W75.6519;N39.5639;12;
3;USA;Delaware;New Castle;Saint Georges;W75.6503;N39.555;12;
3;USA;Delaware;New Castle;Salem Village;W75.7003;N39.6667;12;
3;USA;Delaware;New Castle;Salem Woods;W75.6969;N39.6444;12;
3;USA;Delaware;New Castle;Sedgley Farms;W75.6236;N39.765;12;
3;USA;Delaware;New Castle;Sharpley;W75.5553;N39.8;12;
3;USA;Delaware;New Castle;Sheffield Manor;W75.6897;N39.6981;12;
3;USA;Delaware;New Castle;Shellburne;W75.5122;N39.7806;12;
3;USA;Delaware;New Castle;Shelley Farms;W75.7722;N39.5803;12;
3;USA;Delaware;New Castle;Shenandoah;W75.6308;N39.5053;12;
3;USA;Delaware;New Castle;Sheridan Square;W75.6544;N39.7258;12;
3;USA;Delaware;New Castle;Sherwood Forest;W75.69;N39.6708;12;
3;USA;Delaware;New Castle;Sherwood Park;W75.6581;N39.7361;12;
3;USA;Delaware;New Castle;Shingle Landing;W75.5939;N39.5433;12;
3;USA;Delaware;New Castle;Shipley Heights;W75.5247;N39.7833;12;
3;USA;Delaware;New Castle;Shipley Ridge;W75.5197;N39.7783;12;
3;USA;Delaware;New Castle;Shipley Woods;W75.5336;N39.8233;12;
3;USA;Delaware;New Castle;Silver Brook;W75.7539;N39.6564;12;
3;USA;Delaware;New Castle;Silver Springs;W75.5919;N39.7542;12;
3;USA;Delaware;New Castle;Silverbrook Gardens;W75.5831;N39.7417;12;
3;USA;Delaware;New Castle;Silverbrook;W75.5981;N39.7544;12;
3;USA;Delaware;New Castle;Silverside Heights;W75.4803;N39.7847;12;
3;USA;Delaware;New Castle;Silverside;W75.4903;N39.7931;12;
3;USA;Delaware;New Castle;Silview;W75.6219;N39.7128;12;
3;USA;Delaware;New Castle;Simonds Gardens;W75.5436;N39.7056;12;
3;USA;Delaware;New Castle;Skyline Crest;W75.6844;N39.725;12;
3;USA;Delaware;New Castle;Skyline Orchard;W75.6664;N39.7939;12;
3;USA;Delaware;New Castle;Skyline Ridge;W75.6944;N39.7214;12;
3;USA;Delaware;New Castle;Smith Mill Farms;W75.7164;N39.7292;12;
3;USA;Delaware;New Castle;Snug Hill;W75.6747;N39.7917;12;
3;USA;Delaware;New Castle;South Wilmington;W75.5442;N39.7292;12;
3;USA;Delaware;New Castle;Southwood;W75.7239;N39.7847;12;
3;USA;Delaware;New Castle;Spring Valley;W75.6469;N39.7708;12;
3;USA;Delaware;New Castle;Stage Road Development;W75.7325;N39.7167;12;
3;USA;Delaware;New Castle;Stanton Estates;W75.6469;N39.7133;12;
3;USA;Delaware;New Castle;Stanton;W75.6408;N39.7156;12;
3;USA;Delaware;New Castle;Stave Landing;W75.6011;N39.4314;12;
3;USA;Delaware;New Castle;Stirrup Farms;W75.7331;N39.7597;12;
3;USA;Delaware;New Castle;Stockdale;W75.4581;N39.8;12;
3;USA;Delaware;New Castle;Stonehaven;W75.5122;N39.7653;12;
3;USA;Delaware;New Castle;Stoneridge;W75.6914;N39.775;12;
3;USA;Delaware;New Castle;Stones Throw;W75.7372;N39.6333;12;
3;USA;Delaware;New Castle;Stones Throw;W75.7436;N39.6347;12;
3;USA;Delaware;New Castle;Stony Crest;W75.6233;N39.7478;12;
3;USA;Delaware;New Castle;Stratford;W75.6317;N39.6681;12;
3;USA;Delaware;New Castle;Stuyvesant Hills;W75.6669;N39.775;12;
3;USA;Delaware;New Castle;Sugar Loaf Chase;W75.6433;N39.4828;12;
3;USA;Delaware;New Castle;Summer Hill;W75.6925;N39.6481;12;
3;USA;Delaware;New Castle;Summit Bridge;W75.7261;N39.5353;12;
3;USA;Delaware;New Castle;Summit View;W75.7719;N39.6472;12;
3;USA;Delaware;New Castle;Surrey Park;W75.5303;N39.8042;12;
3;USA;Delaware;New Castle;Swallow Hill;W75.6353;N39.7939;12;
3;USA;Delaware;New Castle;Swanwyck Estates;W75.5636;N39.6931;12;
3;USA;Delaware;New Castle;Swanwyck Gardens;W75.5664;N39.6944;12;
3;USA;Delaware;New Castle;Swanwyck;W75.5606;N39.6936;12;
3;USA;Delaware;New Castle;Sycamore Farms;W75.6553;N39.43;12;
3;USA;Delaware;New Castle;Sycamore Gardens;W75.7067;N39.6958;12;
3;USA;Delaware;New Castle;Talley Brook;W75.5331;N39.8181;12;
3;USA;Delaware;New Castle;Talleys Corner;W75.5156;N39.8081;12;
3;USA;Delaware;New Castle;Talleyville;W75.5489;N39.8089;12;
3;USA;Delaware;New Castle;Tavistock;W75.5581;N39.8056;12;
3;USA;Delaware;New Castle;Taylors Corner;W75.7158;N39.3875;12;
3;USA;Delaware;New Castle;Taylortown;W75.6714;N39.6472;12;
3;USA;Delaware;New Castle;Tenby Chase;W75.7289;N39.7681;12;
3;USA;Delaware;New Castle;Tent;W75.6061;N39.3572;12;
3;USA;Delaware;New Castle;The Bluffs;W75.7039;N39.7278;12;
3;USA;Delaware;New Castle;The Cedars;W75.6331;N39.7403;12;
3;USA;Delaware;New Castle;The Highlands;W75.6831;N39.7208;12;
3;USA;Delaware;New Castle;The Hills of Skyline;W75.6872;N39.7208;12;
3;USA;Delaware;New Castle;The Island;W75.5911;N39.4572;12;
3;USA;Delaware;New Castle;The Pines of Pike Creek;W75.7094;N39.7458;12;
3;USA;Delaware;New Castle;The Timbers;W75.4792;N39.8256;12;
3;USA;Delaware;New Castle;The Villa;W75.6428;N39.6633;12;
3;USA;Delaware;New Castle;The Woods;W75.6369;N39.6844;12;
3;USA;Delaware;New Castle;Thomas Landing;W75.6131;N39.4481;12;
3;USA;Delaware;New Castle;Thompson;W75.7567;N39.7292;12;
3;USA;Delaware;New Castle;Thorntown;W75.6028;N39.5178;12;
3;USA;Delaware;New Castle;Timber Ridge;W75.6294;N39.6619;12;
3;USA;Delaware;New Castle;Todd Estates;W75.7122;N39.6708;12;
3;USA;Delaware;New Castle;Tolham Estates;W75.6644;N39.6133;12;
3;USA;Delaware;New Castle;Top of the Wedge;W75.7789;N39.7083;12;
3;USA;Delaware;New Castle;Townsend;W75.6917;N39.395;12;
3;USA;Delaware;New Castle;Tree Top Valley;W75.6831;N39.775;12;
3;USA;Delaware;New Castle;Trepagnier;W75.6686;N39.7792;12;
3;USA;Delaware;New Castle;Tuxedo Park;W75.6206;N39.7181;12;
3;USA;Delaware;New Castle;Twin Oaks;W75.5358;N39.7847;12;
3;USA;Delaware;New Castle;Tybouts Corner;W75.6422;N39.62;12;
3;USA;Delaware;New Castle;Tybrook;W75.6317;N39.7486;12;
3;USA;Delaware;New Castle;Valley Run;W75.4703;N39.8178;12;
3;USA;Delaware;New Castle;Valley View;W75.6775;N39.7972;12;
3;USA;Delaware;New Castle;Vandyke;W75.745;N39.3572;12;
3;USA;Delaware;New Castle;Varlano;W75.6733;N39.6592;12;
3;USA;Delaware;New Castle;Victoria Woods;W75.6428;N39.6606;12;
3;USA;Delaware;New Castle;Vintage Village;W75.7067;N39.7883;12;
3;USA;Delaware;New Castle;Walker;W75.6028;N39.3417;12;
3;USA;Delaware;New Castle;Walnut Hill;W75.6942;N39.7986;12;
3;USA;Delaware;New Castle;Walnut Ridge;W75.6311;N39.8028;12;
3;USA;Delaware;New Castle;Washington Heights;W75.6386;N39.7264;12;
3;USA;Delaware;New Castle;Washington Park;W75.5808;N39.6611;12;
3;USA;Delaware;New Castle;Wawaset Park;W75.5747;N39.7556;12;
3;USA;Delaware;New Castle;Ways Corner;W75.5011;N39.8247;12;
3;USA;Delaware;New Castle;Weatherhill Farms;W75.6942;N39.7444;12;
3;USA;Delaware;New Castle;Weber Tract;W75.5058;N39.8269;12;
3;USA;Delaware;New Castle;Webster Farm;W75.5108;N39.7944;12;
3;USA;Delaware;New Castle;Wedge Hills;W75.7831;N39.7097;12;
3;USA;Delaware;New Castle;Wedgewood;W75.6414;N39.6458;12;
3;USA;Delaware;New Castle;Weldin Farms;W75.5328;N39.7822;12;
3;USA;Delaware;New Castle;Weldin Park;W75.5344;N39.7783;12;
3;USA;Delaware;New Castle;Weldin Woods;W75.5236;N39.7828;12;
3;USA;Delaware;New Castle;Wellington Hills;W75.7081;N39.7897;12;
3;USA;Delaware;New Castle;Wellington Woods;W75.6928;N39.6256;12;
3;USA;Delaware;New Castle;Welshire;W75.5164;N39.7847;12;
3;USA;Delaware;New Castle;West Farm;W75.6025;N39.7875;12;
3;USA;Delaware;New Castle;West Haven;W75.5914;N39.7597;12;
3;USA;Delaware;New Castle;West Meadow;W75.7331;N39.7056;12;
3;USA;Delaware;New Castle;West Minquadale;W75.5672;N39.7125;12;
3;USA;Delaware;New Castle;West Park;W75.5989;N39.7556;12;
3;USA;Delaware;New Castle;West Riding;W75.6497;N39.7681;12;
3;USA;Delaware;New Castle;Westfield;W75.6414;N39.7181;12;
3;USA;Delaware;New Castle;Westgate Farms;W75.6608;N39.7667;12;
3;USA;Delaware;New Castle;Westminster;W75.6469;N39.7569;12;
3;USA;Delaware;New Castle;Westmont;W75.6497;N39.755;12;
3;USA;Delaware;New Castle;Westover Hills;W75.5908;N39.7633;12;
3;USA;Delaware;New Castle;Westview;W75.6178;N39.7208;12;
3;USA;Delaware;New Castle;Westwood Manor;W75.5011;N39.8;12;
3;USA;Delaware;New Castle;White Briar;W75.6858;N39.7883;12;
3;USA;Delaware;New Castle;Whites Village;W75.4553;N39.8192;12;
3;USA;Delaware;New Castle;Wickwood;W75.5286;N39.7928;12;
3;USA;Delaware;New Castle;Wiggins Mill;W75.705;N39.4033;12;
3;USA;Delaware;New Castle;Williamsburg;W75.6844;N39.5853;12;
3;USA;Delaware;New Castle;Willow Run;W75.6094;N39.7444;12;
3;USA;Delaware;New Castle;Wilmington Manor Gardens;W75.5814;N39.6728;12;
3;USA;Delaware;New Castle;Wilmington Manor;W75.5844;N39.6867;12;
3;USA;Delaware;New Castle;Wilmington;W75.5467;N39.7458;12;
3;USA;Delaware;New Castle;Wilmont;W75.5372;N39.8069;12;
3;USA;Delaware;New Castle;Wilson;W75.7381;N39.6608;12;
3;USA;Delaware;New Castle;Windsor Hills;W75.5289;N39.8;12;
3;USA;Delaware;New Castle;Windward;W75.6414;N39.775;12;
3;USA;Delaware;New Castle;Windy Bush;W75.4914;N39.8;12;
3;USA;Delaware;New Castle;Windy Hills;W75.7164;N39.6889;12;
3;USA;Delaware;New Castle;Windy Mill Park;W75.7233;N39.6944;12;
3;USA;Delaware;New Castle;Winterbury;W75.6581;N39.7611;12;
3;USA;Delaware;New Castle;Winterthur;W75.5917;N39.8028;12;
3;USA;Delaware;New Castle;Wood Mill;W75.6747;N39.7167;12;
3;USA;Delaware;New Castle;Wood Ridge;W75.7186;N39.7528;12;
3;USA;Delaware;New Castle;Woodbine;W75.5289;N39.8125;12;
3;USA;Delaware;New Castle;Woodbrook;W75.5581;N39.7939;12;
3;USA;Delaware;New Castle;Woodcreek;W75.6956;N39.7389;12;
3;USA;Delaware;New Castle;Woodcrest;W75.6025;N39.7208;12;
3;USA;Delaware;New Castle;Wooddale;W75.6369;N39.7661;12;
3;USA;Delaware;New Castle;Woodland;W75.6164;N39.7458;12;
3;USA;Delaware;New Castle;Woodshade;W75.6831;N39.6542;12;
3;USA;Delaware;New Castle;Woodside Hills;W75.49;N39.7875;12;
3;USA;Delaware;New Castle;Woodside Manor;W75.7247;N39.5889;12;
3;USA;Delaware;New Castle;Worthland;W75.4497;N39.8083;12;
3;USA;Delaware;New Castle;Wrange Hill Estates;W75.6997;N39.5917;12;
3;USA;Delaware;New Castle;Wrangle Hill;W75.6575;N39.5792;12;
3;USA;Delaware;New Castle;Wynnewood;W75.5011;N39.8225;12;
3;USA;Delaware;New Castle;York Towne;W75.7331;N39.7639;12;
3;USA;Delaware;New Castle;Yorklyn Ridge;W75.6747;N39.8006;12;
3;USA;Delaware;New Castle;Yorklyn;W75.6756;N39.8081;12;
3;USA;Delaware;New Castle;Yorkshire;W75.7414;N39.6528;12;
3;USA;Delaware;Sussex;Abbotts Mill;W75.4767;N38.8864;12;
3;USA;Delaware;Sussex;Adams Crossroads;W75.7014;N38.7972;12;
3;USA;Delaware;Sussex;Anderson Crossroads;W75.37;N38.8586;12;
3;USA;Delaware;Sussex;Andersons Corner;W75.2594;N38.6986;12;
3;USA;Delaware;Sussex;Angola Acres II Mobile Home Park;W75.1578;N38.6731;12;
3;USA;Delaware;Sussex;Angola Beach Mobile Home Park;W75.1647;N38.6531;12;
3;USA;Delaware;Sussex;Angola by the Bay;W75.1747;N38.6708;12;
3;USA;Delaware;Sussex;Angola Crest II Mobile Home Park;W75.1531;N38.6683;12;
3;USA;Delaware;Sussex;Angola Crest Mobile Home Park;W75.1558;N38.6694;12;
3;USA;Delaware;Sussex;Angola Landing;W75.1269;N38.6439;12;
3;USA;Delaware;Sussex;Angola Neck Park Mobile Home Park;W75.1508;N38.6708;12;
3;USA;Delaware;Sussex;Anne Acres;W75.0828;N38.7003;12;
3;USA;Delaware;Sussex;Arabian Acres;W75.2264;N38.7356;12;
3;USA;Delaware;Sussex;Arbre Park Mobile Home Park;W75.2036;N38.71;12;
3;USA;Delaware;Sussex;Argo Corners;W75.3456;N38.8714;12;
3;USA;Delaware;Sussex;Aspen Meadows;W75.1306;N38.7347;12;
3;USA;Delaware;Sussex;Atlanta Estates;W75.6331;N38.6639;12;
3;USA;Delaware;Sussex;Atlanta;W75.6781;N38.7086;12;
3;USA;Delaware;Sussex;Avalon Park Mobile Home Park;W75.2664;N38.6578;12;
3;USA;Delaware;Sussex;Bacons;W75.5697;N38.5083;12;
3;USA;Delaware;Sussex;Baileys Landing;W75.6436;N38.5722;12;
3;USA;Delaware;Sussex;Bald Eagle Village;W75.0986;N38.7058;12;
3;USA;Delaware;Sussex;Bank Harbor Retreat;W75.0983;N38.5589;12;
3;USA;Delaware;Sussex;Banks Acres;W75.1111;N38.5569;12;
3;USA;Delaware;Sussex;Banks Development;W75.1136;N38.5533;12;
3;USA;Delaware;Sussex;Banks Harbor Estates;W75.0969;N38.5578;12;
3;USA;Delaware;Sussex;Banksville Park;W75.1183;N38.5556;12;
3;USA;Delaware;Sussex;Bay City Mobile Home Park;W75.1328;N38.6317;12;
3;USA;Delaware;Sussex;Bay Colony;W75.1442;N38.5861;12;
3;USA;Delaware;Sussex;Bay Harbor;W75.0983;N38.7053;12;
3;USA;Delaware;Sussex;Bay Shore Hills;W75.1447;N38.695;12;
3;USA;Delaware;Sussex;Bay Shore Mobile Home Park;W75.0842;N38.5761;12;
3;USA;Delaware;Sussex;Bay View Estates;W75.1297;N38.4561;12;
3;USA;Delaware;Sussex;Bay View Park;W75.0594;N38.5075;12;
3;USA;Delaware;Sussex;Bay Vista;W75.0978;N38.6972;12;
3;USA;Delaware;Sussex;Bayard;W75.1317;N38.5003;12;
3;USA;Delaware;Sussex;Bayberry Dunes;W75.0603;N38.5714;12;
3;USA;Delaware;Sussex;Bayside Hamlet;W75.0767;N38.5811;12;
3;USA;Delaware;Sussex;Bayville;W75.0889;N38.4683;12;
3;USA;Delaware;Sussex;Beachfield;W75.1219;N38.725;12;
3;USA;Delaware;Sussex;Beachwood;W75.1578;N38.4958;12;
3;USA;Delaware;Sussex;Beaver Dam Acres;W75.2097;N38.6872;12;
3;USA;Delaware;Sussex;Belltown;W75.1781;N38.7469;12;
3;USA;Delaware;Sussex;Ben Robins Landing;W75.1567;N38.6581;12;
3;USA;Delaware;Sussex;Bennum;W75.3142;N38.7111;12;
3;USA;Delaware;Sussex;Bethany Beach;W75.0553;N38.5394;12;
3;USA;Delaware;Sussex;Bethany Dunes;W75.0583;N38.5631;12;
3;USA;Delaware;Sussex;Bethany Village;W75.0589;N38.5597;12;
3;USA;Delaware;Sussex;Bethel;W75.3556;N38.4539;12;
3;USA;Delaware;Sussex;Bethel;W75.6194;N38.5706;12;
3;USA;Delaware;Sussex;Black Hog Landing;W75.1906;N38.7739;12;
3;USA;Delaware;Sussex;Blackwater Beach;W75.1578;N38.58;12;
3;USA;Delaware;Sussex;Blackwater Cove;W75.1356;N38.5575;12;
3;USA;Delaware;Sussex;Blackwater Village;W75.1594;N38.5558;12;
3;USA;Delaware;Sussex;Blackwater;W75.1622;N38.5458;12;
3;USA;Delaware;Sussex;Blades;W75.61;N38.6356;12;
3;USA;Delaware;Sussex;Blanchard;W75.6522;N38.8206;12;
3;USA;Delaware;Sussex;Bookhammer Landing;W75.1361;N38.6778;12;
3;USA;Delaware;Sussex;Bossard Property;W75.6328;N38.6517;12;
3;USA;Delaware;Sussex;Bottom Hills;W75.0711;N38.6172;12;
3;USA;Delaware;Sussex;Bowen Landing;W75.4092;N38.9203;12;
3;USA;Delaware;Sussex;Boyers Village;W75.1547;N38.5436;12;
3;USA;Delaware;Sussex;Branchview;W75.6697;N38.6397;12;
3;USA;Delaware;Sussex;Breezewood;W75.1303;N38.7203;12;
3;USA;Delaware;Sussex;Briar Hook;W75.66;N38.6825;12;
3;USA;Delaware;Sussex;Briarwood Manor;W75.3006;N38.7206;12;
3;USA;Delaware;Sussex;Bridgeville Manor;W75.5956;N38.7333;12;
3;USA;Delaware;Sussex;Bridgeville North;W75.5961;N38.7542;12;
3;USA;Delaware;Sussex;Bridgeville;W75.6044;N38.7425;12;
3;USA;Delaware;Sussex;Broad Acres;W75.5758;N38.6397;12;
3;USA;Delaware;Sussex;Broad Creek Estates;W75.6172;N38.5619;12;
3;USA;Delaware;Sussex;Broad Creek;W75.5839;N38.5856;12;
3;USA;Delaware;Sussex;Broadkill Beach;W75.2119;N38.8281;12;
3;USA;Delaware;Sussex;Brown Street;W75.4067;N38.9142;12;
3;USA;Delaware;Sussex;Bryan Park;W75.5872;N38.6897;12;
3;USA;Delaware;Sussex;Bryans Store;W75.4094;N38.5925;12;
3;USA;Delaware;Sussex;Buck Hill Landing;W75.2219;N38.5597;12;
3;USA;Delaware;Sussex;Bullseye;W75.2233;N38.5917;12;
3;USA;Delaware;Sussex;Bunting;W75.1542;N38.4633;12;
3;USA;Delaware;Sussex;Burton Acres;W75.2625;N38.5764;12;
3;USA;Delaware;Sussex;Byewood Manor;W75.1197;N38.5603;12;
3;USA;Delaware;Sussex;Calhoun Landing;W75.1206;N38.5925;12;
3;USA;Delaware;Sussex;Camelot Mobile Home Park;W75.1194;N38.72;12;
3;USA;Delaware;Sussex;Cannon;W75.615;N38.6994;12;
3;USA;Delaware;Sussex;Cantebury Apartments;W75.5925;N38.7428;12;
3;USA;Delaware;Sussex;Cape Windsor Mobile Home Park;W75.0733;N38.4536;12;
3;USA;Delaware;Sussex;Capes Cove Mobile Home Park;W75.1692;N38.7642;12;
3;USA;Delaware;Sussex;Captains Grant Mobile Home Park;W75.1844;N38.6028;12;
3;USA;Delaware;Sussex;Careys Estate Mobile Home Park;W75.3681;N38.5533;12;
3;USA;Delaware;Sussex;Carpenters Corner;W75.1503;N38.7425;12;
3;USA;Delaware;Sussex;Carsylian Acres;W75.2303;N38.7514;12;
3;USA;Delaware;Sussex;Cave Colony;W75.29;N38.7639;12;
3;USA;Delaware;Sussex;Cedar Shores;W75.0936;N38.5747;12;
3;USA;Delaware;Sussex;Cedarville Mobile Home Park;W75.0861;N38.5814;12;
3;USA;Delaware;Sussex;Cherrytree Landing;W75.5911;N38.6431;12;
3;USA;Delaware;Sussex;Chestnut Knoll;W75.4525;N38.9575;12;
3;USA;Delaware;Sussex;Clarksons Crossroads;W75.6525;N38.7144;12;
3;USA;Delaware;Sussex;Clarksville;W75.1478;N38.5489;12;
3;USA;Delaware;Sussex;Club House Landing;W75.0908;N38.5625;12;
3;USA;Delaware;Sussex;Cocked Hat;W75.6108;N38.7667;12;
3;USA;Delaware;Sussex;Collins and Russell Development;W75.3231;N38.7875;12;
3;USA;Delaware;Sussex;Collins Creek Estates;W75.1211;N38.5611;12;
3;USA;Delaware;Sussex;Collins Mill Park;W75.5239;N38.7092;12;
3;USA;Delaware;Sussex;Collins Park Mobile Home Park;W75.0864;N38.555;12;
3;USA;Delaware;Sussex;Collins Pond Acres;W75.5136;N38.7106;12;
3;USA;Delaware;Sussex;Colonial Acres;W75.5617;N38.6067;12;
3;USA;Delaware;Sussex;Colonial East Mobile Home Park;W75.1367;N38.7353;12;
3;USA;Delaware;Sussex;Columbia;W75.6778;N38.4978;12;
3;USA;Delaware;Sussex;Concord Heights;W75.5411;N38.6531;12;
3;USA;Delaware;Sussex;Concord;W75.5553;N38.6419;12;
3;USA;Delaware;Sussex;Conley Chapel Village Mobile Home Park;W75.1983;N38.6914;12;
3;USA;Delaware;Sussex;Cool Spring Farms Mobile Home Park;W75.2475;N38.725;12;
3;USA;Delaware;Sussex;Cool Spring Farms;W75.2525;N38.7258;12;
3;USA;Delaware;Sussex;Cool Spring Manor;W75.2561;N38.7197;12;
3;USA;Delaware;Sussex;Cool Spring;W75.2483;N38.7319;12;
3;USA;Delaware;Sussex;Country Club Estates;W75.4094;N38.9022;12;
3;USA;Delaware;Sussex;Country Estates;W75.1025;N38.5389;12;
3;USA;Delaware;Sussex;Country Living Mobile Home Park;W75.345;N38.5864;12;
3;USA;Delaware;Sussex;Country Village;W75.1497;N38.7164;12;
3;USA;Delaware;Sussex;County Seat Gardens Mobile Home Park;W75.3892;N38.7167;12;
3;USA;Delaware;Sussex;Coverdale Crossroads;W75.5311;N38.7103;12;
3;USA;Delaware;Sussex;Covey Creek;W75.1581;N38.7564;12;
3;USA;Delaware;Sussex;Cozy Cove Mobile Home Park;W75.1261;N38.6264;12;
3;USA;Delaware;Sussex;Craigs Mill;W75.6481;N38.6267;12;
3;USA;Delaware;Sussex;Cripple Creek;W75.2397;N38.7669;12;
3;USA;Delaware;Sussex;Cross Keys;W75.3681;N38.5658;12;
3;USA;Delaware;Sussex;Cuelen Acres;W75.2186;N38.5253;12;
3;USA;Delaware;Sussex;Dagsboro;W75.2458;N38.5492;12;
3;USA;Delaware;Sussex;Danfield Acres;W75.2411;N38.6764;12;
3;USA;Delaware;Sussex;Deer Creek;W75.5903;N38.7917;12;
3;USA;Delaware;Sussex;Deerwood;W75.3003;N38.7206;12;
3;USA;Delaware;Sussex;Delmar;W75.5772;N38.4564;12;
3;USA;Delaware;Sussex;Denton Manor;W75.1053;N38.5569;12;
3;USA;Delaware;Sussex;Denton Mills;W75.1169;N38.5464;12;
3;USA;Delaware;Sussex;Denton Woods Mobile Home Park;W75.1039;N38.5631;12;
3;USA;Delaware;Sussex;Devonshire Woods;W75.6369;N38.6631;12;
3;USA;Delaware;Sussex;Dewey Beach;W75.0747;N38.6928;12;
3;USA;Delaware;Sussex;Dogwood Acres Mobile Home Park;W75.1864;N38.5611;12;
3;USA;Delaware;Sussex;Dogwood Acres;W75.5842;N38.5356;12;
3;USA;Delaware;Sussex;Dogwood Park Mobile Home Park;W75.3147;N38.6383;12;
3;USA;Delaware;Sussex;Donovan Development;W75.1375;N38.7636;12;
3;USA;Delaware;Sussex;Donovan Development;W75.4467;N38.9056;12;
3;USA;Delaware;Sussex;Douglas Forge;W75.5775;N38.6458;12;
3;USA;Delaware;Sussex;Drawbridge;W75.2519;N38.7908;12;
3;USA;Delaware;Sussex;Driftwood Village Mobile Home Park;W75.1961;N38.6097;12;
3;USA;Delaware;Sussex;Dublin Hill;W75.6536;N38.7531;12;
3;USA;Delaware;Sussex;Dunbarton Oaks Apartments;W75.3969;N38.6914;12;
3;USA;Delaware;Sussex;Dutch Acres;W75.1794;N38.7506;12;
3;USA;Delaware;Sussex;East Mill Run;W75.2067;N38.7619;12;
3;USA;Delaware;Sussex;East Side Village;W75.3017;N38.7742;12;
3;USA;Delaware;Sussex;Eastman Heights;W75.4164;N38.8897;12;
3;USA;Delaware;Sussex;Edgewater;W75.205;N38.7531;12;
3;USA;Delaware;Sussex;Edgewood Manor;W75.1525;N38.5533;12;
3;USA;Delaware;Sussex;Edward Cordrey Subdivision;W75.2811;N38.6289;12;
3;USA;Delaware;Sussex;Ellendale;W75.4228;N38.8069;12;
3;USA;Delaware;Sussex;Enchanted Acres Mobile Home Park;W75.1761;N38.6306;12;
3;USA;Delaware;Sussex;Evans Park Mobile Home Park;W75.2817;N38.5344;12;
3;USA;Delaware;Sussex;Evergreen Acres;W75.4478;N38.9056;12;
3;USA;Delaware;Sussex;Fairmount;W75.2214;N38.6664;12;
3;USA;Delaware;Sussex;Fairway Villas;W75.1428;N38.5756;12;
3;USA;Delaware;Sussex;Farm View Park;W75.4481;N38.8761;12;
3;USA;Delaware;Sussex;Federalsburg;W75.4294;N38.8281;12;
3;USA;Delaware;Sussex;Fenwick Estates;W75.0506;N38.4522;12;
3;USA;Delaware;Sussex;Fenwick Estates;W75.1856;N38.4625;12;
3;USA;Delaware;Sussex;Fenwick Island;W75.0514;N38.4622;12;
3;USA;Delaware;Sussex;Fenwick Landing;W75.0661;N38.4539;12;
3;USA;Delaware;Sussex;Fenwick West;W75.1239;N38.4719;12;
3;USA;Delaware;Sussex;Fernwood;W75.5719;N38.6533;12;
3;USA;Delaware;Sussex;Ferry Landing;W75.2442;N38.5922;12;
3;USA;Delaware;Sussex;Fieldwood Addition;W75.1239;N38.7325;12;
3;USA;Delaware;Sussex;Fish Hook Mobile Home Court;W75.33;N38.6431;12;
3;USA;Delaware;Sussex;Fisher Landing;W75.1753;N38.7125;12;
3;USA;Delaware;Sussex;Fisher Mill Park;W75.5514;N38.6903;12;
3;USA;Delaware;Sussex;Fishermans Park Mobile Home Park;W75.1064;N38.6269;12;
3;USA;Delaware;Sussex;Five Points;W75.1733;N38.7486;12;
3;USA;Delaware;Sussex;Flea Hill;W75.4358;N38.6622;12;
3;USA;Delaware;Sussex;Foord Landing;W75.2578;N38.835;12;
3;USA;Delaware;Sussex;Forest Park Mobile Home Park;W75.3278;N38.6183;12;
3;USA;Delaware;Sussex;Fort Saulsbury;W75.3317;N38.9339;12;
3;USA;Delaware;Sussex;Fox Hollow;W75.1706;N38.7014;12;
3;USA;Delaware;Sussex;Fox Run Mobile Home Park;W75.1053;N38.5208;12;
3;USA;Delaware;Sussex;Foxfire Meadow;W75.0831;N38.5256;12;
3;USA;Delaware;Sussex;Frankford;W75.235;N38.5172;12;
3;USA;Delaware;Sussex;Frederick Acres;W75.5117;N38.6;12;
3;USA;Delaware;Sussex;Freeman Corner;W75.4572;N38.8867;12;
3;USA;Delaware;Sussex;Friedel Property;W75.58;N38.6569;12;
3;USA;Delaware;Sussex;Georgetown;W75.3856;N38.69;12;
3;USA;Delaware;Sussex;Goslee Mill;W75.1889;N38.7183;12;
3;USA;Delaware;Sussex;Gran-ville;W75.2967;N38.6369;12;
3;USA;Delaware;Sussex;Gravel Hill;W75.3158;N38.7142;12;
3;USA;Delaware;Sussex;Green Briar Court;W75.0919;N38.5486;12;
3;USA;Delaware;Sussex;Green Hill;W75.1672;N38.7911;12;
3;USA;Delaware;Sussex;Greenlea Acres;W75.3747;N38.6978;12;
3;USA;Delaware;Sussex;Greens Landing;W75.1625;N38.6553;12;
3;USA;Delaware;Sussex;Greentop;W75.4186;N38.8533;12;
3;USA;Delaware;Sussex;Greenwood Gardens;W75.5883;N38.7967;12;
3;USA;Delaware;Sussex;Greenwood;W75.5914;N38.8069;12;
3;USA;Delaware;Sussex;Gull Point;W75.2094;N38.5947;12;
3;USA;Delaware;Sussex;Gulls Nest;W75.0606;N38.5758;12;
3;USA;Delaware;Sussex;Gum Crossroads;W75.4731;N38.6539;12;
3;USA;Delaware;Sussex;Gumboro;W75.3653;N38.4775;12;
3;USA;Delaware;Sussex;Harbeson;W75.285;N38.7247;12;
3;USA;Delaware;Sussex;Hardscrabble;W75.4786;N38.6147;12;
3;USA;Delaware;Sussex;Harlemtown;W75.3758;N38.6903;12;
3;USA;Delaware;Sussex;Harmon;W75.2022;N38.6147;12;
3;USA;Delaware;Sussex;Hasting Estates Mobile Home Park;W75.5853;N38.6314;12;
3;USA;Delaware;Sussex;Hastings Park Mobile Home Park;W75.5936;N38.6347;12;
3;USA;Delaware;Sussex;Hazzard Landing;W75.2136;N38.8103;12;
3;USA;Delaware;Sussex;Hearns Crossroads;W75.5503;N38.5331;12;
3;USA;Delaware;Sussex;Hearns Mill;W75.5942;N38.6783;12;
3;USA;Delaware;Sussex;Helms Landing;W75.2161;N38.5592;12;
3;USA;Delaware;Sussex;Henlopen Acres;W75.0864;N38.7297;12;
3;USA;Delaware;Sussex;Henlopen Keys;W75.1008;N38.7264;12;
3;USA;Delaware;Sussex;Heritage Village;W75.6317;N38.6575;12;
3;USA;Delaware;Sussex;Heronwood;W75.2231;N38.7603;12;
3;USA;Delaware;Sussex;Herring Creek Estates;W75.1858;N38.6622;12;
3;USA;Delaware;Sussex;Herring Landing;W75.1353;N38.65;12;
3;USA;Delaware;Sussex;Hickman Village Estates Mobile Home Park;W75.5439;N38.5439;12;
3;USA;Delaware;Sussex;Hickory Hill;W75.3067;N38.5386;12;
3;USA;Delaware;Sussex;Hickory Ridge;W75.585;N38.8133;12;
3;USA;Delaware;Sussex;Hidden Acres;W75.1511;N38.5478;12;
3;USA;Delaware;Sussex;Highland Acres;W75.1467;N38.7675;12;
3;USA;Delaware;Sussex;Highland Acres;W75.1553;N38.7653;12;
3;USA;Delaware;Sussex;Highland Terrace;W75.3939;N38.6967;12;
3;USA;Delaware;Sussex;Hill N Dale;W75.6183;N38.6225;12;
3;USA;Delaware;Sussex;Hillcrest Acres Mobile Home Park;W75.2297;N38.61;12;
3;USA;Delaware;Sussex;Hilltop Acres;W75.4294;N38.8483;12;
3;USA;Delaware;Sussex;Hitchens Crossroads;W75.4619;N38.5769;12;
3;USA;Delaware;Sussex;Hoagland Subdivision;W75.6561;N38.5669;12;
3;USA;Delaware;Sussex;Holiday Acres;W75.2656;N38.5722;12;
3;USA;Delaware;Sussex;Holiday Estates;W75.2653;N38.5311;12;
3;USA;Delaware;Sussex;Holiday Pines Mobile Home Park;W75.2111;N38.6353;12;
3;USA;Delaware;Sussex;Holiday Pines;W75.2094;N38.6342;12;
3;USA;Delaware;Sussex;Holly Forest;W75.1347;N38.5389;12;
3;USA;Delaware;Sussex;Holly Hill;W75.4294;N38.84;12;
3;USA;Delaware;Sussex;Holly Lake Mobile Home Park;W75.3192;N38.7778;12;
3;USA;Delaware;Sussex;Holly Leaf Estates Mobile Home Park;W75.2597;N38.6539;12;
3;USA;Delaware;Sussex;Holly Oak Mobile Home Park;W75.5742;N38.4656;12;
3;USA;Delaware;Sussex;Holly Pines Mobile Home Park;W75.1814;N38.7247;12;
3;USA;Delaware;Sussex;Holly Ridge;W75.085;N38.57;12;
3;USA;Delaware;Sussex;Hollybrook Apartments;W75.5703;N38.5689;12;
3;USA;Delaware;Sussex;Hollymount;W75.2217;N38.6753;12;
3;USA;Delaware;Sussex;Hollyville Acres;W75.23;N38.6883;12;
3;USA;Delaware;Sussex;Hollyville;W75.2422;N38.6717;12;
3;USA;Delaware;Sussex;Hollywoods Park;W75.5844;N38.5436;12;
3;USA;Delaware;Sussex;Homestead Mobile Home Park;W75.3908;N38.6064;12;
3;USA;Delaware;Sussex;Horns Mobile Village Mobile Home Park;W75.5753;N38.5883;12;
3;USA;Delaware;Sussex;Houston;W75.2406;N38.7875;12;
3;USA;Delaware;Sussex;Howard Manor;W75.1397;N38.5522;12;
3;USA;Delaware;Sussex;Hudson Crossroads;W75.1742;N38.4786;12;
3;USA;Delaware;Sussex;Hudson Pond Acres;W75.44;N38.8417;12;
3;USA;Delaware;Sussex;Hurley Heights;W75.6172;N38.6475;12;
3;USA;Delaware;Sussex;Indian Beach;W75.0733;N38.6856;12;
3;USA;Delaware;Sussex;Indian Cove;W75.1106;N38.4906;12;
3;USA;Delaware;Sussex;Indian Harbor Villa;W75.0617;N38.5894;12;
3;USA;Delaware;Sussex;Indian Landing Mobile Home Park;W75.1064;N38.6239;12;
3;USA;Delaware;Sussex;Indian Landing North Mobile Home Park;W75.1197;N38.6269;12;
3;USA;Delaware;Sussex;Indian Mission;W75.2353;N38.6733;12;
3;USA;Delaware;Sussex;Indian River Acres;W75.1706;N38.5742;12;
3;USA;Delaware;Sussex;Indiantown Farms;W75.2131;N38.6208;12;
3;USA;Delaware;Sussex;Irons Lane Landing;W75.1442;N38.5867;12;
3;USA;Delaware;Sussex;Israel Haul;W75.1869;N38.5781;12;
3;USA;Delaware;Sussex;Jacobs Crossroads;W75.6861;N38.7431;12;
3;USA;Delaware;Sussex;Jefferson Crossroads;W75.3453;N38.8342;12;
3;USA;Delaware;Sussex;Jimtown;W75.1867;N38.7319;12;
3;USA;Delaware;Sussex;John Marsh Landing;W75.1647;N38.6586;12;
3;USA;Delaware;Sussex;Johnson Development;W75.6011;N38.6144;12;
3;USA;Delaware;Sussex;Johnson;W75.1386;N38.4753;12;
3;USA;Delaware;Sussex;Jones Crossroads;W75.4469;N38.6044;12;
3;USA;Delaware;Sussex;Kawan Acres;W75.2986;N38.6594;12;
3;USA;Delaware;Sussex;Keen-Wik;W75.0903;N38.4606;12;
3;USA;Delaware;Sussex;Keenwik Sound;W75.1064;N38.4703;12;
3;USA;Delaware;Sussex;Keenwik West;W75.1003;N38.4708;12;
3;USA;Delaware;Sussex;Kenmore Park;W75.5775;N38.6583;12;
3;USA;Delaware;Sussex;Kerseys Evergreen Acres;W75.2772;N38.5642;12;
3;USA;Delaware;Sussex;Kings Crossroads;W75.4531;N38.7461;12;
3;USA;Delaware;Sussex;Kings Grant;W75.0531;N38.4864;12;
3;USA;Delaware;Sussex;Kings Second Addition;W75.3964;N38.6914;12;
3;USA;Delaware;Sussex;Knowles Crossroads;W75.4519;N38.6536;12;
3;USA;Delaware;Sussex;Lake Pines;W75.5486;N38.5556;12;
3;USA;Delaware;Sussex;Lake Shores;W75.5956;N38.6833;12;
3;USA;Delaware;Sussex;Lakeside Estates Mobile Home Park;W75.5917;N38.6289;12;
3;USA;Delaware;Sussex;Lakeside Manor;W75.5622;N38.5625;12;
3;USA;Delaware;Sussex;Lakeview Estates;W75.3431;N38.5764;12;
3;USA;Delaware;Sussex;Lakewood Development;W75.4517;N38.9072;12;
3;USA;Delaware;Sussex;Lakewood;W75.4553;N38.9078;12;
3;USA;Delaware;Sussex;Lakewood;W75.5464;N38.6467;12;
3;USA;Delaware;Sussex;Land of Pleasant Living;W75.1103;N38.5603;12;
3;USA;Delaware;Sussex;Lantern Lane Mobile Villa;W75.1567;N38.4633;12;
3;USA;Delaware;Sussex;Larence Cordrey Subdivision;W75.2606;N38.625;12;
3;USA;Delaware;Sussex;Laurel Creek;W75.56;N38.5556;12;
3;USA;Delaware;Sussex;Laurel Mobile Home Park;W75.5583;N38.5603;12;
3;USA;Delaware;Sussex;Laurel;W75.5714;N38.5564;12;
3;USA;Delaware;Sussex;Lazy Lagoon Mobile Home Park;W75.2336;N38.5025;12;
3;USA;Delaware;Sussex;Lazy Lake;W75.2614;N38.7339;12;
3;USA;Delaware;Sussex;Leisure Point Mobile Home Park;W75.1614;N38.6311;12;
3;USA;Delaware;Sussex;Lewes Beach;W75.1481;N38.785;12;
3;USA;Delaware;Sussex;Lewes;W75.1394;N38.7744;12;
3;USA;Delaware;Sussex;Lightfoots Furnace;W75.5783;N38.6408;12;
3;USA;Delaware;Sussex;Lincoln Village;W75.4392;N38.8672;12;
3;USA;Delaware;Sussex;Lincoln;W75.4231;N38.8697;12;
3;USA;Delaware;Sussex;Lingo Estate Mobile Home Park;W75.175;N38.6303;12;
3;USA;Delaware;Sussex;Lingo Landing;W75.1242;N38.6336;12;
3;USA;Delaware;Sussex;Little Acres;W75.56;N38.4986;12;
3;USA;Delaware;Sussex;Lochwood;W75.1961;N38.6789;12;
3;USA;Delaware;Sussex;Log Cabin Mobile Home Park;W75.2353;N38.7367;12;
3;USA;Delaware;Sussex;Long Acres;W75.1908;N38.7158;12;
3;USA;Delaware;Sussex;Long Neck Village Mobile Home Park;W75.1708;N38.6294;12;
3;USA;Delaware;Sussex;Long Neck;W75.1508;N38.62;12;
3;USA;Delaware;Sussex;Lowe;W75.5089;N38.5247;12;
3;USA;Delaware;Sussex;Lowes Crossroads;W75.4064;N38.5233;12;
3;USA;Delaware;Sussex;Lynn Lee Village Mobile Home Park;W75.0875;N38.5575;12;
3;USA;Delaware;Sussex;Magnolia Shores;W75.1147;N38.4783;12;
3;USA;Delaware;Sussex;Mallard Point;W75.2122;N38.7486;12;
3;USA;Delaware;Sussex;Maplewood;W75.1361;N38.7303;12;
3;USA;Delaware;Sussex;Marshtown;W75.1639;N38.6933;12;
3;USA;Delaware;Sussex;Massey Landing;W75.1042;N38.6261;12;
3;USA;Delaware;Sussex;Mastens Heights Mobile Home Park;W75.1308;N38.725;12;
3;USA;Delaware;Sussex;McDonalds Crossroads;W75.4475;N38.6675;12;
3;USA;Delaware;Sussex;McNichol Place;W75.1606;N38.7517;12;
3;USA;Delaware;Sussex;Meadow Acres;W75.5672;N38.6583;12;
3;USA;Delaware;Sussex;Meadows;W75.5719;N38.6522;12;
3;USA;Delaware;Sussex;Messick Development;W75.5372;N38.7014;12;
3;USA;Delaware;Sussex;Meyle Estates;W75.0883;N38.5389;12;
3;USA;Delaware;Sussex;Middleford Acres;W75.6089;N38.6806;12;
3;USA;Delaware;Sussex;Middleford;W75.5672;N38.6667;12;
3;USA;Delaware;Sussex;Middlesex Beach;W75.0542;N38.5225;12;
3;USA;Delaware;Sussex;Midnight Thicket;W75.5386;N38.5764;12;
3;USA;Delaware;Sussex;Midway Estates;W75.1581;N38.7347;12;
3;USA;Delaware;Sussex;Midway Park Subdivision;W75.1431;N38.7381;12;
3;USA;Delaware;Sussex;Midway Park;W75.1428;N38.7397;12;
3;USA;Delaware;Sussex;Midway;W75.1294;N38.7281;12;
3;USA;Delaware;Sussex;Milford;W75.4281;N38.9125;12;
3;USA;Delaware;Sussex;Mill Creek Manor;W75.1989;N38.7583;12;
3;USA;Delaware;Sussex;Mill Pond Acres;W75.1983;N38.7572;12;
3;USA;Delaware;Sussex;Mill Run Acres;W75.1089;N38.5508;12;
3;USA;Delaware;Sussex;Miller Creek Park Mobile Home Park;W75.1047;N38.5108;12;
3;USA;Delaware;Sussex;Millpond Acres;W75.2039;N38.7644;12;
3;USA;Delaware;Sussex;Millsboro;W75.2914;N38.5914;12;
3;USA;Delaware;Sussex;Millville;W75.1233;N38.5494;12;
3;USA;Delaware;Sussex;Milton;W75.31;N38.7775;12;
3;USA;Delaware;Sussex;Mispillion Light;W75.315;N38.9472;12;
3;USA;Delaware;Sussex;Mission;W75.3544;N38.5464;12;
3;USA;Delaware;Sussex;Mobile Gardens Mobile Home Park;W75.5897;N38.6344;12;
3;USA;Delaware;Sussex;Morris Mill;W75.3169;N38.6389;12;
3;USA;Delaware;Sussex;Mount Joy;W75.2961;N38.6319;12;
3;USA;Delaware;Sussex;Mulberry Landing;W75.0764;N38.4858;12;
3;USA;Delaware;Sussex;Murray Estates;W75.0778;N38.5619;12;
3;USA;Delaware;Sussex;Murrays Corner;W75.1503;N38.7519;12;
3;USA;Delaware;Sussex;Murrays Development;W75.3828;N38.6972;12;
3;USA;Delaware;Sussex;Murrays Haven;W75.1019;N38.5483;12;
3;USA;Delaware;Sussex;Murry Landing;W75.0931;N38.5706;12;
3;USA;Delaware;Sussex;Nanticoke Acres;W75.5847;N38.6394;12;
3;USA;Delaware;Sussex;Nanticoke Estates;W75.6206;N38.6231;12;
3;USA;Delaware;Sussex;Nanticoke Shores Mobile Home Park;W75.1392;N38.63;12;
3;USA;Delaware;Sussex;Nassau Park Mobile Home Park;W75.19;N38.7497;12;
3;USA;Delaware;Sussex;Nassau;W75.1878;N38.7519;12;
3;USA;Delaware;Sussex;Nentego Manor;W75.3606;N38.5153;12;
3;USA;Delaware;Sussex;New Market Village Mobile Home Park;W75.3872;N38.8097;12;
3;USA;Delaware;Sussex;New Market;W75.3969;N38.8072;12;
3;USA;Delaware;Sussex;Newton Woods;W75.5928;N38.7669;12;
3;USA;Delaware;Sussex;Newtons Acres;W75.0758;N38.5856;12;
3;USA;Delaware;Sussex;North Seaford Heights;W75.6039;N38.655;12;
3;USA;Delaware;Sussex;North Shores Addition;W75.5772;N38.6581;12;
3;USA;Delaware;Sussex;North Shores;W75.0844;N38.7361;12;
3;USA;Delaware;Sussex;North Shores;W75.5831;N38.6533;12;
3;USA;Delaware;Sussex;Oak Acres;W75.1119;N38.4944;12;
3;USA;Delaware;Sussex;Oak Drive;W75.3053;N38.5903;12;
3;USA;Delaware;Sussex;Oak Forest Mobile Home Park;W75.1719;N38.6294;12;
3;USA;Delaware;Sussex;Oak Grove;W75.7064;N38.6608;12;
3;USA;Delaware;Sussex;Oak Meadows Mobile Home Park;W75.2;N38.6119;12;
3;USA;Delaware;Sussex;Oak Orchard West Mobile Home Park;W75.1961;N38.6094;12;
3;USA;Delaware;Sussex;Oak Orchard;W75.1728;N38.5961;12;
3;USA;Delaware;Sussex;Oakley;W75.4889;N38.8064;12;
3;USA;Delaware;Sussex;Ocean View;W75.0892;N38.545;12;
3;USA;Delaware;Sussex;Ocean Village;W75.0594;N38.5569;12;
3;USA;Delaware;Sussex;Ocean Way Estates;W75.0806;N38.5367;12;
3;USA;Delaware;Sussex;Old Furnace;W75.5164;N38.6667;12;
3;USA;Delaware;Sussex;Old Landing Woods;W75.1339;N38.7014;12;
3;USA;Delaware;Sussex;Old Landing;W75.1281;N38.6869;12;
3;USA;Delaware;Sussex;Old Landing;W75.2692;N38.5842;12;
3;USA;Delaware;Sussex;Old Mill Acres;W75.6428;N38.6047;12;
3;USA;Delaware;Sussex;Omar;W75.1997;N38.5272;12;
3;USA;Delaware;Sussex;Orchard Manor;W75.1794;N38.5997;12;
3;USA;Delaware;Sussex;Overbrook Shores;W75.2253;N38.7583;12;
3;USA;Delaware;Sussex;Overbrook;W75.215;N38.7675;12;
3;USA;Delaware;Sussex;Owens;W75.5261;N38.8056;12;
3;USA;Delaware;Sussex;Oyster Rocks;W75.2028;N38.8019;12;
3;USA;Delaware;Sussex;Packing House Corner;W75.6733;N38.4658;12;
3;USA;Delaware;Sussex;Patterson Place Mobile Home Park;W75.2597;N38.6533;12;
3;USA;Delaware;Sussex;Patty Cannon Estates;W75.6447;N38.5928;12;
3;USA;Delaware;Sussex;Pepper Ridge Mobile Home Park;W75.2247;N38.4961;12;
3;USA;Delaware;Sussex;Pepper;W75.4772;N38.5417;12;
3;USA;Delaware;Sussex;Pepperbox;W75.4397;N38.4986;12;
3;USA;Delaware;Sussex;Peppers Landing;W75.0781;N38.4764;12;
3;USA;Delaware;Sussex;Phil Mar Estates;W75.0981;N38.7103;12;
3;USA;Delaware;Sussex;Phillips Hill;W75.3331;N38.5689;12;
3;USA;Delaware;Sussex;Pilottown;W75.1525;N38.7797;12;
3;USA;Delaware;Sussex;Pine Grove;W75.1164;N38.5397;12;
3;USA;Delaware;Sussex;Pine Lake Development;W75.2886;N38.6653;12;
3;USA;Delaware;Sussex;Pine Lodge Addition;W75.3108;N38.5939;12;
3;USA;Delaware;Sussex;Pine Manor Estates;W75.1342;N38.5156;12;
3;USA;Delaware;Sussex;Pine Valley Mobile Home Park;W75.1303;N38.725;12;
3;USA;Delaware;Sussex;Pine Water Farm;W75.1786;N38.6611;12;
3;USA;Delaware;Sussex;Pine Water Landing;W75.1714;N38.6564;12;
3;USA;Delaware;Sussex;Pinepoint Mobile Home Park;W75.2178;N38.5953;12;
3;USA;Delaware;Sussex;Pinetown;W75.2239;N38.7453;12;
3;USA;Delaware;Sussex;Piney Glade;W75.1217;N38.7267;12;
3;USA;Delaware;Sussex;Piney Grove Manor;W75.3706;N38.6431;12;
3;USA;Delaware;Sussex;Piney Grove;W75.3869;N38.6311;12;
3;USA;Delaware;Sussex;Piney Point;W75.0858;N38.5644;12;
3;USA;Delaware;Sussex;Plantation Park II Mobile Home Park;W75.1103;N38.5136;12;
3;USA;Delaware;Sussex;Pond Acres;W75.0686;N38.5539;12;
3;USA;Delaware;Sussex;Pondside Acres;W75.4036;N38.8567;12;
3;USA;Delaware;Sussex;Portsville;W75.63;N38.5619;12;
3;USA;Delaware;Sussex;Pot Nets West;W75.1747;N38.6244;12;
3;USA;Delaware;Sussex;Pots Nets North Mobile Home Park;W75.1547;N38.6347;12;
3;USA;Delaware;Sussex;Primehook Beach;W75.2428;N38.8556;12;
3;USA;Delaware;Sussex;Prince George Acres;W75.2317;N38.5453;12;
3;USA;Delaware;Sussex;Pusey Crossroads;W75.4094;N38.5581;12;
3;USA;Delaware;Sussex;Pusey Development;W75.5797;N38.5475;12;
3;USA;Delaware;Sussex;Quakers Heights;W75.1589;N38.755;12;
3;USA;Delaware;Sussex;Quakertown;W75.1594;N38.7553;12;
3;USA;Delaware;Sussex;Queens Quest;W75.0531;N38.4842;12;
3;USA;Delaware;Sussex;Quillens Point;W75.0728;N38.5864;12;
3;USA;Delaware;Sussex;Ralphs;W75.6364;N38.5008;12;
3;USA;Delaware;Sussex;Records Estates;W75.5853;N38.5139;12;
3;USA;Delaware;Sussex;Red Hill Manor;W75.2058;N38.7614;12;
3;USA;Delaware;Sussex;Red Mill Farms;W75.2058;N38.7489;12;
3;USA;Delaware;Sussex;Redden Crossroads;W75.4231;N38.7392;12;
3;USA;Delaware;Sussex;Redden;W75.4172;N38.7414;12;
3;USA;Delaware;Sussex;Rehoboth Beach;W75.0761;N38.7208;12;
3;USA;Delaware;Sussex;Rehoboth Manor;W75.0906;N38.7067;12;
3;USA;Delaware;Sussex;Rehoboth Shores Mobile Home Park;W75.1364;N38.6306;12;
3;USA;Delaware;Sussex;Reynolds Mill;W75.3442;N38.8131;12;
3;USA;Delaware;Sussex;Richard Heights;W75.6386;N38.675;12;
3;USA;Delaware;Sussex;Ricland Heights;W75.6383;N38.6739;12;
3;USA;Delaware;Sussex;River-view Acres;W75.6339;N38.5642;12;
3;USA;Delaware;Sussex;River Breeze;W75.1925;N38.6236;12;
3;USA;Delaware;Sussex;River Village II Mobile Home Park;W75.1997;N38.6125;12;
3;USA;Delaware;Sussex;River Village Mobile Home Park;W75.1964;N38.6169;12;
3;USA;Delaware;Sussex;Riverdale;W75.1844;N38.5942;12;
3;USA;Delaware;Sussex;Riverdale;W75.1914;N38.5939;12;
3;USA;Delaware;Sussex;Riverview;W75.2747;N38.5825;12;
3;USA;Delaware;Sussex;Robbins;W75.4217;N38.7619;12;
3;USA;Delaware;Sussex;Robertson Landing;W75.2431;N38.8053;12;
3;USA;Delaware;Sussex;Robinson Landing;W75.1417;N38.6931;12;
3;USA;Delaware;Sussex;Robinsonville;W75.1922;N38.7136;12;
3;USA;Delaware;Sussex;Rogers Development;W75.3642;N38.7008;12;
3;USA;Delaware;Sussex;Rogers Haven;W75.0939;N38.5617;12;
3;USA;Delaware;Sussex;Rogers Haven;W75.0942;N38.5597;12;
3;USA;Delaware;Sussex;Ross;W75.6211;N38.6567;12;
3;USA;Delaware;Sussex;Roxana;W75.1697;N38.4964;12;
3;USA;Delaware;Sussex;Roxford;W75.1303;N38.55;12;
3;USA;Delaware;Sussex;Ruth Harbor;W75.5539;N38.6622;12;
3;USA;Delaware;Sussex;Saint George;W75.5847;N38.4989;12;
3;USA;Delaware;Sussex;Saint Johnstown;W75.5756;N38.805;12;
3;USA;Delaware;Sussex;Sand Dunes Village;W75.1803;N38.7567;12;
3;USA;Delaware;Sussex;Sand Hill;W75.3603;N38.7319;12;
3;USA;Delaware;Sussex;Sandy Beach;W75.26;N38.5753;12;
3;USA;Delaware;Sussex;Sandy Brae;W75.1483;N38.7375;12;
3;USA;Delaware;Sussex;Sandy Fork;W75.5322;N38.5539;12;
3;USA;Delaware;Sussex;Sandy Landing;W75.1789;N38.5708;12;
3;USA;Delaware;Sussex;Sassafras Landing;W75.0828;N38.4989;12;
3;USA;Delaware;Sussex;Saulsbury Switch;W75.3433;N38.7017;12;
3;USA;Delaware;Sussex;Savannah Place;W75.1614;N38.7639;12;
3;USA;Delaware;Sussex;Scotts Corner;W75.6672;N38.7808;12;
3;USA;Delaware;Sussex;Scottsdale Park Mobile Home Park;W75.55;N38.5011;12;
3;USA;Delaware;Sussex;Sea Air Mobile Home Park;W75.1122;N38.7156;12;
3;USA;Delaware;Sussex;Sea Colony East;W75.055;N38.5286;12;
3;USA;Delaware;Sussex;Sea Colony;W75.055;N38.5286;12;
3;USA;Delaware;Sussex;Sea Del Estates;W75.0583;N38.5653;12;
3;USA;Delaware;Sussex;Sea Dunes;W75.0517;N38.4792;12;
3;USA;Delaware;Sussex;Sea Farers Village;W75.1736;N38.63;12;
3;USA;Delaware;Sussex;Sea Spray Village;W75.1989;N38.7394;12;
3;USA;Delaware;Sussex;Seabreak;W75.0581;N38.5536;12;
3;USA;Delaware;Sussex;Seabreeze;W75.0817;N38.6958;12;
3;USA;Delaware;Sussex;Seaford Heights;W75.6081;N38.65;12;
3;USA;Delaware;Sussex;Seaford;W75.6111;N38.6411;12;
3;USA;Delaware;Sussex;Seaside Villas;W75.0514;N38.4803;12;
3;USA;Delaware;Sussex;Seatowne;W75.0531;N38.4814;12;
3;USA;Delaware;Sussex;Selbyville;W75.2208;N38.4603;12;
3;USA;Delaware;Sussex;Shady Acres Mobile Home Park;W75.5578;N38.5625;12;
3;USA;Delaware;Sussex;Shady Dell Mobile Home Park;W75.1039;N38.5208;12;
3;USA;Delaware;Sussex;Shady Grove;W75.1222;N38.7258;12;
3;USA;Delaware;Sussex;Shady Park Mobile Home Park;W75.0967;N38.4717;12;
3;USA;Delaware;Sussex;Shady Rest Park;W75.2614;N38.7183;12;
3;USA;Delaware;Sussex;Shady Ridge;W75.1214;N38.7278;12;
3;USA;Delaware;Sussex;Shady Side;W75.2019;N38.7525;12;
3;USA;Delaware;Sussex;Shaffer Property;W75.1578;N38.7564;12;
3;USA;Delaware;Sussex;Shaft Ox Corner;W75.3569;N38.5247;12;
3;USA;Delaware;Sussex;Shawnee Acres;W75.4025;N38.8944;12;
3;USA;Delaware;Sussex;Shawnee;W75.4567;N38.8897;12;
3;USA;Delaware;Sussex;Shawns Hideaway Mobile Home Park;W75.1831;N38.6528;12;
3;USA;Delaware;Sussex;Sheep Pen Landing;W75.1478;N38.6428;12;
3;USA;Delaware;Sussex;Shell Landing;W75.1389;N38.6658;12;
3;USA;Delaware;Sussex;Sherwood Acres;W75.1456;N38.5361;12;
3;USA;Delaware;Sussex;Sherwood Forest Mobile Home Park;W75.1953;N38.635;12;
3;USA;Delaware;Sussex;Shockley Heights;W75.0989;N38.7144;12;
3;USA;Delaware;Sussex;Shockley Manor;W75.1006;N38.7167;12;
3;USA;Delaware;Sussex;Shortly;W75.3947;N38.6072;12;
3;USA;Delaware;Sussex;Shuffelt Acres;W75.6725;N38.6442;12;
3;USA;Delaware;Sussex;Silver View Farm;W75.1136;N38.7033;12;
3;USA;Delaware;Sussex;Slaughter Beach;W75.3042;N38.9128;12;
3;USA;Delaware;Sussex;Sloan Landing;W75.1325;N38.655;12;
3;USA;Delaware;Sussex;Smith Hill;W75.5131;N38.495;12;
3;USA;Delaware;Sussex;Smith Landing;W75.2733;N38.7936;12;
3;USA;Delaware;Sussex;Smithfield Acres;W75.1969;N38.4733;12;
3;USA;Delaware;Sussex;Snug Harbor;W75.5733;N38.6583;12;
3;USA;Delaware;Sussex;South Bethany;W75.0531;N38.5164;12;
3;USA;Delaware;Sussex;Spring Brook Forest;W75.1542;N38.4958;12;
3;USA;Delaware;Sussex;Spring Lake;W75.0872;N38.705;12;
3;USA;Delaware;Sussex;Springfield Crossroads;W75.3078;N38.6825;12;
3;USA;Delaware;Sussex;Springfield Farms Addition;W75.3747;N38.6803;12;
3;USA;Delaware;Sussex;Stage Mobile Home Village;W75.5517;N38.4672;12;
3;USA;Delaware;Sussex;Stanley Manor;W75.4594;N38.9028;12;
3;USA;Delaware;Sussex;Star Landing;W75.2025;N38.7608;12;
3;USA;Delaware;Sussex;Staytonville;W75.5189;N38.8494;12;
3;USA;Delaware;Sussex;Steamboat Landing;W75.2422;N38.7986;12;
3;USA;Delaware;Sussex;Steele Acres;W75.0769;N38.5817;12;
3;USA;Delaware;Sussex;Stockley;W75.34;N38.6408;12;
3;USA;Delaware;Sussex;Strawberry Landing;W75.0714;N38.5008;12;
3;USA;Delaware;Sussex;Susan Beach Corner;W75.6525;N38.4681;12;
3;USA;Delaware;Sussex;Sussex Estates;W75.5558;N38.6019;12;
3;USA;Delaware;Sussex;Sussex Shores;W75.0572;N38.55;12;
3;USA;Delaware;Sussex;Sussex Woods;W75.4389;N38.8361;12;
3;USA;Delaware;Sussex;Swain Acres;W75.3997;N38.6917;12;
3;USA;Delaware;Sussex;Swanendael;W75.1633;N38.765;12;
3;USA;Delaware;Sussex;Swann Keys;W75.0864;N38.48;12;
3;USA;Delaware;Sussex;Sweet Briar Mobile Home Park;W75.2261;N38.7514;12;
3;USA;Delaware;Sussex;Sycamore;W75.4906;N38.5958;12;
3;USA;Delaware;Sussex;Teaberry Woods;W75.0975;N38.4706;12;
3;USA;Delaware;Sussex;Tessie-Maringola Estates;W75.4364;N38.835;12;
3;USA;Delaware;Sussex;Thatchers Landing;W75.2019;N38.5564;12;
3;USA;Delaware;Sussex;The Glade;W75.0997;N38.7361;12;
3;USA;Delaware;Sussex;The Heath;W75.4581;N38.9069;12;
3;USA;Delaware;Sussex;The Island;W75.5953;N38.6472;12;
3;USA;Delaware;Sussex;The Landing;W75.1303;N38.7139;12;
3;USA;Delaware;Sussex;The Landing;W75.2139;N38.5928;12;
3;USA;Delaware;Sussex;The Narrows;W75.0764;N38.4933;12;
3;USA;Delaware;Sussex;The Oaks;W75.5983;N38.6639;12;
3;USA;Delaware;Sussex;The Plantations;W75.1625;N38.7333;12;
3;USA;Delaware;Sussex;The Reservation;W75.0781;N38.5736;12;
3;USA;Delaware;Sussex;The Shoals;W75.0514;N38.4772;12;
3;USA;Delaware;Sussex;The Willows;W75.1836;N38.6867;12;
3;USA;Delaware;Sussex;The Woods on Herring Creek;W75.1442;N38.6644;12;
3;USA;Delaware;Sussex;Three Seasons Mobile Home Park;W75.1147;N38.7003;12;
3;USA;Delaware;Sussex;Tower Shores;W75.0608;N38.5839;12;
3;USA;Delaware;Sussex;Tri-State Mobile Home Park;W75.1683;N38.6969;12;
3;USA;Delaware;Sussex;Trinity;W75.1867;N38.6244;12;
3;USA;Delaware;Sussex;Tru Vale Acres;W75.1242;N38.7319;12;
3;USA;Delaware;Sussex;Truitts Midway Development;W75.135;N38.7306;12;
3;USA;Delaware;Sussex;Truitts Park;W75.0914;N38.7056;12;
3;USA;Delaware;Sussex;Tuckahoe Acres;W75.1206;N38.5889;12;
3;USA;Delaware;Sussex;Tussock Pond;W75.6364;N38.54;12;
3;USA;Delaware;Sussex;Upcounty Mobile Home Park;W75.6408;N38.6214;12;
3;USA;Delaware;Sussex;Vaughn Landing;W75.2822;N38.7786;12;
3;USA;Delaware;Sussex;Victor E Hurley Estates;W75.5969;N38.6464;12;
3;USA;Delaware;Sussex;Walkers Acres;W75.4314;N38.8047;12;
3;USA;Delaware;Sussex;Waples Pond Acres;W75.3047;N38.8172;12;
3;USA;Delaware;Sussex;Waples;W75.3075;N38.8258;12;
3;USA;Delaware;Sussex;Ward;W75.4778;N38.4853;12;
3;USA;Delaware;Sussex;Warwick Park;W75.2103;N38.5969;12;
3;USA;Delaware;Sussex;Warwick;W75.2306;N38.6031;12;
3;USA;Delaware;Sussex;Washington Heights;W75.0956;N38.7125;12;
3;USA;Delaware;Sussex;Waterview Acres;W75.5456;N38.6408;12;
3;USA;Delaware;Sussex;Webb Landing;W75.1803;N38.7114;12;
3;USA;Delaware;Sussex;Webb Manor;W75.4464;N38.9022;12;
3;USA;Delaware;Sussex;Wescoats Corner;W75.1644;N38.7517;12;
3;USA;Delaware;Sussex;West Bay Park Mobile Home Park;W75.1433;N38.6636;12;
3;USA;Delaware;Sussex;West Beach;W75.1706;N38.5742;12;
3;USA;Delaware;Sussex;West Rehoboth;W75.1006;N38.7147;12;
3;USA;Delaware;Sussex;Westerlee;W75.5886;N38.4583;12;
3;USA;Delaware;Sussex;Westwoods;W75.3717;N38.495;12;
3;USA;Delaware;Sussex;Whaleys Corners;W75.4303;N38.6522;12;
3;USA;Delaware;Sussex;Whaleys Crossroads;W75.4503;N38.5319;12;
3;USA;Delaware;Sussex;White Creek Manor;W75.1036;N38.5536;12;
3;USA;Delaware;Sussex;White Horse Farm;W75.2531;N38.6917;12;
3;USA;Delaware;Sussex;White House Beach Mobile Home Park;W75.1328;N38.6161;12;
3;USA;Delaware;Sussex;White Oak Mobile Home Park;W75.3983;N38.8847;12;
3;USA;Delaware;Sussex;White River Estates;W75.6553;N38.5639;12;
3;USA;Delaware;Sussex;Whitesville;W75.4269;N38.4586;12;
3;USA;Delaware;Sussex;Wilgus Subdivision;W75.0656;N38.5339;12;
3;USA;Delaware;Sussex;William Ritter Manor;W75.1844;N38.6297;12;
3;USA;Delaware;Sussex;Williamsville;W75.1333;N38.46;12;
3;USA;Delaware;Sussex;Wiltbank Landing;W75.2403;N38.8086;12;
3;USA;Delaware;Sussex;Winding Creek Village Mobile Home Park;W75.1647;N38.6422;12;
3;USA;Delaware;Sussex;Wisseman Acres;W75.4553;N38.9056;12;
3;USA;Delaware;Sussex;Wood Branch;W75.3608;N38.6669;12;
3;USA;Delaware;Sussex;Woodcrest Estates;W75.4347;N38.6031;12;
3;USA;Delaware;Sussex;Wooded Acres;W75.5506;N38.6172;12;
3;USA;Delaware;Sussex;Woodenhawk;W75.6903;N38.7917;12;
3;USA;Delaware;Sussex;Woodland Heights;W75.5747;N38.5633;12;
3;USA;Delaware;Sussex;Woodland Station;W75.6508;N38.6331;12;
3;USA;Delaware;Sussex;Woodland;W75.6581;N38.6;12;
3;USA;Delaware;Sussex;Woods Edge;W75.1672;N38.7006;12;
3;USA;Delaware;Sussex;York Beach;W75.0531;N38.5094;12;
3;USA;Delaware;Sussex;Zoar;W75.2972;N38.6469;12;
3;USA;Maryland;Caroline;Hickman;W75.7231;N38.8331;12;
3;USA;Maryland;Caroline;Whiteleysburg;W75.7325;N38.9567;12;
3;USA;Maryland;Dorchester;Reliance;W75.7064;N38.6353;12;
