2;USA;Hawaii;Hawaii;;W155.501;N19.5006;9;
2;USA;Hawaii;Honolulu;;W157.967;N21.4667;9;
2;USA;Hawaii;Kalawao;;W156.967;N21.1881;9;
2;USA;Hawaii;Kauai;;W159.501;N22.05;9;
2;USA;Hawaii;Maui;;W156.501;N20.8667;9;
3;USA;Hawaii;Hawaii;‘Ainapö;W155.424;N19.3592;12;
3;USA;Hawaii;Hawaii;‘Ö‘ökala;W155.287;N20.0175;12;
3;USA;Hawaii;Hawaii;‘Umikoa;W155.384;N19.9825;12;
3;USA;Hawaii;Hawaii;Ainaloa;W154.993;N19.5269;12;
3;USA;Hawaii;Hawaii;Akolea Plantation Estates;W155.134;N19.7033;12;
3;USA;Hawaii;Hawaii;Akona;W155.612;N20.1036;12;
3;USA;Hawaii;Hawaii;Alii Kai;W155.978;N19.6156;12;
3;USA;Hawaii;Hawaii;Aloha Kona;W155.986;N19.6408;12;
3;USA;Hawaii;Hawaii;Anaehoomalu;W155.89;N19.9169;12;
3;USA;Hawaii;Hawaii;Captain Cook;W155.922;N19.4969;12;
3;USA;Hawaii;Hawaii;Country Garden Estates;W155.801;N19.0689;12;
3;USA;Hawaii;Hawaii;Eden Roc;W155.103;N19.4903;12;
3;USA;Hawaii;Hawaii;Elevenmile Homestead;W155.075;N19.6064;12;
3;USA;Hawaii;Hawaii;Fern Acres;W155.08;N19.5122;12;
3;USA;Hawaii;Hawaii;Fern Forest;W155.136;N19.4656;12;
3;USA;Hawaii;Hawaii;Glenwood;W155.154;N19.4908;12;
3;USA;Hawaii;Hawaii;Hïlea;W155.537;N19.1386;12;
3;USA;Hawaii;Hawaii;Hölualoa;W155.952;N19.6228;12;
3;USA;Hawaii;Hawaii;Hönaunau;W155.913;N19.4269;12;
3;USA;Hawaii;Hawaii;Haina;W155.472;N20.0961;12;
3;USA;Hawaii;Hawaii;Hakalau;W155.129;N19.8997;12;
3;USA;Hawaii;Hawaii;Halaula;W155.781;N20.2375;12;
3;USA;Hawaii;Hawaii;Halawa;W155.768;N20.2269;12;
3;USA;Hawaii;Hawaii;Hale Pili;W155.871;N19.6292;12;
3;USA;Hawaii;Hawaii;Halepiula;W155.394;N19.9311;12;
3;USA;Hawaii;Hawaii;Hanaipoe;W155.462;N19.9483;12;
3;USA;Hawaii;Hawaii;Hawai‘i Beaches Estates;W154.909;N19.5456;12;
3;USA;Hawaii;Hawaii;Hawaiian Acres;W155.052;N19.5381;12;
3;USA;Hawaii;Hawaii;Hawaiian Beaches;W154.916;N19.5431;12;
3;USA;Hawaii;Hawaii;Hawaiian Ocean View Estates;W155.771;N19.1125;12;
3;USA;Hawaii;Hawaii;Hawaiian Ocean View;W155.765;N19.0686;12;
3;USA;Hawaii;Hawaii;Hawaiian Paradise Park;W154.971;N19.5014;12;
3;USA;Hawaii;Hawaii;Hawaiian Paradise Park;W154.973;N19.5933;12;
3;USA;Hawaii;Hawaii;Hawaiian Ranchos;W155.78;N19.0594;12;
3;USA;Hawaii;Hawaii;Hawi;W155.833;N20.2414;12;
3;USA;Hawaii;Hawaii;Hikapoloa;W155.859;N20.2422;12;
3;USA;Hawaii;Hawaii;Hillcrest;W155.982;N19.6311;12;
3;USA;Hawaii;Hawaii;Hilo;W155.09;N19.7297;12;
3;USA;Hawaii;Hawaii;Hä‘ena;W154.988;N19.6456;12;
3;USA;Hawaii;Hawaii;Ho‘okena;W155.901;N19.3831;12;
3;USA;Hawaii;Hawaii;Honalo;W155.932;N19.5464;12;
3;USA;Hawaii;Hawaii;Honoköhau;W156.029;N19.6736;12;
3;USA;Hawaii;Hawaii;Honoka‘a;W155.472;N20.0828;12;
3;USA;Hawaii;Hawaii;Honolulu Landing;W154.884;N19.5583;12;
3;USA;Hawaii;Hawaii;Honomakau;W155.821;N20.24;12;
3;USA;Hawaii;Hawaii;Honomu;W155.118;N19.8733;12;
3;USA;Hawaii;Hawaii;Honu‘apo;W155.551;N19.0933;12;
3;USA;Hawaii;Hawaii;Hoopuloa;W155.907;N19.2006;12;
3;USA;Hawaii;Hawaii;Hopuwai;W155.341;N19.8492;12;
3;USA;Hawaii;Hawaii;Huehue;W155.975;N19.7556;12;
3;USA;Hawaii;Hawaii;Kïholo;W155.924;N19.8575;12;
3;USA;Hawaii;Hawaii;Küka‘iau;W155.35;N20.0328;12;
3;USA;Hawaii;Hawaii;Ka‘üpülehu;W155.989;N19.8347;12;
3;USA;Hawaii;Hawaii;Ka‘awaloa;W155.937;N19.4825;12;
3;USA;Hawaii;Hawaii;Kaau;W155.611;N20.1092;12;
3;USA;Hawaii;Hawaii;Kahaluu;W155.969;N19.5833;12;
3;USA;Hawaii;Hawaii;Kailua;W155.996;N19.6406;12;
3;USA;Hawaii;Hawaii;Kaimu;W154.972;N19.3647;12;
3;USA;Hawaii;Hawaii;Kainaliu;W155.929;N19.535;12;
3;USA;Hawaii;Hawaii;Kalaoa;W155.982;N19.7286;12;
3;USA;Hawaii;Hawaii;Kalapana Sea View Estates;W154.926;N19.4097;12;
3;USA;Hawaii;Hawaii;Kalapana;W154.979;N19.3542;12;
3;USA;Hawaii;Hawaii;Kaniahiku Village;W154.927;N19.4894;12;
3;USA;Hawaii;Hawaii;Kapaahu;W155.014;N19.3417;12;
3;USA;Hawaii;Hawaii;Kapaau;W155.802;N20.2339;12;
3;USA;Hawaii;Hawaii;Kapalaoa;W155.899;N19.9125;12;
3;USA;Hawaii;Hawaii;Kapoho;W154.849;N19.5061;12;
3;USA;Hawaii;Hawaii;Kapulena;W155.529;N20.1058;12;
3;USA;Hawaii;Hawaii;Kaueleau;W154.915;N19.4444;12;
3;USA;Hawaii;Hawaii;Kaukahökü;W155.862;N19.5758;12;
3;USA;Hawaii;Hawaii;Kaumana;W155.144;N19.6886;12;
3;USA;Hawaii;Hawaii;Kaunënë;W155.78;N19.4214;12;
3;USA;Hawaii;Hawaii;Kawaihae;W155.831;N20.0411;12;
3;USA;Hawaii;Hawaii;Kawailiula;W155.706;N20.0272;12;
3;USA;Hawaii;Hawaii;Kawainui;W155.098;N19.8281;12;
3;USA;Hawaii;Hawaii;Kawela;W155.504;N20.0925;12;
3;USA;Hawaii;Hawaii;Kea‘au;W155.042;N19.6256;12;
3;USA;Hawaii;Hawaii;Ke‘ei;W155.927;N19.4644;12;
3;USA;Hawaii;Hawaii;Ke‘ämuku;W155.721;N19.8431;12;
3;USA;Hawaii;Hawaii;Kealakekua;W155.923;N19.5208;12;
3;USA;Hawaii;Hawaii;Kealapuali;W155.863;N19.6267;12;
3;USA;Hawaii;Hawaii;Keanakolu;W155.338;N19.9183;12;
3;USA;Hawaii;Hawaii;Keanapa‘akai;W155.798;N19.445;12;
3;USA;Hawaii;Hawaii;Keauhou;W155.965;N19.5653;12;
3;USA;Hawaii;Hawaii;Keaukaha;W155.046;N19.7303;12;
3;USA;Hawaii;Hawaii;Keawaiki;W155.908;N19.89;12;
3;USA;Hawaii;Hawaii;Kehena;W154.933;N19.3956;12;
3;USA;Hawaii;Hawaii;Keälia;W155.882;N19.4003;12;
3;USA;Hawaii;Hawaii;Kipuka Nahuaopala;W155.618;N19.0453;12;
3;USA;Hawaii;Hawaii;Komakawai;W155.776;N19.3978;12;
3;USA;Hawaii;Hawaii;Komohana Kai;W155.972;N19.6139;12;
3;USA;Hawaii;Hawaii;Kona South Estates;W155.808;N19.0722;12;
3;USA;Hawaii;Hawaii;Këökea;W155.883;N19.42;12;
3;USA;Hawaii;Hawaii;Kuakini Heights;W155.959;N19.5978;12;
3;USA;Hawaii;Hawaii;Kuhio Village;W155.662;N20.0244;12;
3;USA;Hawaii;Hawaii;Kukio;W156.002;N19.8214;12;
3;USA;Hawaii;Hawaii;Kukui Village;W155.281;N20.0167;12;
3;USA;Hawaii;Hawaii;Kukui;W155.091;N19.5769;12;
3;USA;Hawaii;Hawaii;Kukuihaele;W155.571;N20.1214;12;
3;USA;Hawaii;Hawaii;Kurtistown;W155.057;N19.6036;12;
3;USA;Hawaii;Hawaii;Laniäkea;W155.996;N19.6389;12;
3;USA;Hawaii;Hawaii;Laupähoehoe;W155.235;N19.9869;12;
3;USA;Hawaii;Hawaii;Leilani Estates;W154.917;N19.4675;12;
3;USA;Hawaii;Hawaii;Leilani Estates;W154.918;N19.4697;12;
3;USA;Hawaii;Hawaii;Mahaiula;W156.039;N19.7861;12;
3;USA;Hawaii;Hawaii;Makahalau;W155.552;N19.9761;12;
3;USA;Hawaii;Hawaii;Makalawena;W156.029;N19.7953;12;
3;USA;Hawaii;Hawaii;Makapala;W155.752;N20.2244;12;
3;USA;Hawaii;Hawaii;Milo Village;W155.285;N20.0164;12;
3;USA;Hawaii;Hawaii;Miloli‘i;W155.91;N19.1867;12;
3;USA;Hawaii;Hawaii;Mähukona;W155.903;N20.1875;12;
3;USA;Hawaii;Hawaii;Mokaoku;W155.068;N19.7314;12;
3;USA;Hawaii;Hawaii;Mänä;W155.56;N20.0006;12;
3;USA;Hawaii;Hawaii;Monohaa;W155.858;N19.5522;12;
3;USA;Hawaii;Hawaii;Mountain View;W155.108;N19.5558;12;
3;USA;Hawaii;Hawaii;Nïnole;W155.169;N19.9389;12;
3;USA;Hawaii;Hawaii;Nïnole;W155.512;N19.1339;12;
3;USA;Hawaii;Hawaii;Nanawale Estates;W154.912;N19.5061;12;
3;USA;Hawaii;Hawaii;Nanawale Estates;W154.913;N19.5069;12;
3;USA;Hawaii;Hawaii;Napo‘opo‘o;W155.922;N19.4769;12;
3;USA;Hawaii;Hawaii;Niu Village;W155.276;N20.0133;12;
3;USA;Hawaii;Hawaii;Niuli‘i;W155.746;N20.2256;12;
3;USA;Hawaii;Hawaii;Nä‘älehu;W155.586;N19.0639;12;
3;USA;Hawaii;Hawaii;Opihikao;W154.883;N19.4297;12;
3;USA;Hawaii;Hawaii;Orchidlands Estates;W155.017;N19.5633;12;
3;USA;Hawaii;Hawaii;Pa‘auilo;W155.371;N20.0419;12;
3;USA;Hawaii;Hawaii;Paauhau;W155.441;N20.0853;12;
3;USA;Hawaii;Hawaii;Palani Junction;W155.979;N19.6914;12;
3;USA;Hawaii;Hawaii;Pali‘a‘alii;W155.55;N19.9858;12;
3;USA;Hawaii;Hawaii;Paliho‘oukapapa;W155.532;N19.9714;12;
3;USA;Hawaii;Hawaii;Papaloa;W155.798;N19.5094;12;
3;USA;Hawaii;Hawaii;Pauahi;W155.826;N19.5072;12;
3;USA;Hawaii;Hawaii;Paukaa;W155.095;N19.7656;12;
3;USA;Hawaii;Hawaii;Pawaina;W155.86;N19.5053;12;
3;USA;Hawaii;Hawaii;Pepeekeo Mill;W155.088;N19.8508;12;
3;USA;Hawaii;Hawaii;Pepeekeo;W155.107;N19.8336;12;
3;USA;Hawaii;Hawaii;Pi‘ihonua;W155.139;N19.7158;12;
3;USA;Hawaii;Hawaii;Pähala;W155.48;N19.2053;12;
3;USA;Hawaii;Hawaii;Pähoa;W154.951;N19.4975;12;
3;USA;Hawaii;Hawaii;Pohoiki;W154.847;N19.4608;12;
3;USA;Hawaii;Hawaii;Päpa‘aloa;W155.221;N19.9789;12;
3;USA;Hawaii;Hawaii;Päpa‘ikou;W155.096;N19.7889;12;
3;USA;Hawaii;Hawaii;Päpä Bay Estates;W155.88;N19.2172;12;
3;USA;Hawaii;Hawaii;Päpä;W155.867;N19.2092;12;
3;USA;Hawaii;Hawaii;Pua‘äkala;W155.335;N19.79;12;
3;USA;Hawaii;Hawaii;Pu‘u‘eo;W155.092;N19.7336;12;
3;USA;Hawaii;Hawaii;Pu‘uanahulu;W155.846;N19.8186;12;
3;USA;Hawaii;Hawaii;Puako;W155.844;N19.975;12;
3;USA;Hawaii;Hawaii;Pualaa;W154.836;N19.4717;12;
3;USA;Hawaii;Hawaii;Punalu‘u;W155.507;N19.1392;12;
3;USA;Hawaii;Hawaii;Punaluu Kahawai;W155.609;N19.2508;12;
3;USA;Hawaii;Hawaii;Puopelu;W155.683;N20.0167;12;
3;USA;Hawaii;Hawaii;Royal Gardens;W155.039;N19.3589;12;
3;USA;Hawaii;Hawaii;Saddle Road Junction;W155.69;N19.9392;12;
3;USA;Hawaii;Hawaii;Sea View;W155.968;N19.6069;12;
3;USA;Hawaii;Hawaii;Vacationland Hawaii;W154.824;N19.4944;12;
3;USA;Hawaii;Hawaii;Volcano;W155.238;N19.4308;12;
3;USA;Hawaii;Hawaii;Wai‘öhinu;W155.614;N19.0703;12;
3;USA;Hawaii;Hawaii;Waiaka;W155.702;N20.0297;12;
3;USA;Hawaii;Hawaii;Waihou;W155.903;N19.54;12;
3;USA;Hawaii;Hawaii;Waikapuna;W155.582;N19.0247;12;
3;USA;Hawaii;Hawaii;Waiki‘i;W155.652;N19.8606;12;
3;USA;Hawaii;Hawaii;Waikoloa Village;W155.828;N19.9325;12;
3;USA;Hawaii;Hawaii;Waikoloa;W155.79;N19.9431;12;
3;USA;Hawaii;Hawaii;Waikui;W155.824;N20.025;12;
3;USA;Hawaii;Hawaii;Wailea;W155.124;N19.8875;12;
3;USA;Hawaii;Hawaii;Waimea;W155.672;N20.0231;12;
3;USA;Hawaii;Hawaii;Wainaku;W155.095;N19.7447;12;
3;USA;Hawaii;Hawaii;Waiäkea;W155.071;N19.7169;12;
3;USA;Hawaii;Hawaii;Waipio;W155.599;N20.1111;12;
3;USA;Hawaii;Hawaii;Waipähoehoe;W155.011;N19.6042;12;
3;USA;Hawaii;Hawaii;Weliweli;W155.907;N19.9011;12;
3;USA;Hawaii;Hawaii;Welokä;W155.201;N19.9606;12;
3;USA;Hawaii;Hawaii;White Sands Beach Estates;W155.973;N19.5928;12;
3;USA;Hawaii;Honolulu;Äliamanu;W157.928;N21.3547;12;
3;USA;Hawaii;Honolulu;‘Ähuimanu;W157.838;N21.4447;12;
3;USA;Hawaii;Honolulu;‘Äina Haina;W157.752;N21.2819;12;
3;USA;Hawaii;Honolulu;‘Älewa Heights;W157.853;N21.3431;12;
3;USA;Hawaii;Honolulu;‘Aiea Heights;W157.92;N21.3908;12;
3;USA;Hawaii;Honolulu;‘Aiea;W157.934;N21.3822;12;
3;USA;Hawaii;Honolulu;‘Ewa-Schofield Junction;W157.981;N21.3994;12;
3;USA;Hawaii;Honolulu;‘Ewa Beach;W158.007;N21.3156;12;
3;USA;Hawaii;Honolulu;‘Ewa Gentry;W158.031;N21.3442;12;
3;USA;Hawaii;Honolulu;‘Ewa Villages;W158.041;N21.3456;12;
3;USA;Hawaii;Honolulu;‘Ewa;W158.04;N21.3425;12;
3;USA;Hawaii;Honolulu;Akupu;W158.103;N21.3942;12;
3;USA;Hawaii;Honolulu;Chinatown;W157.866;N21.315;12;
3;USA;Hawaii;Honolulu;Crestview;W157.999;N21.4089;12;
3;USA;Hawaii;Honolulu;Fernandez Village;W158.033;N21.3503;12;
3;USA;Hawaii;Honolulu;Foster Village;W157.928;N21.3653;12;
3;USA;Hawaii;Honolulu;Hale‘iwa;W158.113;N21.5903;12;
3;USA;Hawaii;Honolulu;Hau‘ula;W157.911;N21.6106;12;
3;USA;Hawaii;Honolulu;Hawai‘i Kai;W157.705;N21.2828;12;
3;USA;Hawaii;Honolulu;He‘eia;W157.811;N21.4308;12;
3;USA;Hawaii;Honolulu;Hickam Village;W157.945;N21.3453;12;
3;USA;Hawaii;Honolulu;Hälawa Heights;W157.918;N21.3817;12;
3;USA;Hawaii;Honolulu;Hälawa Hills;W157.907;N21.3847;12;
3;USA;Hawaii;Honolulu;Hälawa;W157.922;N21.3794;12;
3;USA;Hawaii;Honolulu;Honokai Hale;W158.111;N21.3425;12;
3;USA;Hawaii;Honolulu;Honolulu;W157.858;N21.3069;12;
3;USA;Hawaii;Honolulu;Honouliuli;W158.036;N21.3678;12;
3;USA;Hawaii;Honolulu;Iroquois Point;W157.98;N21.3275;12;
3;USA;Hawaii;Honolulu;Iwilei;W157.878;N21.3164;12;
3;USA;Hawaii;Honolulu;Kaaawa;W157.854;N21.5572;12;
3;USA;Hawaii;Honolulu;Kaalawai;W157.801;N21.2619;12;
3;USA;Hawaii;Honolulu;Kahala;W157.786;N21.2697;12;
3;USA;Hawaii;Honolulu;Kahalu‘u;W157.837;N21.4633;12;
3;USA;Hawaii;Honolulu;Kahana;W157.879;N21.5581;12;
3;USA;Hawaii;Honolulu;Kahuku;W157.951;N21.6803;12;
3;USA;Hawaii;Honolulu;Kailua;W157.739;N21.4022;12;
3;USA;Hawaii;Honolulu;Kaimuki;W157.802;N21.2828;12;
3;USA;Hawaii;Honolulu;Kalauao;W157.948;N21.3847;12;
3;USA;Hawaii;Honolulu;Kalihi Kai;W157.889;N21.3267;12;
3;USA;Hawaii;Honolulu;Kalihi;W157.876;N21.3364;12;
3;USA;Hawaii;Honolulu;Kamehameha Heights;W157.865;N21.335;12;
3;USA;Hawaii;Honolulu;Kamo‘oloa;W158.114;N21.5728;12;
3;USA;Hawaii;Honolulu;Kapaeloa;W158.074;N21.6325;12;
3;USA;Hawaii;Honolulu;Kawailoa Beach;W158.08;N21.6281;12;
3;USA;Hawaii;Honolulu;Kawela Bay;W158.01;N21.7033;12;
3;USA;Hawaii;Honolulu;Kawela;W158.01;N21.7008;12;
3;USA;Hawaii;Honolulu;Kea‘alu;W157.769;N21.4178;12;
3;USA;Hawaii;Honolulu;Keolu Hills;W157.732;N21.3794;12;
3;USA;Hawaii;Honolulu;Kokokahi;W157.779;N21.4142;12;
3;USA;Hawaii;Honolulu;Käne‘ohe;W157.804;N21.4181;12;
3;USA;Hawaii;Honolulu;Kuli‘ou‘ou;W157.729;N21.2883;12;
3;USA;Hawaii;Honolulu;Kunia Camp;W158.065;N21.4633;12;
3;USA;Hawaii;Honolulu;Lanikai;W157.716;N21.3919;12;
3;USA;Hawaii;Honolulu;Lä‘ie;W157.927;N21.6536;12;
3;USA;Hawaii;Honolulu;Lower Village;W158.029;N21.3603;12;
3;USA;Hawaii;Honolulu;Mö‘ili‘ili;W157.829;N21.2906;12;
3;USA;Hawaii;Honolulu;Mahinui;W157.774;N21.4144;12;
3;USA;Hawaii;Honolulu;Makakilo City;W158.086;N21.3469;12;
3;USA;Hawaii;Honolulu;Makiki Heights;W157.838;N21.3175;12;
3;USA;Hawaii;Honolulu;Marconi;W157.977;N21.7033;12;
3;USA;Hawaii;Honolulu;Maunalani Heights;W157.792;N21.2967;12;
3;USA;Hawaii;Honolulu;Maunawili;W157.771;N21.3728;12;
3;USA;Hawaii;Honolulu;Mililani Town;W158.001;N21.45;12;
3;USA;Hawaii;Honolulu;Mä‘ili;W158.18;N21.4219;12;
3;USA;Hawaii;Honolulu;Mäkaha Valley;W158.204;N21.4822;12;
3;USA;Hawaii;Honolulu;Mäkaha;W158.218;N21.4694;12;
3;USA;Hawaii;Honolulu;Mokuleia;W158.152;N21.5842;12;
3;USA;Hawaii;Honolulu;Mokulë‘ia Beach Colony;W158.178;N21.5831;12;
3;USA;Hawaii;Honolulu;Mäla‘e;W157.766;N21.4283;12;
3;USA;Hawaii;Honolulu;Niu;W157.742;N21.285;12;
3;USA;Hawaii;Honolulu;Nänäkuli;W158.155;N21.3906;12;
3;USA;Hawaii;Honolulu;Pöhäkupu;W157.754;N21.3847;12;
3;USA;Hawaii;Honolulu;Pü‘öhala Village;W157.803;N21.4061;12;
3;USA;Hawaii;Honolulu;Püpükea;W158.054;N21.6642;12;
3;USA;Hawaii;Honolulu;Pacific Heights;W157.843;N21.3267;12;
3;USA;Hawaii;Honolulu;Pacific Palisades;W157.961;N21.4256;12;
3;USA;Hawaii;Honolulu;Pearl City;W157.973;N21.3972;12;
3;USA;Hawaii;Honolulu;Pälehua;W158.103;N21.3994;12;
3;USA;Hawaii;Honolulu;Portlock;W157.711;N21.2786;12;
3;USA;Hawaii;Honolulu;Pu‘uloa;W157.95;N21.35;12;
3;USA;Hawaii;Honolulu;Pu‘unui;W157.851;N21.3369;12;
3;USA;Hawaii;Honolulu;Punahou;W157.833;N21.3;12;
3;USA;Hawaii;Honolulu;Punalu‘u;W157.897;N21.5925;12;
3;USA;Hawaii;Honolulu;Punaluu;W157.879;N21.5739;12;
3;USA;Hawaii;Honolulu;Ranch Camp;W158.128;N21.5656;12;
3;USA;Hawaii;Honolulu;Renton Village;W158.038;N21.3447;12;
3;USA;Hawaii;Honolulu;Saint Louis Heights;W157.807;N21.3031;12;
3;USA;Hawaii;Honolulu;Sisal;W158.067;N21.3333;12;
3;USA;Hawaii;Honolulu;Sunset Beach;W158.048;N21.6731;12;
3;USA;Hawaii;Honolulu;Tenney Village;W158.045;N21.3425;12;
3;USA;Hawaii;Honolulu;Thompson Corner;W158.116;N21.5653;12;
3;USA;Hawaii;Honolulu;Varona Village;W158.046;N21.3369;12;
3;USA;Hawaii;Honolulu;Village Park;W158.03;N21.3981;12;
3;USA;Hawaii;Honolulu;Wahiawä;W158.024;N21.5028;12;
3;USA;Hawaii;Honolulu;Wai‘alae;W157.791;N21.2792;12;
3;USA;Hawaii;Honolulu;Wai‘anae;W158.19;N21.4447;12;
3;USA;Hawaii;Honolulu;Waiale‘e;W158.026;N21.6897;12;
3;USA;Hawaii;Honolulu;Waialua;W158.13;N21.5767;12;
3;USA;Hawaii;Honolulu;Waiau;W157.963;N21.3931;12;
3;USA;Hawaii;Honolulu;Waikïkï;W157.829;N21.2828;12;
3;USA;Hawaii;Honolulu;Waikäne;W157.855;N21.5006;12;
3;USA;Hawaii;Honolulu;Wailupe;W157.76;N21.2797;12;
3;USA;Hawaii;Honolulu;Waimalu;W157.943;N21.4047;12;
3;USA;Hawaii;Honolulu;Waimanalo Village;W158.093;N21.3328;12;
3;USA;Hawaii;Honolulu;Waimea;W158.066;N21.6489;12;
3;USA;Hawaii;Honolulu;Waimänalo Beach;W157.703;N21.3403;12;
3;USA;Hawaii;Honolulu;Waimänalo;W157.721;N21.35;12;
3;USA;Hawaii;Honolulu;Waiähole;W157.857;N21.4858;12;
3;USA;Hawaii;Honolulu;Waipahu;W158.009;N21.3867;12;
3;USA;Hawaii;Honolulu;Waipi‘o Acres;W158.016;N21.4675;12;
3;USA;Hawaii;Honolulu;Waipi‘o;W158.001;N21.4183;12;
3;USA;Hawaii;Honolulu;West Loch Estates;W158.027;N21.3747;12;
3;USA;Hawaii;Honolulu;Wheeler Field;W158.039;N21.4889;12;
3;USA;Hawaii;Honolulu;Whitmore Village;W158.023;N21.5139;12;
3;USA;Hawaii;Honolulu;Wilhelmina Rise;W157.797;N21.2906;12;
3;USA;Hawaii;Honolulu;Woodlawn;W157.805;N21.3178;12;
3;USA;Hawaii;Kalawao;Kalaupapa;W156.986;N21.1925;12;
3;USA;Hawaii;Kauai;Anahola;W159.316;N22.1453;12;
3;USA;Hawaii;Kauai;Eleele;W159.587;N21.9103;12;
3;USA;Hawaii;Kauai;Halehomaha;W159.55;N22.2258;12;
3;USA;Hawaii;Kauai;Hanalei Homesteads;W159.466;N22.1853;12;
3;USA;Hawaii;Kauai;Hanalei;W159.503;N22.2053;12;
3;USA;Hawaii;Kauai;Hanamaulu;W159.357;N21.9975;12;
3;USA;Hawaii;Kauai;Hanapepe Heights;W159.592;N21.9203;12;
3;USA;Hawaii;Kauai;Hanapëpë;W159.595;N21.9119;12;
3;USA;Hawaii;Kauai;Hä‘ena;W159.565;N22.2244;12;
3;USA;Hawaii;Kauai;Kaawanui Village;W159.632;N21.9461;12;
3;USA;Hawaii;Kauai;Kalaheo;W159.53;N21.9286;12;
3;USA;Hawaii;Kauai;Kalihiwai;W159.433;N22.2175;12;
3;USA;Hawaii;Kauai;Kamalino;W160.234;N21.8375;12;
3;USA;Hawaii;Kauai;Kapaa;W159.322;N22.0783;12;
3;USA;Hawaii;Kauai;Kapahi;W159.361;N22.1003;12;
3;USA;Hawaii;Kauai;Kapaia;W159.369;N21.9933;12;
3;USA;Hawaii;Kauai;Kapaka;W159.617;N21.9236;12;
3;USA;Hawaii;Kauai;Kapalawai;W159.657;N21.9489;12;
3;USA;Hawaii;Kauai;Kaumakani;W159.622;N21.9189;12;
3;USA;Hawaii;Kauai;Kawaihau;W159.349;N22.1036;12;
3;USA;Hawaii;Kauai;Kealia;W159.309;N22.1019;12;
3;USA;Hawaii;Kauai;Kekaha;W159.715;N21.9708;12;
3;USA;Hawaii;Kauai;Kekupua;W159.645;N21.9497;12;
3;USA;Hawaii;Kauai;Ki‘eki‘e;W160.213;N21.8864;12;
3;USA;Hawaii;Kauai;Ki‘i;W160.06;N21.9772;12;
3;USA;Hawaii;Kauai;Kilauea;W159.412;N22.2119;12;
3;USA;Hawaii;Kauai;Kipu;W159.427;N21.9542;12;
3;USA;Hawaii;Kauai;Koloa Mill;W159.447;N21.9033;12;
3;USA;Hawaii;Kauai;Koloa;W159.469;N21.9067;12;
3;USA;Hawaii;Kauai;Kukuiula;W159.489;N21.8886;12;
3;USA;Hawaii;Kauai;Kumukumu;W159.31;N22.1108;12;
3;USA;Hawaii;Kauai;Kupolo;W159.363;N21.9675;12;
3;USA;Hawaii;Kauai;Lawai;W159.509;N21.9219;12;
3;USA;Hawaii;Kauai;Lihue;W159.371;N21.9811;12;
3;USA;Hawaii;Kauai;Mänä;W159.772;N22.0381;12;
3;USA;Hawaii;Kauai;Nawiliwili;W159.356;N21.9658;12;
3;USA;Hawaii;Kauai;Niumalu;W159.365;N21.9553;12;
3;USA;Hawaii;Kauai;Nonopahu Village;W159.639;N21.9714;12;
3;USA;Hawaii;Kauai;Numila;W159.56;N21.9017;12;
3;USA;Hawaii;Kauai;Olokele;W159.629;N21.9222;12;
3;USA;Hawaii;Kauai;Omao;W159.489;N21.9325;12;
3;USA;Hawaii;Kauai;Pakala Village;W159.652;N21.9369;12;
3;USA;Hawaii;Kauai;Papaloa;W159.333;N22.0581;12;
3;USA;Hawaii;Kauai;Poipu;W159.454;N21.8764;12;
3;USA;Hawaii;Kauai;Pokii;W159.721;N21.9828;12;
3;USA;Hawaii;Kauai;Port Allen;W159.589;N21.9061;12;
3;USA;Hawaii;Kauai;Princeville;W159.485;N22.2236;12;
3;USA;Hawaii;Kauai;Pua Loke;W159.376;N21.9722;12;
3;USA;Hawaii;Kauai;Pu‘uwai;W160.194;N21.9022;12;
3;USA;Hawaii;Kauai;Puhi;W159.399;N21.9686;12;
3;USA;Hawaii;Kauai;Puupehu;W159.483;N22.2167;12;
3;USA;Hawaii;Kauai;Ulu Ko;W159.372;N21.9661;12;
3;USA;Hawaii;Kauai;Ulu Mahi;W159.374;N21.9697;12;
3;USA;Hawaii;Kauai;Waieli;W159.783;N22.0167;12;
3;USA;Hawaii;Kauai;Wailua House Lots;W159.346;N22.0622;12;
3;USA;Hawaii;Kauai;Wailua;W159.338;N22.0522;12;
3;USA;Hawaii;Kauai;Waimea;W159.671;N21.9586;12;
3;USA;Hawaii;Kauai;Wainiha;W159.543;N22.2161;12;
3;USA;Hawaii;Kauai;Waipouli;W159.325;N22.0639;12;
3;USA;Hawaii;Maui;‘Öma‘opio;W156.328;N20.8;12;
3;USA;Hawaii;Maui;‘Ualapu‘e;W156.833;N21.0658;12;
3;USA;Hawaii;Maui;‘Umipa‘a;W157.056;N21.1097;12;
3;USA;Hawaii;Maui;Ah Fong Village;W156.465;N20.8533;12;
3;USA;Hawaii;Maui;Airport Village;W156.454;N20.8222;12;
3;USA;Hawaii;Maui;Alabama Village;W156.454;N20.8658;12;
3;USA;Hawaii;Maui;Camp Maluhia;W156.538;N20.9567;12;
3;USA;Hawaii;Maui;Cod Fish Village;W156.421;N20.8964;12;
3;USA;Hawaii;Maui;Crater Village;W156.665;N20.9008;12;
3;USA;Hawaii;Maui;Hökü‘ula;W155.987;N20.7272;12;
3;USA;Hawaii;Maui;Haiku;W156.326;N20.9175;12;
3;USA;Hawaii;Maui;Haliimaile;W156.344;N20.8711;12;
3;USA;Hawaii;Maui;Hamakuapoko;W156.348;N20.9219;12;
3;USA;Hawaii;Maui;Happy Valley;W156.51;N20.895;12;
3;USA;Hawaii;Maui;Hawaiian-Spanish Village;W156.375;N20.9089;12;
3;USA;Hawaii;Maui;Hawaiian Village;W156.417;N20.9058;12;
3;USA;Hawaii;Maui;Hä‘ö‘ü;W156.007;N20.6975;12;
3;USA;Hawaii;Maui;Ho‘olehua;W157.071;N21.1711;12;
3;USA;Hawaii;Maui;Hälawa;W156.742;N21.1597;12;
3;USA;Hawaii;Maui;Hälena;W157.234;N21.0925;12;
3;USA;Hawaii;Maui;Hämoa;W155.989;N20.7233;12;
3;USA;Hawaii;Maui;Häna;W155.99;N20.7581;12;
3;USA;Hawaii;Maui;Honokahua;W156.658;N21.0031;12;
3;USA;Hawaii;Maui;Honokohau;W156.611;N21.0189;12;
3;USA;Hawaii;Maui;Honokowai;W156.69;N20.9542;12;
3;USA;Hawaii;Maui;Hopoi Village;W156.511;N20.8822;12;
3;USA;Hawaii;Maui;Huelo;W156.227;N20.9083;12;
3;USA;Hawaii;Maui;Hyashi Village;W156.509;N20.8408;12;
3;USA;Hawaii;Maui;Japanese Village One;W156.421;N20.9053;12;
3;USA;Hawaii;Maui;Kïhei;W156.466;N20.785;12;
3;USA;Hawaii;Maui;Kïpü;W157.023;N21.1658;12;
3;USA;Hawaii;Maui;Kïpahulu;W156.059;N20.6567;12;
3;USA;Hawaii;Maui;Köheo;W157.016;N21.0872;12;
3;USA;Hawaii;Maui;Ka‘elekü;W156.026;N20.7864;12;
3;USA;Hawaii;Maui;Kaanapali Landing;W156.7;N20.9333;12;
3;USA;Hawaii;Maui;Kahakuloa;W156.554;N20.9997;12;
3;USA;Hawaii;Maui;Kahana;W156.68;N20.98;12;
3;USA;Hawaii;Maui;Kaheka Village;W156.366;N20.8956;12;
3;USA;Hawaii;Maui;Kahului;W156.47;N20.8947;12;
3;USA;Hawaii;Maui;Kailua Village;W156.365;N20.8714;12;
3;USA;Hawaii;Maui;Kailua;W156.217;N20.8944;12;
3;USA;Hawaii;Maui;Kala‘e;W157.008;N21.1653;12;
3;USA;Hawaii;Maui;Kalawao;W156.951;N21.1803;12;
3;USA;Hawaii;Maui;Kalua‘aha;W156.821;N21.07;12;
3;USA;Hawaii;Maui;Kamalö;W156.877;N21.0506;12;
3;USA;Hawaii;Maui;Kamiloloa;W157.002;N21.0839;12;
3;USA;Hawaii;Maui;Kanahena;W156.436;N20.6181;12;
3;USA;Hawaii;Maui;Kanahena;W156.441;N20.6217;12;
3;USA;Hawaii;Maui;Kaonoulu;W156.336;N20.7403;12;
3;USA;Hawaii;Maui;Kapa‘akea Colony;W157.014;N21.0867;12;
3;USA;Hawaii;Maui;Kapalua;W156.658;N20.9997;12;
3;USA;Hawaii;Maui;Kapunakea;W156.684;N20.8908;12;
3;USA;Hawaii;Maui;Kaumalapau;W156.99;N20.79;12;
3;USA;Hawaii;Maui;Kaunakakai;W157.024;N21.0933;12;
3;USA;Hawaii;Maui;Kaupö;W156.125;N20.6394;12;
3;USA;Hawaii;Maui;Kaupakulua;W156.298;N20.8903;12;
3;USA;Hawaii;Maui;Kawela;W156.953;N21.0689;12;
3;USA;Hawaii;Maui;Ke‘anae;W156.152;N20.8614;12;
3;USA;Hawaii;Maui;Keahua;W156.385;N20.8603;12;
3;USA;Hawaii;Maui;Keawakapu;W156.448;N20.7075;12;
3;USA;Hawaii;Maui;Kelawea;W156.675;N20.885;12;
3;USA;Hawaii;Maui;Keokea;W156.358;N20.7086;12;
3;USA;Hawaii;Maui;Keomuku;W156.921;N20.8386;12;
3;USA;Hawaii;Maui;Keoneoio;W156.423;N20.6031;12;
3;USA;Hawaii;Maui;Kepuhi;W157.25;N21.1911;12;
3;USA;Hawaii;Maui;Kä‘anapali;W156.697;N20.9317;12;
3;USA;Hawaii;Maui;Koali;W156.024;N20.6889;12;
3;USA;Hawaii;Maui;Koele;W156.92;N20.8397;12;
3;USA;Hawaii;Maui;Käki‘o;W155.997;N20.7133;12;
3;USA;Hawaii;Maui;Kokomo;W156.309;N20.87;12;
3;USA;Hawaii;Maui;Kualapu‘u;W157.04;N21.1553;12;
3;USA;Hawaii;Maui;Kuau;W156.371;N20.9294;12;
3;USA;Hawaii;Maui;Lahaina;W156.683;N20.8783;12;
3;USA;Hawaii;Maui;Lahainaluna;W156.662;N20.8936;12;
3;USA;Hawaii;Maui;Lalakoa;W156.912;N20.8256;12;
3;USA;Hawaii;Maui;Launiupoko;W156.65;N20.8556;12;
3;USA;Hawaii;Maui;Läna‘i City;W156.922;N20.8306;12;
3;USA;Hawaii;Maui;Lopa;W156.812;N20.8033;12;
3;USA;Hawaii;Maui;Lower Paia;W156.384;N20.9192;12;
3;USA;Hawaii;Maui;Lower Village Three;W156.429;N20.8958;12;
3;USA;Hawaii;Maui;Lunaville;W156.674;N20.8769;12;
3;USA;Hawaii;Maui;Mü‘olea;W156.02;N20.6897;12;
3;USA;Hawaii;Maui;Ma‘älehu;W157.024;N21.1669;12;
3;USA;Hawaii;Maui;Maalaea;W156.514;N20.7964;12;
3;USA;Hawaii;Maui;Mahana;W157.148;N21.1539;12;
3;USA;Hawaii;Maui;Mahinahina Camp;W156.659;N20.96;12;
3;USA;Hawaii;Maui;Makawao;W156.313;N20.8569;12;
3;USA;Hawaii;Maui;Makena;W156.445;N20.6575;12;
3;USA;Hawaii;Maui;Mala;W156.688;N20.8906;12;
3;USA;Hawaii;Maui;Manila Camp;W157.026;N21.0981;12;
3;USA;Hawaii;Maui;Maui Meadows;W156.426;N20.7014;12;
3;USA;Hawaii;Maui;Maunaloa;W157.216;N21.1358;12;
3;USA;Hawaii;Maui;McGerrow Village;W156.461;N20.8664;12;
3;USA;Hawaii;Maui;Middle Village Three;W156.427;N20.8947;12;
3;USA;Hawaii;Maui;Mo‘omomi;W157.156;N21.2;12;
3;USA;Hawaii;Maui;Mokae;W155.996;N20.7208;12;
3;USA;Hawaii;Maui;Mokulau;W156.111;N20.6456;12;
3;USA;Hawaii;Maui;Mopua;W156.614;N20.8142;12;
3;USA;Hawaii;Maui;Nashiwa Village;W156.368;N20.9017;12;
3;USA;Hawaii;Maui;Nähiku;W156.094;N20.8278;12;
3;USA;Hawaii;Maui;Olowalu;W156.625;N20.8147;12;
3;USA;Hawaii;Maui;Orpheum Village;W156.372;N20.9031;12;
3;USA;Hawaii;Maui;Püko‘o;W156.796;N21.0767;12;
3;USA;Hawaii;Maui;Pülehu;W156.329;N20.78;12;
3;USA;Hawaii;Maui;Paako;W156.442;N20.6256;12;
3;USA;Hawaii;Maui;Paholoi;W156.346;N20.8803;12;
3;USA;Hawaii;Maui;Paia;W156.369;N20.9033;12;
3;USA;Hawaii;Maui;Paukukalo;W156.488;N20.9086;12;
3;USA;Hawaii;Maui;Pauwalu;W156.777;N21.0914;12;
3;USA;Hawaii;Maui;Pauwela;W156.32;N20.9339;12;
3;USA;Hawaii;Maui;Peahi;W156.283;N20.9167;12;
3;USA;Hawaii;Maui;Pu‘uiki;W156.002;N20.705;12;
3;USA;Hawaii;Maui;Pukaauhuhu;W156.15;N20.6353;12;
3;USA;Hawaii;Maui;Pukalani;W156.337;N20.8367;12;
3;USA;Hawaii;Maui;Puukolii;W156.677;N20.9344;12;
3;USA;Hawaii;Maui;Puunene;W156.453;N20.8636;12;
3;USA;Hawaii;Maui;Puunoa;W156.686;N20.8822;12;
3;USA;Hawaii;Maui;Puuohala Village;W156.512;N20.8994;12;
3;USA;Hawaii;Maui;Ranch Camp;W157.018;N21.0969;12;
3;USA;Hawaii;Maui;Russian Village;W156.425;N20.9064;12;
3;USA;Hawaii;Maui;Sam Sing Village;W156.446;N20.8714;12;
3;USA;Hawaii;Maui;School Village;W156.37;N20.9056;12;
3;USA;Hawaii;Maui;Spanish B Village;W156.448;N20.8683;12;
3;USA;Hawaii;Maui;Spreckelsville;W156.415;N20.8969;12;
3;USA;Hawaii;Maui;Store Village;W156.374;N20.9067;12;
3;USA;Hawaii;Maui;Ulumalu;W156.287;N20.9094;12;
3;USA;Hawaii;Maui;Ulupalakua;W156.393;N20.65;12;
3;USA;Hawaii;Maui;Ulupalakua;W156.401;N20.6492;12;
3;USA;Hawaii;Maui;Upper Nahiku;W156.073;N20.8022;12;
3;USA;Hawaii;Maui;Upper Village Three;W156.421;N20.8872;12;
3;USA;Hawaii;Maui;Village Eight;W156.441;N20.8578;12;
3;USA;Hawaii;Maui;Village Five;W156.458;N20.8594;12;
3;USA;Hawaii;Maui;Village Four;W156.44;N20.875;12;
3;USA;Hawaii;Maui;Village Six;W156.472;N20.8394;12;
3;USA;Hawaii;Maui;Village Ten;W156.4;N20.8617;12;
3;USA;Hawaii;Maui;Village Thirteen;W156.435;N20.8369;12;
3;USA;Hawaii;Maui;Village Two;W156.405;N20.8947;12;
3;USA;Hawaii;Maui;Wahïlauhue;W157.257;N21.1708;12;
3;USA;Hawaii;Maui;Waiakoa;W156.33;N20.7625;12;
3;USA;Hawaii;Maui;Waialua;W156.761;N21.1003;12;
3;USA;Hawaii;Maui;Waiehu Village;W156.516;N20.9175;12;
3;USA;Hawaii;Maui;Waiehu;W156.497;N20.9214;12;
3;USA;Hawaii;Maui;Waihee;W156.515;N20.9339;12;
3;USA;Hawaii;Maui;Waikapu;W156.507;N20.8581;12;
3;USA;Hawaii;Maui;Wailua;W156.136;N20.8486;12;
3;USA;Hawaii;Maui;Wailuku Heights;W156.519;N20.8775;12;
3;USA;Hawaii;Maui;Wailuku;W156.505;N20.8911;12;
3;USA;Hawaii;Maui;Wainee;W156.671;N20.8742;12;
3;USA;Hawaii;Maui;Yung Hee Village;W156.456;N20.8614;12;
