2;USA;New Hampshire;Belknap;;W71.4328;N43.5167;9;
2;USA;New Hampshire;Carroll;;W71.2161;N43.8667;9;
2;USA;New Hampshire;Cheshire;;W72.2661;N42.9333;9;
2;USA;New Hampshire;Coos;;W71.3161;N44.6333;9;
2;USA;New Hampshire;Grafton;;W71.7994;N43.95;9;
2;USA;New Hampshire;Hillsborough;;W71.7161;N42.9333;9;
2;USA;New Hampshire;Merrimack;;W71.6828;N43.3;9;
2;USA;New Hampshire;Rockingham;;W71.0994;N42.9667;9;
2;USA;New Hampshire;Strafford;;W71.0494;N43.3167;9;
2;USA;New Hampshire;Sullivan;;W72.2328;N43.3667;9;
3;USA;Maine;York;South Effingham;W70.9817;N43.7019;12;
3;USA;New Hampshire;Belknap;Allens Mills;W71.4514;N43.4083;12;
3;USA;New Hampshire;Belknap;Alton Bay;W71.2319;N43.4686;12;
3;USA;New Hampshire;Belknap;Alton;W71.2175;N43.4522;12;
3;USA;New Hampshire;Belknap;Ames;W71.3347;N43.5625;12;
3;USA;New Hampshire;Belknap;Barnstead;W71.2928;N43.3339;12;
3;USA;New Hampshire;Belknap;Bear Island;W71.4172;N43.6572;12;
3;USA;New Hampshire;Belknap;Belmont;W71.4778;N43.4453;12;
3;USA;New Hampshire;Belknap;Brookhurst;W71.2639;N43.5081;12;
3;USA;New Hampshire;Belknap;Center Barnstead;W71.2594;N43.3392;12;
3;USA;New Hampshire;Belknap;Dockham Shore;W71.4189;N43.5947;12;
3;USA;New Hampshire;Belknap;East Alton;W71.1997;N43.5181;12;
3;USA;New Hampshire;Belknap;East Bear Island;W71.3936;N43.6431;12;
3;USA;New Hampshire;Belknap;East Tilton;W71.5403;N43.4797;12;
3;USA;New Hampshire;Belknap;Gardners Grove;W71.5314;N43.4583;12;
3;USA;New Hampshire;Belknap;Gaza;W71.5944;N43.5219;12;
3;USA;New Hampshire;Belknap;Gilford;W71.4067;N43.5475;12;
3;USA;New Hampshire;Belknap;Gilmanton Ironworks;W71.2972;N43.4172;12;
3;USA;New Hampshire;Belknap;Gilmanton;W71.4144;N43.4242;12;
3;USA;New Hampshire;Belknap;Glendale;W71.3869;N43.5825;12;
3;USA;New Hampshire;Belknap;Interlaken Park;W71.4547;N43.6028;12;
3;USA;New Hampshire;Belknap;Jones Mills;W71.4142;N43.3944;12;
3;USA;New Hampshire;Belknap;Kelleys Corner;W71.3542;N43.3683;12;
3;USA;New Hampshire;Belknap;Laconia;W71.4703;N43.5278;12;
3;USA;New Hampshire;Belknap;Lake Shore Park;W71.3478;N43.575;12;
3;USA;New Hampshire;Belknap;Lakeport;W71.4625;N43.5472;12;
3;USA;New Hampshire;Belknap;Leavitt Park;W71.4536;N43.6778;12;
3;USA;New Hampshire;Belknap;Lochmere;W71.53;N43.4711;12;
3;USA;New Hampshire;Belknap;Lockes Corner;W71.1819;N43.3614;12;
3;USA;New Hampshire;Belknap;Loon Cove;W71.2592;N43.4969;12;
3;USA;New Hampshire;Belknap;Lovejoy Sands;W71.4267;N43.6489;12;
3;USA;New Hampshire;Belknap;Lower Gilmanton;W71.3539;N43.3808;12;
3;USA;New Hampshire;Belknap;Mallard Cove;W71.4833;N43.5619;12;
3;USA;New Hampshire;Belknap;Meredith Center;W71.5292;N43.6142;12;
3;USA;New Hampshire;Belknap;Meredith;W71.5003;N43.6575;12;
3;USA;New Hampshire;Belknap;Mount Major;W71.2711;N43.5222;12;
3;USA;New Hampshire;Belknap;New Hampton;W71.6542;N43.6056;12;
3;USA;New Hampshire;Belknap;North Sanbornton;W71.6094;N43.5519;12;
3;USA;New Hampshire;Belknap;Pendleton Beach;W71.4442;N43.6089;12;
3;USA;New Hampshire;Belknap;Samoset;W71.3372;N43.5678;12;
3;USA;New Hampshire;Belknap;Sanbornton;W71.5822;N43.4892;12;
3;USA;New Hampshire;Belknap;South Barnstead;W71.2283;N43.315;12;
3;USA;New Hampshire;Belknap;Spring Haven;W71.3178;N43.5553;12;
3;USA;New Hampshire;Belknap;Stockbridge Corners;W71.2025;N43.4142;12;
3;USA;New Hampshire;Belknap;The Ledges;W71.45;N43.5417;12;
3;USA;New Hampshire;Belknap;The Plains;W71.5489;N43.4633;12;
3;USA;New Hampshire;Belknap;Tilton;W71.5889;N43.4422;12;
3;USA;New Hampshire;Belknap;Weirs Beach;W71.4606;N43.6089;12;
3;USA;New Hampshire;Belknap;West Alton;W71.3111;N43.5511;12;
3;USA;New Hampshire;Belknap;West Center Harbor;W71.5669;N43.6811;12;
3;USA;New Hampshire;Belknap;Wildwood Village;W71.4928;N43.5417;12;
3;USA;New Hampshire;Belknap;Winnisquam;W71.5119;N43.5014;12;
3;USA;New Hampshire;Belknap;Winona;W71.5581;N43.6661;12;
3;USA;New Hampshire;Belknap;Woodlands;W71.2689;N43.5311;12;
3;USA;New Hampshire;Belknap;Yale Estates;W71.3461;N43.53;12;
3;USA;New Hampshire;Carroll;Albany;W71.1675;N43.9578;12;
3;USA;New Hampshire;Carroll;Bartlett;W71.2828;N44.0781;12;
3;USA;New Hampshire;Carroll;Bennett Corners;W71.3278;N43.8275;12;
3;USA;New Hampshire;Carroll;Big Rock Corner;W71.4492;N43.7811;12;
3;USA;New Hampshire;Carroll;Black Mountain Cabin;W71.1717;N44.1975;12;
3;USA;New Hampshire;Carroll;Brookfield;W71.0653;N43.5589;12;
3;USA;New Hampshire;Carroll;Center Conway;W71.0608;N43.9947;12;
3;USA;New Hampshire;Carroll;Center Effingham;W71.0089;N43.7394;12;
3;USA;New Hampshire;Carroll;Center Harbor;W71.4603;N43.7097;12;
3;USA;New Hampshire;Carroll;Center Ossipee;W71.1519;N43.755;12;
3;USA;New Hampshire;Carroll;Center Sandwich;W71.4392;N43.8075;12;
3;USA;New Hampshire;Carroll;Center Tuftonboro;W71.2472;N43.6542;12;
3;USA;New Hampshire;Carroll;Chases Mill;W71.0025;N43.7211;12;
3;USA;New Hampshire;Carroll;Chatham;W71.0111;N44.1644;12;
3;USA;New Hampshire;Carroll;Chicks Corner;W71.4728;N43.8028;12;
3;USA;New Hampshire;Carroll;Chickville;W71.1561;N43.73;12;
3;USA;New Hampshire;Carroll;Chocorua;W71.2197;N43.8789;12;
3;USA;New Hampshire;Carroll;Clark Landing;W71.3486;N43.7081;12;
3;USA;New Hampshire;Carroll;Conway;W71.1203;N43.9792;12;
3;USA;New Hampshire;Carroll;Cooks Crossing;W71.2056;N44.0897;12;
3;USA;New Hampshire;Carroll;Dorrs Corner;W71.1789;N43.7525;12;
3;USA;New Hampshire;Carroll;Ducks Head;W71.1878;N44.1408;12;
3;USA;New Hampshire;Carroll;Dundee;W71.1317;N44.1397;12;
3;USA;New Hampshire;Carroll;East Conway;W71.0053;N44.0225;12;
3;USA;New Hampshire;Carroll;East Freedom;W70.9922;N43.7931;12;
3;USA;New Hampshire;Carroll;East Madison;W71.0881;N43.8606;12;
3;USA;New Hampshire;Carroll;East Sandwich;W71.3536;N43.8097;12;
3;USA;New Hampshire;Carroll;East Wakefield;W71.005;N43.6142;12;
3;USA;New Hampshire;Carroll;East Wolfeboro;W71.1081;N43.61;12;
3;USA;New Hampshire;Carroll;Eaton Center;W71.0836;N43.9092;12;
3;USA;New Hampshire;Carroll;Effingham Falls;W71.0547;N43.7958;12;
3;USA;New Hampshire;Carroll;Effingham;W70.9964;N43.7611;12;
3;USA;New Hampshire;Carroll;Federal Corner;W71.2289;N43.6622;12;
3;USA;New Hampshire;Carroll;Fernald;W71.1692;N43.6133;12;
3;USA;New Hampshire;Carroll;Ferncroft;W71.3597;N43.9122;12;
3;USA;New Hampshire;Carroll;Freedom;W71.0356;N43.8122;12;
3;USA;New Hampshire;Carroll;Glen;W71.1825;N44.11;12;
3;USA;New Hampshire;Carroll;Goodrich Falls;W71.1894;N44.1281;12;
3;USA;New Hampshire;Carroll;Goose Corner;W71.2439;N43.6006;12;
3;USA;New Hampshire;Carroll;Granite;W71.0586;N43.6911;12;
3;USA;New Hampshire;Carroll;Grape Corner;W71.0217;N43.6867;12;
3;USA;New Hampshire;Carroll;Intervale;W71.14;N44.0742;12;
3;USA;New Hampshire;Carroll;Jackson Falls;W71.1811;N44.1481;12;
3;USA;New Hampshire;Carroll;Jackson;W71.1808;N44.1442;12;
3;USA;New Hampshire;Carroll;Jericho;W71.2039;N44.1078;12;
3;USA;New Hampshire;Carroll;Kearsarge;W71.1175;N44.0753;12;
3;USA;New Hampshire;Carroll;Keewayden;W71.2511;N43.6017;12;
3;USA;New Hampshire;Carroll;Lees Mill;W71.3897;N43.7392;12;
3;USA;New Hampshire;Carroll;Livermore;W71.3772;N44.0744;12;
3;USA;New Hampshire;Carroll;Long Sands;W71.1128;N43.7828;12;
3;USA;New Hampshire;Carroll;Lower Bartlett;W71.15;N44.1022;12;
3;USA;New Hampshire;Carroll;Madison;W71.1483;N43.8992;12;
3;USA;New Hampshire;Carroll;Melvin Village;W71.3042;N43.6889;12;
3;USA;New Hampshire;Carroll;Mirror Lake;W71.2761;N43.6225;12;
3;USA;New Hampshire;Carroll;Moultonborough Falls;W71.4106;N43.7439;12;
3;USA;New Hampshire;Carroll;Moultonborough;W71.3967;N43.7547;12;
3;USA;New Hampshire;Carroll;Moultonville;W71.1697;N43.7544;12;
3;USA;New Hampshire;Carroll;North Chatham;W71.0167;N44.2422;12;
3;USA;New Hampshire;Carroll;North Conway;W71.1283;N44.0536;12;
3;USA;New Hampshire;Carroll;North Sandwich;W71.3969;N43.8406;12;
3;USA;New Hampshire;Carroll;North Wakefield;W71.0547;N43.6361;12;
3;USA;New Hampshire;Carroll;North Wolfeboro;W71.1342;N43.6536;12;
3;USA;New Hampshire;Carroll;Notchland;W71.355;N44.1156;12;
3;USA;New Hampshire;Carroll;Ossipee Lake Shores;W71.0936;N43.8025;12;
3;USA;New Hampshire;Carroll;Ossipee Valley;W71.1775;N43.7919;12;
3;USA;New Hampshire;Carroll;Ossipee;W71.1167;N43.6853;12;
3;USA;New Hampshire;Carroll;Panno Place;W71.1372;N44.1472;12;
3;USA;New Hampshire;Carroll;Passaconaway;W71.34;N43.995;12;
3;USA;New Hampshire;Carroll;Paugus Mill;W71.3042;N43.9239;12;
3;USA;New Hampshire;Carroll;Pequawket;W71.2272;N43.9208;12;
3;USA;New Hampshire;Carroll;Pine River;W71.0736;N43.7319;12;
3;USA;New Hampshire;Carroll;Pollys Crossing;W71.13;N43.7081;12;
3;USA;New Hampshire;Carroll;Quint;W71.1325;N43.9972;12;
3;USA;New Hampshire;Carroll;Redstone;W71.1011;N44.0147;12;
3;USA;New Hampshire;Carroll;Rogers Crossing;W71.2436;N44.0817;12;
3;USA;New Hampshire;Carroll;Roland Park;W71.1994;N43.7322;12;
3;USA;New Hampshire;Carroll;Sanbornville;W71.0308;N43.5542;12;
3;USA;New Hampshire;Carroll;Sandwich Landing;W71.4708;N43.785;12;
3;USA;New Hampshire;Carroll;Sandwich;W71.4111;N43.7903;12;
3;USA;New Hampshire;Carroll;Sawyers River;W71.3506;N44.0897;12;
3;USA;New Hampshire;Carroll;Silver Lake;W71.1753;N43.8881;12;
3;USA;New Hampshire;Carroll;Snowville;W71.0578;N43.9125;12;
3;USA;New Hampshire;Carroll;South Chatham;W71.0069;N44.1011;12;
3;USA;New Hampshire;Carroll;South Conway;W71.0225;N43.9631;12;
3;USA;New Hampshire;Carroll;South Effingham;W70.9833;N43.7011;12;
3;USA;New Hampshire;Carroll;South Tamworth;W71.3031;N43.8247;12;
3;USA;New Hampshire;Carroll;South Wolfeboro;W71.1772;N43.5614;12;
3;USA;New Hampshire;Carroll;State Landing;W71.3739;N43.7261;12;
3;USA;New Hampshire;Carroll;Stockbridge Corner;W71.2028;N43.6358;12;
3;USA;New Hampshire;Carroll;Tamworth;W71.2631;N43.8597;12;
3;USA;New Hampshire;Carroll;Tuftonboro;W71.2219;N43.6964;12;
3;USA;New Hampshire;Carroll;Union Wharf;W71.2822;N43.6519;12;
3;USA;New Hampshire;Carroll;Union;W71.0231;N43.4914;12;
3;USA;New Hampshire;Carroll;Wakefield;W71.03;N43.5681;12;
3;USA;New Hampshire;Carroll;Water Village;W71.1844;N43.6825;12;
3;USA;New Hampshire;Carroll;Wawbeek;W71.2972;N43.6719;12;
3;USA;New Hampshire;Carroll;Wentworth Hill;W71.4131;N43.7914;12;
3;USA;New Hampshire;Carroll;West Ossipee;W71.2047;N43.8247;12;
3;USA;New Hampshire;Carroll;Whiteface;W71.3981;N43.8667;12;
3;USA;New Hampshire;Carroll;Whittier;W71.2667;N43.8319;12;
3;USA;New Hampshire;Carroll;Winnipesaukee;W71.335;N43.6742;12;
3;USA;New Hampshire;Carroll;Wolfeboro Center;W71.1717;N43.6194;12;
3;USA;New Hampshire;Carroll;Wolfeboro Falls;W71.2056;N43.5919;12;
3;USA;New Hampshire;Carroll;Wolfeboro;W71.2072;N43.5839;12;
3;USA;New Hampshire;Carroll;Wonalancet;W71.3506;N43.9072;12;
3;USA;New Hampshire;Carroll;Woodman;W70.9828;N43.6347;12;
3;USA;New Hampshire;Cheshire;Alstead Center;W72.3258;N43.1186;12;
3;USA;New Hampshire;Cheshire;Alstead;W72.3606;N43.1489;12;
3;USA;New Hampshire;Cheshire;Ashuelot;W72.4236;N42.7775;12;
3;USA;New Hampshire;Cheshire;Baker Corner;W72.2489;N43.1375;12;
3;USA;New Hampshire;Cheshire;Bonds Corner;W72.0244;N42.9017;12;
3;USA;New Hampshire;Cheshire;Bowkerville;W72.1642;N42.8058;12;
3;USA;New Hampshire;Cheshire;Camp Forest Lake;W72.3594;N42.7886;12;
3;USA;New Hampshire;Cheshire;Camp Notre Dame;W72.4372;N42.92;12;
3;USA;New Hampshire;Cheshire;Chesham;W72.1486;N42.9306;12;
3;USA;New Hampshire;Cheshire;Chesterfield;W72.4703;N42.8872;12;
3;USA;New Hampshire;Cheshire;Christian Hollow;W72.3894;N43.0367;12;
3;USA;New Hampshire;Cheshire;Cold River;W72.4272;N43.1222;12;
3;USA;New Hampshire;Cheshire;Converseville;W71.9803;N42.7392;12;
3;USA;New Hampshire;Cheshire;Curtis Corner;W72.3878;N42.7425;12;
3;USA;New Hampshire;Cheshire;Cutter Hill;W71.9894;N42.7486;12;
3;USA;New Hampshire;Cheshire;Dodge Tavern;W72.3889;N43.1039;12;
3;USA;New Hampshire;Cheshire;Dole Junction;W72.4689;N42.7544;12;
3;USA;New Hampshire;Cheshire;Drewsville;W72.3919;N43.1281;12;
3;USA;New Hampshire;Cheshire;Dublin;W72.0625;N42.9075;12;
3;USA;New Hampshire;Cheshire;East Alstead;W72.2789;N43.1239;12;
3;USA;New Hampshire;Cheshire;East Rindge;W71.9658;N42.7375;12;
3;USA;New Hampshire;Cheshire;East Sullivan;W72.1956;N42.9939;12;
3;USA;New Hampshire;Cheshire;East Swanzey;W72.2583;N42.8514;12;
3;USA;New Hampshire;Cheshire;East Westmoreland;W72.3903;N42.9903;12;
3;USA;New Hampshire;Cheshire;Eastview;W72.0369;N42.9319;12;
3;USA;New Hampshire;Cheshire;Ellisville;W72.1994;N43.0192;12;
3;USA;New Hampshire;Cheshire;Fitzwilliam Depot;W72.1508;N42.7647;12;
3;USA;New Hampshire;Cheshire;Fitzwilliam;W72.1417;N42.7806;12;
3;USA;New Hampshire;Cheshire;Gee Mill;W72.2033;N43.1522;12;
3;USA;New Hampshire;Cheshire;Gilboa;W72.39;N42.9953;12;
3;USA;New Hampshire;Cheshire;Gilsum;W72.2628;N43.0483;12;
3;USA;New Hampshire;Cheshire;Hadley;W71.9878;N42.8347;12;
3;USA;New Hampshire;Cheshire;Harrisville;W72.0964;N42.945;12;
3;USA;New Hampshire;Cheshire;Hillside Acres Mobile Home Park;W72.31;N42.9164;12;
3;USA;New Hampshire;Cheshire;Hinsdale;W72.4864;N42.7861;12;
3;USA;New Hampshire;Cheshire;Jaffrey Center;W72.055;N42.8278;12;
3;USA;New Hampshire;Cheshire;Jaffrey;W72.0231;N42.8139;12;
3;USA;New Hampshire;Cheshire;Jones Corner;W72.0222;N42.7372;12;
3;USA;New Hampshire;Cheshire;Joslin;W72.2556;N42.9092;12;
3;USA;New Hampshire;Cheshire;Keene;W72.2781;N42.9336;12;
3;USA;New Hampshire;Cheshire;Leominster Corner;W72.1894;N43.0692;12;
3;USA;New Hampshire;Cheshire;Lower Village;W72.2697;N43.0381;12;
3;USA;New Hampshire;Cheshire;Marlborough;W72.2078;N42.9042;12;
3;USA;New Hampshire;Cheshire;Marlow Junction;W72.2197;N43.1672;12;
3;USA;New Hampshire;Cheshire;Marlow;W72.1969;N43.1158;12;
3;USA;New Hampshire;Cheshire;Mill Hollow;W72.2983;N43.1228;12;
3;USA;New Hampshire;Cheshire;Mill Village;W72.0925;N43.0775;12;
3;USA;New Hampshire;Cheshire;Munsonville;W72.1486;N43.0142;12;
3;USA;New Hampshire;Cheshire;Nelson;W72.1308;N42.9906;12;
3;USA;New Hampshire;Cheshire;North Hinsdale;W72.5186;N42.825;12;
3;USA;New Hampshire;Cheshire;North Richmond;W72.2719;N42.7931;12;
3;USA;New Hampshire;Cheshire;North Swanzey;W72.2703;N42.9111;12;
3;USA;New Hampshire;Cheshire;North Walpole;W72.4481;N43.1389;12;
3;USA;New Hampshire;Cheshire;Poocham;W72.4772;N42.9506;12;
3;USA;New Hampshire;Cheshire;Rand;W72.0419;N42.7361;12;
3;USA;New Hampshire;Cheshire;Richmond;W72.2717;N42.7547;12;
3;USA;New Hampshire;Cheshire;Rindge;W72.0097;N42.7511;12;
3;USA;New Hampshire;Cheshire;Rockwood;W72.1811;N42.7942;12;
3;USA;New Hampshire;Cheshire;Roundys Corner;W72.2956;N43.0522;12;
3;USA;New Hampshire;Cheshire;Roxbury Center;W72.2061;N42.9556;12;
3;USA;New Hampshire;Cheshire;Scotland;W72.3575;N42.7572;12;
3;USA;New Hampshire;Cheshire;Shaws Corner;W72.3331;N43.0525;12;
3;USA;New Hampshire;Cheshire;South Keene;W72.245;N42.9169;12;
3;USA;New Hampshire;Cheshire;South Stoddard;W72.0717;N43.04;12;
3;USA;New Hampshire;Cheshire;Spofford;W72.4194;N42.9069;12;
3;USA;New Hampshire;Cheshire;Spragueville;W72.2633;N42.8964;12;
3;USA;New Hampshire;Cheshire;Squantum;W71.9856;N42.7906;12;
3;USA;New Hampshire;Cheshire;State Line;W72.0833;N42.7181;12;
3;USA;New Hampshire;Cheshire;Stoddard;W72.1144;N43.0786;12;
3;USA;New Hampshire;Cheshire;Sullivan;W72.2208;N43.0131;12;
3;USA;New Hampshire;Cheshire;Surry;W72.3211;N43.0178;12;
3;USA;New Hampshire;Cheshire;Swanzey Station;W72.2869;N42.8867;12;
3;USA;New Hampshire;Cheshire;Swanzey;W72.2817;N42.8697;12;
3;USA;New Hampshire;Cheshire;Thomas;W72.0433;N42.7494;12;
3;USA;New Hampshire;Cheshire;Troy;W72.1811;N42.8239;12;
3;USA;New Hampshire;Cheshire;Walpole;W72.4258;N43.0794;12;
3;USA;New Hampshire;Cheshire;Webb;W72.2125;N42.8742;12;
3;USA;New Hampshire;Cheshire;West Chesterfield;W72.5156;N42.9042;12;
3;USA;New Hampshire;Cheshire;West Rindge;W72.0314;N42.7633;12;
3;USA;New Hampshire;Cheshire;West Swanzey;W72.3217;N42.87;12;
3;USA;New Hampshire;Cheshire;Westmoreland Depot;W72.4333;N43.0019;12;
3;USA;New Hampshire;Cheshire;Westmoreland;W72.4422;N42.9619;12;
3;USA;New Hampshire;Cheshire;Westport;W72.3475;N42.8417;12;
3;USA;New Hampshire;Cheshire;Winchester;W72.3831;N42.7733;12;
3;USA;New Hampshire;Cheshire;Woodmere;W72.0081;N42.7833;12;
3;USA;New Hampshire;Cheshire;Woods Mill;W72.1542;N43.0417;12;
3;USA;New Hampshire;Coos;Appalachia;W71.2892;N44.3711;12;
3;USA;New Hampshire;Coos;Baileys;W71.505;N44.4072;12;
3;USA;New Hampshire;Coos;Beatties;W71.5947;N44.7078;12;
3;USA;New Hampshire;Coos;Berlin;W71.185;N44.4686;12;
3;USA;New Hampshire;Coos;Bowman;W71.3522;N44.3586;12;
3;USA;New Hampshire;Coos;Bretton Woods;W71.4411;N44.2581;12;
3;USA;New Hampshire;Coos;Bungy;W71.3928;N44.8439;12;
3;USA;New Hampshire;Coos;Carroll;W71.5406;N44.2983;12;
3;USA;New Hampshire;Coos;Cascade;W71.1925;N44.4494;12;
3;USA;New Hampshire;Coos;Colebrook;W71.4958;N44.8944;12;
3;USA;New Hampshire;Coos;Columbia;W71.5142;N44.8778;12;
3;USA;New Hampshire;Coos;Columbia;W71.5517;N44.8519;12;
3;USA;New Hampshire;Coos;Cones;W71.5658;N44.8197;12;
3;USA;New Hampshire;Coos;Coos Junction;W71.5678;N44.5061;12;
3;USA;New Hampshire;Coos;Copperville;W71.2392;N44.5344;12;
3;USA;New Hampshire;Coos;Crystal;W71.3297;N44.6189;12;
3;USA;New Hampshire;Coos;Cushman;W71.7225;N44.4058;12;
3;USA;New Hampshire;Coos;Dalton;W71.6947;N44.4158;12;
3;USA;New Hampshire;Coos;Dixville Notch;W71.3058;N44.8708;12;
3;USA;New Hampshire;Coos;Dummer;W71.2008;N44.6106;12;
3;USA;New Hampshire;Coos;Errol;W71.1378;N44.7814;12;
3;USA;New Hampshire;Coos;Fabyan;W71.4583;N44.2633;12;
3;USA;New Hampshire;Coos;Gateway Trailer Park;W71.1986;N44.3967;12;
3;USA;New Hampshire;Coos;Georges;W71.5806;N44.7833;12;
3;USA;New Hampshire;Coos;Glen House;W71.2253;N44.2883;12;
3;USA;New Hampshire;Coos;Gorham;W71.1731;N44.3878;12;
3;USA;New Hampshire;Coos;Grange;W71.5247;N44.4861;12;
3;USA;New Hampshire;Coos;Groveton;W71.5111;N44.5986;12;
3;USA;New Hampshire;Coos;Happy Corner;W71.3128;N45.0864;12;
3;USA;New Hampshire;Coos;Hazens;W71.5614;N44.3689;12;
3;USA;New Hampshire;Coos;Highlands;W71.4383;N44.3728;12;
3;USA;New Hampshire;Coos;Idlewilde;W71.1789;N45.1514;12;
3;USA;New Hampshire;Coos;Jefferson Highland;W71.4219;N44.385;12;
3;USA;New Hampshire;Coos;Jefferson;W71.4744;N44.4189;12;
3;USA;New Hampshire;Coos;Kidderville;W71.3764;N44.8764;12;
3;USA;New Hampshire;Coos;Lancaster;W71.5692;N44.4889;12;
3;USA;New Hampshire;Coos;Lost Nation;W71.4914;N44.5094;12;
3;USA;New Hampshire;Coos;Mapleton;W71.5522;N44.6486;12;
3;USA;New Hampshire;Coos;Marshfield Station;W71.3567;N44.2692;12;
3;USA;New Hampshire;Coos;Masons;W71.5886;N44.6861;12;
3;USA;New Hampshire;Coos;Meriden Hill;W71.5542;N44.7822;12;
3;USA;New Hampshire;Coos;Milan;W71.185;N44.5733;12;
3;USA;New Hampshire;Coos;North Stratford;W71.6286;N44.7517;12;
3;USA;New Hampshire;Coos;Northumberland;W71.5586;N44.5633;12;
3;USA;New Hampshire;Coos;Paris;W71.3208;N44.6511;12;
3;USA;New Hampshire;Coos;Percy;W71.3919;N44.6231;12;
3;USA;New Hampshire;Coos;Pittsburg;W71.3914;N45.0511;12;
3;USA;New Hampshire;Coos;Quebec Junction;W71.5519;N44.3492;12;
3;USA;New Hampshire;Coos;Randolph Hill;W71.2783;N44.3881;12;
3;USA;New Hampshire;Coos;Randolph;W71.2797;N44.3753;12;
3;USA;New Hampshire;Coos;Rim Junction;W71.0494;N44.2831;12;
3;USA;New Hampshire;Coos;Riverton;W71.5289;N44.4456;12;
3;USA;New Hampshire;Coos;Scates Corner;W71.2547;N44.3792;12;
3;USA;New Hampshire;Coos;Scott;W71.6369;N44.4122;12;
3;USA;New Hampshire;Coos;Shelburne;W71.0747;N44.4011;12;
3;USA;New Hampshire;Coos;South Lancaster;W71.6453;N44.4586;12;
3;USA;New Hampshire;Coos;Stark;W71.4244;N44.6014;12;
3;USA;New Hampshire;Coos;Starr King;W71.4425;N44.4014;12;
3;USA;New Hampshire;Coos;Stewartstown Hollow;W71.4525;N44.9486;12;
3;USA;New Hampshire;Coos;Stewartstown;W71.5078;N45.0061;12;
3;USA;New Hampshire;Coos;Stratford;W71.5556;N44.655;12;
3;USA;New Hampshire;Coos;The Glen;W71.2578;N45.1042;12;
3;USA;New Hampshire;Coos;The Hand;W71.0914;N44.8797;12;
3;USA;New Hampshire;Coos;Tinkerville;W71.5833;N44.7806;12;
3;USA;New Hampshire;Coos;Twin Mountain;W71.5389;N44.2722;12;
3;USA;New Hampshire;Coos;Upper Kidderville;W71.3644;N44.8825;12;
3;USA;New Hampshire;Coos;Upper Village;W71.195;N44.3981;12;
3;USA;New Hampshire;Coos;Waumbeck Junction;W71.5197;N44.3739;12;
3;USA;New Hampshire;Coos;Wentworth Location;W71.0553;N44.8581;12;
3;USA;New Hampshire;Coos;West Milan;W71.3042;N44.5986;12;
3;USA;New Hampshire;Coos;West Stewartstown;W71.5311;N44.9953;12;
3;USA;New Hampshire;Coos;Whitefield;W71.61;N44.3731;12;
3;USA;New Hampshire;Grafton;Alderbrook;W71.6964;N44.3267;12;
3;USA;New Hampshire;Grafton;Alexandria;W71.7928;N43.6114;12;
3;USA;New Hampshire;Grafton;Apthorp;W71.7422;N44.3078;12;
3;USA;New Hampshire;Grafton;Ashland;W71.6306;N43.6953;12;
3;USA;New Hampshire;Grafton;Barrett;W71.8286;N44.2581;12;
3;USA;New Hampshire;Grafton;Bath;W71.9661;N44.1669;12;
3;USA;New Hampshire;Grafton;Beebe River;W71.6508;N43.8286;12;
3;USA;New Hampshire;Grafton;Benton;W71.9017;N44.1031;12;
3;USA;New Hampshire;Grafton;Bethlehem;W71.6881;N44.2803;12;
3;USA;New Hampshire;Grafton;Blair;W71.665;N43.81;12;
3;USA;New Hampshire;Grafton;Boutin Corner;W71.8758;N44.0981;12;
3;USA;New Hampshire;Grafton;Breezy Point;W71.8347;N43.9661;12;
3;USA;New Hampshire;Grafton;Bridgewater;W71.7364;N43.6383;12;
3;USA;New Hampshire;Grafton;Bristol;W71.7367;N43.5911;12;
3;USA;New Hampshire;Grafton;Bucks Corner;W71.9481;N43.7378;12;
3;USA;New Hampshire;Grafton;Campton Hollow;W71.6408;N43.8233;12;
3;USA;New Hampshire;Grafton;Campton Lower Village;W71.6328;N43.8589;12;
3;USA;New Hampshire;Grafton;Campton Station;W71.6508;N43.8536;12;
3;USA;New Hampshire;Grafton;Campton Upper Village;W71.6381;N43.8658;12;
3;USA;New Hampshire;Grafton;Canaan Center;W72.0525;N43.6803;12;
3;USA;New Hampshire;Grafton;Canaan Street;W72.0422;N43.6653;12;
3;USA;New Hampshire;Grafton;Canaan;W72.0117;N43.6475;12;
3;USA;New Hampshire;Grafton;Center Haverhill;W71.9856;N44.0769;12;
3;USA;New Hampshire;Grafton;Cheever;W71.9103;N43.7989;12;
3;USA;New Hampshire;Grafton;Coreys Mobile Park;W71.7528;N44.3067;12;
3;USA;New Hampshire;Grafton;Curriers Mobile Home Park;W72.1661;N43.6486;12;
3;USA;New Hampshire;Grafton;Deephaven;W71.5386;N43.7697;12;
3;USA;New Hampshire;Grafton;Deerfield;W71.6169;N44.2306;12;
3;USA;New Hampshire;Grafton;Dorchester;W71.9486;N43.7567;12;
3;USA;New Hampshire;Grafton;East Grafton;W71.9275;N43.5686;12;
3;USA;New Hampshire;Grafton;East Haverhill;W71.9711;N44.0267;12;
3;USA;New Hampshire;Grafton;East Hebron;W71.7694;N43.6933;12;
3;USA;New Hampshire;Grafton;East Holderness;W71.5308;N43.7167;12;
3;USA;New Hampshire;Grafton;East Wilder;W72.2947;N43.6819;12;
3;USA;New Hampshire;Grafton;Easton;W71.79;N44.1461;12;
3;USA;New Hampshire;Grafton;Ellsworth;W71.7364;N43.8739;12;
3;USA;New Hampshire;Grafton;Enfield Center;W72.1108;N43.59;12;
3;USA;New Hampshire;Grafton;Enfield;W72.1439;N43.6406;12;
3;USA;New Hampshire;Grafton;Etna;W72.2217;N43.6928;12;
3;USA;New Hampshire;Grafton;Fairview;W71.6772;N44.0153;12;
3;USA;New Hampshire;Grafton;Five Corners;W71.6336;N44.2442;12;
3;USA;New Hampshire;Grafton;Franconia;W71.7478;N44.2269;12;
3;USA;New Hampshire;Grafton;Gilman Mobile Park;W71.7531;N44.3086;12;
3;USA;New Hampshire;Grafton;Gilmans Corner;W71.9897;N43.9025;12;
3;USA;New Hampshire;Grafton;Glencliff;W71.8933;N43.9828;12;
3;USA;New Hampshire;Grafton;Goose Hollow;W71.5978;N43.8811;12;
3;USA;New Hampshire;Grafton;Grafton Center;W71.9733;N43.5739;12;
3;USA;New Hampshire;Grafton;Grafton;W71.9439;N43.5586;12;
3;USA;New Hampshire;Grafton;Groton;W71.8356;N43.7017;12;
3;USA;New Hampshire;Grafton;Hannahs Mobile Home Park;W72.2675;N43.6431;12;
3;USA;New Hampshire;Grafton;Hanover Center;W72.1928;N43.7256;12;
3;USA;New Hampshire;Grafton;Hanover;W72.2894;N43.7022;12;
3;USA;New Hampshire;Grafton;Hardscrabble;W72.1172;N43.8317;12;
3;USA;New Hampshire;Grafton;Haverhill;W72.0639;N44.0344;12;
3;USA;New Hampshire;Grafton;Hebron;W71.8056;N43.6939;12;
3;USA;New Hampshire;Grafton;Hilltop Manor Extension Mobile Home Park;W71.7506;N44.3086;12;
3;USA;New Hampshire;Grafton;Holderness;W71.5883;N43.7319;12;
3;USA;New Hampshire;Grafton;Ireland;W71.8933;N44.1594;12;
3;USA;New Hampshire;Grafton;Jericho;W71.8489;N44.1439;12;
3;USA;New Hampshire;Grafton;Jockey Hill;W71.9056;N44.1864;12;
3;USA;New Hampshire;Grafton;Landaff Center;W71.8869;N44.175;12;
3;USA;New Hampshire;Grafton;Lebanon;W72.2517;N43.6422;12;
3;USA;New Hampshire;Grafton;LeBruns Mobile Home Park;W72.1717;N43.6522;12;
3;USA;New Hampshire;Grafton;Lincoln;W71.67;N44.0456;12;
3;USA;New Hampshire;Grafton;Lisbon;W71.9108;N44.2133;12;
3;USA;New Hampshire;Grafton;Littleton;W71.77;N44.3061;12;
3;USA;New Hampshire;Grafton;Lockehaven;W72.0878;N43.6106;12;
3;USA;New Hampshire;Grafton;Lost River;W71.7842;N44.0369;12;
3;USA;New Hampshire;Grafton;Lower Shaker Village;W72.1461;N43.62;12;
3;USA;New Hampshire;Grafton;Lyme Center;W72.1228;N43.7992;12;
3;USA;New Hampshire;Grafton;Lyme;W72.1558;N43.8094;12;
3;USA;New Hampshire;Grafton;Maplewood;W71.6572;N44.2819;12;
3;USA;New Hampshire;Grafton;Mascoma;W72.1822;N43.6511;12;
3;USA;New Hampshire;Grafton;Merriwood Camp;W71.9911;N43.9033;12;
3;USA;New Hampshire;Grafton;Mittersill;W71.7142;N44.18;12;
3;USA;New Hampshire;Grafton;Monroe;W72.0547;N44.2603;12;
3;USA;New Hampshire;Grafton;Montcalm;W72.1703;N43.6;12;
3;USA;New Hampshire;Grafton;Mountain Lakes;W71.9553;N44.1214;12;
3;USA;New Hampshire;Grafton;Newtons Mobile Park;W71.7472;N44.3025;12;
3;USA;New Hampshire;Grafton;North Dorchester;W71.9708;N43.8025;12;
3;USA;New Hampshire;Grafton;North Groton;W71.8697;N43.7597;12;
3;USA;New Hampshire;Grafton;North Haverhill;W72.0264;N44.0903;12;
3;USA;New Hampshire;Grafton;North Littleton;W71.8019;N44.3597;12;
3;USA;New Hampshire;Grafton;North Woodstock;W71.6858;N44.0303;12;
3;USA;New Hampshire;Grafton;Nutter;W71.9447;N44.1447;12;
3;USA;New Hampshire;Grafton;Nuttings Beach;W71.79;N43.6625;12;
3;USA;New Hampshire;Grafton;Olympic Mobile Home Park;W72.1792;N43.6433;12;
3;USA;New Hampshire;Grafton;Orange;W71.9714;N43.6544;12;
3;USA;New Hampshire;Grafton;Orford;W72.14;N43.9053;12;
3;USA;New Hampshire;Grafton;Orfordville;W72.1022;N43.8833;12;
3;USA;New Hampshire;Grafton;Oscars Mobile Home Park;W72.2608;N43.6608;12;
3;USA;New Hampshire;Grafton;Parker Hill;W71.95;N44.2542;12;
3;USA;New Hampshire;Grafton;Pettyboro;W71.9614;N44.2042;12;
3;USA;New Hampshire;Grafton;Pierce Bridge;W71.6311;N44.2725;12;
3;USA;New Hampshire;Grafton;Piermont;W72.0806;N43.9697;12;
3;USA;New Hampshire;Grafton;Pike;W72.0081;N44.0308;12;
3;USA;New Hampshire;Grafton;Plymouth;W71.6881;N43.7569;12;
3;USA;New Hampshire;Grafton;Quincy;W71.7744;N43.7875;12;
3;USA;New Hampshire;Grafton;Quinttown;W72.0553;N43.8658;12;
3;USA;New Hampshire;Grafton;Rivercrest;W72.2708;N43.7264;12;
3;USA;New Hampshire;Grafton;Robinson Corner;W71.9725;N43.5342;12;
3;USA;New Hampshire;Grafton;Rockywold;W71.5433;N43.7742;12;
3;USA;New Hampshire;Grafton;Rumney Depot;W71.8047;N43.7933;12;
3;USA;New Hampshire;Grafton;Rumney;W71.8125;N43.8053;12;
3;USA;New Hampshire;Grafton;Sachem Village;W72.2856;N43.6831;12;
3;USA;New Hampshire;Grafton;Savageville;W71.8936;N44.2117;12;
3;USA;New Hampshire;Grafton;South Alexandria;W71.7947;N43.5575;12;
3;USA;New Hampshire;Grafton;Stillwater;W71.4694;N44.1186;12;
3;USA;New Hampshire;Grafton;Stinson Lake;W71.8083;N43.8611;12;
3;USA;New Hampshire;Grafton;Sugar Hill;W71.7994;N44.2153;12;
3;USA;New Hampshire;Grafton;Swiftwater;W71.9514;N44.1328;12;
3;USA;New Hampshire;Grafton;The Village of Loon Mountain;W71.6269;N44.0611;12;
3;USA;New Hampshire;Grafton;Thornton;W71.6758;N43.8928;12;
3;USA;New Hampshire;Grafton;Tinkerville;W71.935;N44.2722;12;
3;USA;New Hampshire;Grafton;Toneys Mobile Park;W71.7508;N44.3011;12;
3;USA;New Hampshire;Grafton;Tripoli Mill;W71.5772;N43.9981;12;
3;USA;New Hampshire;Grafton;Upper Shaker Village;W72.1381;N43.6117;12;
3;USA;New Hampshire;Grafton;Upper Village;W71.9442;N44.1772;12;
3;USA;New Hampshire;Grafton;Warren;W71.8919;N43.9231;12;
3;USA;New Hampshire;Grafton;Waterville Valley;W71.4994;N43.95;12;
3;USA;New Hampshire;Grafton;Wentworth;W71.9142;N43.8717;12;
3;USA;New Hampshire;Grafton;West Bath;W71.9872;N44.1742;12;
3;USA;New Hampshire;Grafton;West Campton;W71.6658;N43.8472;12;
3;USA;New Hampshire;Grafton;West Canaan;W72.0961;N43.6494;12;
3;USA;New Hampshire;Grafton;West Lebanon;W72.3103;N43.6492;12;
3;USA;New Hampshire;Grafton;West Plymouth;W71.7622;N43.7703;12;
3;USA;New Hampshire;Grafton;West Rumney;W71.8706;N43.8136;12;
3;USA;New Hampshire;Grafton;West Thornton;W71.6875;N43.9358;12;
3;USA;New Hampshire;Grafton;Wildwood;W71.8003;N44.0783;12;
3;USA;New Hampshire;Grafton;Woodstock;W71.685;N43.9775;12;
3;USA;New Hampshire;Grafton;Woodsville;W72.0372;N44.1522;12;
3;USA;New Hampshire;Hillsborough;Amherst;W71.6253;N42.8614;12;
3;USA;New Hampshire;Hillsborough;Antrim Center;W71.9656;N43.0503;12;
3;USA;New Hampshire;Hillsborough;Antrim;W71.9389;N43.0308;12;
3;USA;New Hampshire;Hillsborough;Bank;W71.8369;N42.7503;12;
3;USA;New Hampshire;Hillsborough;Bedford;W71.5158;N42.9464;12;
3;USA;New Hampshire;Hillsborough;Bennington;W71.9244;N43.0031;12;
3;USA;New Hampshire;Hillsborough;Broad Acres;W71.5067;N42.7689;12;
3;USA;New Hampshire;Hillsborough;Brookline;W71.6581;N42.7347;12;
3;USA;New Hampshire;Hillsborough;Browns Corner;W71.6108;N42.9789;12;
3;USA;New Hampshire;Hillsborough;Chase Village;W71.7508;N43.1106;12;
3;USA;New Hampshire;Hillsborough;Clinton Grove;W71.7583;N43.0781;12;
3;USA;New Hampshire;Hillsborough;Clinton Village;W71.9642;N43.0408;12;
3;USA;New Hampshire;Hillsborough;Cricket Corner;W71.5956;N42.8419;12;
3;USA;New Hampshire;Hillsborough;Curtis Corner;W71.7458;N42.8744;12;
3;USA;New Hampshire;Hillsborough;Davis;W71.8717;N42.7556;12;
3;USA;New Hampshire;Hillsborough;Davisville;W71.7878;N42.8558;12;
3;USA;New Hampshire;Hillsborough;Deering;W71.8444;N43.0731;12;
3;USA;New Hampshire;Hillsborough;Drury;W71.9644;N42.8444;12;
3;USA;New Hampshire;Hillsborough;East Deering;W71.8131;N43.0739;12;
3;USA;New Hampshire;Hillsborough;East Merrimack;W71.4833;N42.8681;12;
3;USA;New Hampshire;Hillsborough;East Milford;W71.6256;N42.8233;12;
3;USA;New Hampshire;Hillsborough;Elmwood;W71.955;N42.9719;12;
3;USA;New Hampshire;Hillsborough;Field and Stream Travel Trailer Park;W71.65;N42.8089;12;
3;USA;New Hampshire;Hillsborough;Francestown;W71.8125;N42.9875;12;
3;USA;New Hampshire;Hillsborough;Gibson Four Corners;W71.85;N42.7283;12;
3;USA;New Hampshire;Hillsborough;Goffs Falls;W71.4525;N42.9319;12;
3;USA;New Hampshire;Hillsborough;Goffstown;W71.6003;N43.0203;12;
3;USA;New Hampshire;Hillsborough;Grasmere;W71.5431;N43.0222;12;
3;USA;New Hampshire;Hillsborough;Greenfield;W71.8722;N42.9506;12;
3;USA;New Hampshire;Hillsborough;Greenville;W71.8122;N42.7672;12;
3;USA;New Hampshire;Hillsborough;Hancock;W71.9797;N42.9728;12;
3;USA;New Hampshire;Hillsborough;Happy Valley;W71.9164;N42.9175;12;
3;USA;New Hampshire;Hillsborough;High Bridge;W71.8269;N42.7508;12;
3;USA;New Hampshire;Hillsborough;Hillsboro Center;W71.9336;N43.145;12;
3;USA;New Hampshire;Hillsborough;Hillsboro Lower Village;W71.9442;N43.1122;12;
3;USA;New Hampshire;Hillsborough;Hillsboro Upper Village;W71.9758;N43.1306;12;
3;USA;New Hampshire;Hillsborough;Hillsboro;W71.895;N43.1147;12;
3;USA;New Hampshire;Hillsborough;Hollis Depot;W71.5486;N42.7128;12;
3;USA;New Hampshire;Hillsborough;Hollis;W71.5917;N42.7431;12;
3;USA;New Hampshire;Hillsborough;Holton;W71.9078;N43.0811;12;
3;USA;New Hampshire;Hillsborough;Hudson Center;W71.4078;N42.7717;12;
3;USA;New Hampshire;Hillsborough;Hudson;W71.4397;N42.7647;12;
3;USA;New Hampshire;Hillsborough;Johnson Corner;W71.7342;N42.8886;12;
3;USA;New Hampshire;Hillsborough;Klondike Corner;W71.6208;N42.9556;12;
3;USA;New Hampshire;Hillsborough;Lawrence Corner;W71.5233;N42.8472;12;
3;USA;New Hampshire;Hillsborough;Lincoln Park;W71.5081;N42.7572;12;
3;USA;New Hampshire;Hillsborough;Litchfield;W71.4797;N42.8442;12;
3;USA;New Hampshire;Hillsborough;Loverens Mill;W72.0183;N43.0728;12;
3;USA;New Hampshire;Hillsborough;Lyndeborough;W71.7664;N42.9075;12;
3;USA;New Hampshire;Hillsborough;MacDowell Colony;W71.9539;N42.89;12;
3;USA;New Hampshire;Hillsborough;Manchester;W71.4547;N42.9956;12;
3;USA;New Hampshire;Hillsborough;Mason;W71.7689;N42.7436;12;
3;USA;New Hampshire;Hillsborough;Massabesic;W71.3925;N43.0036;12;
3;USA;New Hampshire;Hillsborough;Merrimack;W71.4933;N42.865;12;
3;USA;New Hampshire;Hillsborough;Milford;W71.6489;N42.8353;12;
3;USA;New Hampshire;Hillsborough;Mont Vernon;W71.6742;N42.8944;12;
3;USA;New Hampshire;Hillsborough;Mountain Base;W71.5786;N42.9864;12;
3;USA;New Hampshire;Hillsborough;Nashua;W71.4675;N42.7653;12;
3;USA;New Hampshire;Hillsborough;New Boston;W71.6939;N42.9761;12;
3;USA;New Hampshire;Hillsborough;New Ipswich Center;W71.8517;N42.7581;12;
3;USA;New Hampshire;Hillsborough;New Ipswich;W71.8542;N42.7481;12;
3;USA;New Hampshire;Hillsborough;Noone;W71.9644;N42.8597;12;
3;USA;New Hampshire;Hillsborough;North Branch;W71.9772;N43.0806;12;
3;USA;New Hampshire;Hillsborough;North Brookline;W71.675;N42.7592;12;
3;USA;New Hampshire;Hillsborough;North Pelham;W71.3525;N42.7736;12;
3;USA;New Hampshire;Hillsborough;North Village;W71.9389;N42.8989;12;
3;USA;New Hampshire;Hillsborough;North Weare;W71.7378;N43.1144;12;
3;USA;New Hampshire;Hillsborough;Parker;W71.6275;N43.0258;12;
3;USA;New Hampshire;Hillsborough;Pelham;W71.3244;N42.7344;12;
3;USA;New Hampshire;Hillsborough;Perham Corner;W71.7161;N42.8622;12;
3;USA;New Hampshire;Hillsborough;Peterborough;W71.9517;N42.8706;12;
3;USA;New Hampshire;Hillsborough;Pinardville;W71.5072;N42.9942;12;
3;USA;New Hampshire;Hillsborough;Ponemah;W71.605;N42.8169;12;
3;USA;New Hampshire;Hillsborough;Potash Corner;W71.4081;N42.8139;12;
3;USA;New Hampshire;Hillsborough;Pratt;W71.7631;N42.7836;12;
3;USA;New Hampshire;Hillsborough;Reeds Ferry;W71.4758;N42.8831;12;
3;USA;New Hampshire;Hillsborough;Riverdale;W71.645;N43.0319;12;
3;USA;New Hampshire;Hillsborough;Russell;W71.8447;N42.9172;12;
3;USA;New Hampshire;Hillsborough;Sharon;W71.9156;N42.8131;12;
3;USA;New Hampshire;Hillsborough;Slab City;W71.7611;N43.0986;12;
3;USA;New Hampshire;Hillsborough;Smithville;W71.8711;N42.7375;12;
3;USA;New Hampshire;Hillsborough;South Brookline;W71.6611;N42.7156;12;
3;USA;New Hampshire;Hillsborough;South Lyndeborough;W71.7836;N42.88;12;
3;USA;New Hampshire;Hillsborough;South Merrimack;W71.555;N42.8047;12;
3;USA;New Hampshire;Hillsborough;South Milford;W71.6603;N42.8244;12;
3;USA;New Hampshire;Hillsborough;South Weare;W71.7142;N43.0561;12;
3;USA;New Hampshire;Hillsborough;Tavern Village;W71.7033;N43.0392;12;
3;USA;New Hampshire;Hillsborough;Temple;W71.8514;N42.8181;12;
3;USA;New Hampshire;Hillsborough;Thorntons Ferry;W71.4925;N42.8419;12;
3;USA;New Hampshire;Hillsborough;Weare;W71.7306;N43.0947;12;
3;USA;New Hampshire;Hillsborough;West Brookline;W71.6792;N42.7361;12;
3;USA;New Hampshire;Hillsborough;West Deering;W71.9047;N43.0647;12;
3;USA;New Hampshire;Hillsborough;West Hollis;W71.6208;N42.7056;12;
3;USA;New Hampshire;Hillsborough;West Peterborough;W71.9853;N42.8872;12;
3;USA;New Hampshire;Hillsborough;West Wilton;W71.8058;N42.8303;12;
3;USA;New Hampshire;Hillsborough;Wilder;W71.9286;N42.7872;12;
3;USA;New Hampshire;Hillsborough;Wilton Center;W71.7769;N42.8328;12;
3;USA;New Hampshire;Hillsborough;Wilton;W71.735;N42.8433;12;
3;USA;New Hampshire;Hillsborough;Woodland Park;W71.5119;N42.8708;12;
3;USA;New Hampshire;Merrimack;Allenstown Elementary School;W71.4056;N43.1578;12;
3;USA;New Hampshire;Merrimack;Andover;W71.8233;N43.4369;12;
3;USA;New Hampshire;Merrimack;Bagley;W71.7786;N43.2667;12;
3;USA;New Hampshire;Merrimack;Baileys Corner;W71.5811;N43.1056;12;
3;USA;New Hampshire;Merrimack;Blodgett Landing;W72.0419;N43.3736;12;
3;USA;New Hampshire;Merrimack;Boscawen;W71.6208;N43.315;12;
3;USA;New Hampshire;Merrimack;Bow Bog;W71.5114;N43.1206;12;
3;USA;New Hampshire;Merrimack;Bow Center;W71.5492;N43.1319;12;
3;USA;New Hampshire;Merrimack;Bow Junction;W71.5258;N43.1764;12;
3;USA;New Hampshire;Merrimack;Bow Mills;W71.5331;N43.1669;12;
3;USA;New Hampshire;Merrimack;Box Corner;W72.0289;N43.2608;12;
3;USA;New Hampshire;Merrimack;Boyce;W71.5767;N43.2953;12;
3;USA;New Hampshire;Merrimack;Bradford Center;W71.9714;N43.2372;12;
3;USA;New Hampshire;Merrimack;Bradford;W71.96;N43.27;12;
3;USA;New Hampshire;Merrimack;Canterbury Station;W71.6086;N43.3286;12;
3;USA;New Hampshire;Merrimack;Canterbury;W71.5653;N43.3369;12;
3;USA;New Hampshire;Merrimack;Chichester;W71.3997;N43.2492;12;
3;USA;New Hampshire;Merrimack;Cilleyville;W71.8661;N43.4306;12;
3;USA;New Hampshire;Merrimack;Colby;W71.7686;N43.1494;12;
3;USA;New Hampshire;Merrimack;Concord Heights;W71.5097;N43.2125;12;
3;USA;New Hampshire;Merrimack;Concord Manor;W71.5828;N43.2667;12;
3;USA;New Hampshire;Merrimack;Concord;W71.5375;N43.2081;12;
3;USA;New Hampshire;Merrimack;Contoocook;W71.7139;N43.2219;12;
3;USA;New Hampshire;Merrimack;Crockett Corner;W71.9611;N43.3992;12;
3;USA;New Hampshire;Merrimack;Danbury;W71.8617;N43.5256;12;
3;USA;New Hampshire;Merrimack;Davisville;W71.7322;N43.2519;12;
3;USA;New Hampshire;Merrimack;Dimond;W71.7533;N43.2456;12;
3;USA;New Hampshire;Merrimack;Dingit Corner;W71.69;N43.2967;12;
3;USA;New Hampshire;Merrimack;Dunbarton Center;W71.6164;N43.1025;12;
3;USA;New Hampshire;Merrimack;East Andover;W71.7475;N43.4594;12;
3;USA;New Hampshire;Merrimack;East Concord;W71.5381;N43.2419;12;
3;USA;New Hampshire;Merrimack;East Sutton;W71.8556;N43.3011;12;
3;USA;New Hampshire;Merrimack;Edgemont;W72.0597;N43.3403;12;
3;USA;New Hampshire;Merrimack;Elkins;W71.9372;N43.4208;12;
3;USA;New Hampshire;Merrimack;Elmwood;W71.8411;N43.5178;12;
3;USA;New Hampshire;Merrimack;Epsom Circle;W71.3603;N43.2278;12;
3;USA;New Hampshire;Merrimack;Epsom;W71.3319;N43.2228;12;
3;USA;New Hampshire;Merrimack;Fords Crossing;W71.8903;N43.5478;12;
3;USA;New Hampshire;Merrimack;Fords Mill;W71.8997;N43.5414;12;
3;USA;New Hampshire;Merrimack;Franklin;W71.6472;N43.4442;12;
3;USA;New Hampshire;Merrimack;Gerrish Corner;W71.6978;N43.2658;12;
3;USA;New Hampshire;Merrimack;Gerrish;W71.6506;N43.3614;12;
3;USA;New Hampshire;Merrimack;Gossville;W71.3508;N43.2264;12;
3;USA;New Hampshire;Merrimack;Hastings;W72.0314;N43.4011;12;
3;USA;New Hampshire;Merrimack;Hatfield Corner;W71.7414;N43.1806;12;
3;USA;New Hampshire;Merrimack;Henniker Junction;W71.8036;N43.1744;12;
3;USA;New Hampshire;Merrimack;Henniker;W71.8222;N43.1797;12;
3;USA;New Hampshire;Merrimack;Hill Center;W71.7394;N43.5236;12;
3;USA;New Hampshire;Merrimack;Hill;W71.7008;N43.5242;12;
3;USA;New Hampshire;Merrimack;Hills Corner;W71.4969;N43.3925;12;
3;USA;New Hampshire;Merrimack;Hooksett;W71.465;N43.0967;12;
3;USA;New Hampshire;Merrimack;Hopkinton;W71.6753;N43.1914;12;
3;USA;New Hampshire;Merrimack;Horse Corner;W71.4417;N43.2336;12;
3;USA;New Hampshire;Merrimack;Kelleys Corner;W71.3606;N43.2917;12;
3;USA;New Hampshire;Merrimack;Kezer Seminary;W71.5106;N43.3447;12;
3;USA;New Hampshire;Merrimack;Lakeside;W72.0311;N43.4103;12;
3;USA;New Hampshire;Merrimack;Loudon Center;W71.4017;N43.3358;12;
3;USA;New Hampshire;Merrimack;Loudon;W71.4672;N43.2856;12;
3;USA;New Hampshire;Merrimack;Lower Village;W71.7933;N43.2742;12;
3;USA;New Hampshire;Merrimack;Martin;W71.4542;N43.0433;12;
3;USA;New Hampshire;Merrimack;Martins Corner;W71.4322;N43.0481;12;
3;USA;New Hampshire;Merrimack;Melvin Mills;W71.9133;N43.2689;12;
3;USA;New Hampshire;Merrimack;Mount Sunapee;W72.0708;N43.3406;12;
3;USA;New Hampshire;Merrimack;Murray Hill;W71.7953;N43.5422;12;
3;USA;New Hampshire;Merrimack;New London;W71.985;N43.4139;12;
3;USA;New Hampshire;Merrimack;New Rye;W71.3633;N43.1839;12;
3;USA;New Hampshire;Merrimack;Newbury;W72.0358;N43.3214;12;
3;USA;New Hampshire;Merrimack;Newmarket;W71.8733;N43.2778;12;
3;USA;New Hampshire;Merrimack;North Chichester;W71.3725;N43.2575;12;
3;USA;New Hampshire;Merrimack;North Pembroke;W71.4281;N43.2028;12;
3;USA;New Hampshire;Merrimack;North Sutton;W71.9394;N43.3639;12;
3;USA;New Hampshire;Merrimack;North Wilmot;W71.9339;N43.4964;12;
3;USA;New Hampshire;Merrimack;Northfield;W71.5922;N43.4331;12;
3;USA;New Hampshire;Merrimack;Otterville;W72.0456;N43.4294;12;
3;USA;New Hampshire;Merrimack;Pages Corner;W71.6297;N43.1497;12;
3;USA;New Hampshire;Merrimack;Pages Corner;W71.9394;N43.3997;12;
3;USA;New Hampshire;Merrimack;Pearls Corner;W71.4683;N43.3422;12;
3;USA;New Hampshire;Merrimack;Pembroke;W71.4575;N43.1467;12;
3;USA;New Hampshire;Merrimack;Penacook;W71.6;N43.2803;12;
3;USA;New Hampshire;Merrimack;Pine Cliff;W72.0411;N43.3411;12;
3;USA;New Hampshire;Merrimack;Pittsfield;W71.3242;N43.3058;12;
3;USA;New Hampshire;Merrimack;Potter Place;W71.8575;N43.4353;12;
3;USA;New Hampshire;Merrimack;Rings Corner;W71.3611;N43.3139;12;
3;USA;New Hampshire;Merrimack;Riverhill;W71.6194;N43.2492;12;
3;USA;New Hampshire;Merrimack;Roby;W71.8858;N43.2886;12;
3;USA;New Hampshire;Merrimack;Rowes Corner;W71.3822;N43.0697;12;
3;USA;New Hampshire;Merrimack;Sabattus Heights;W71.4019;N43.365;12;
3;USA;New Hampshire;Merrimack;Salisbury Heights;W71.7442;N43.3911;12;
3;USA;New Hampshire;Merrimack;Salisbury;W71.7169;N43.38;12;
3;USA;New Hampshire;Merrimack;Scribners Corner;W71.7956;N43.3683;12;
3;USA;New Hampshire;Merrimack;Shaker Village;W71.49;N43.3586;12;
3;USA;New Hampshire;Merrimack;Shingle Mill Corner;W71.9147;N43.3536;12;
3;USA;New Hampshire;Merrimack;Short Falls;W71.3694;N43.1983;12;
3;USA;New Hampshire;Merrimack;Smiths Corner;W71.7903;N43.3517;12;
3;USA;New Hampshire;Merrimack;Snyders Hill;W71.7117;N43.2878;12;
3;USA;New Hampshire;Merrimack;South Bow;W71.5183;N43.09;12;
3;USA;New Hampshire;Merrimack;South Danbury;W71.8869;N43.4839;12;
3;USA;New Hampshire;Merrimack;South Hooksett;W71.4353;N43.0264;12;
3;USA;New Hampshire;Merrimack;South Newbury;W71.9967;N43.2956;12;
3;USA;New Hampshire;Merrimack;South Sutton;W71.9342;N43.32;12;
3;USA;New Hampshire;Merrimack;Suncook;W71.4531;N43.1306;12;
3;USA;New Hampshire;Merrimack;Sutton;W71.9514;N43.3342;12;
3;USA;New Hampshire;Merrimack;Swetts Mills;W71.7206;N43.3147;12;
3;USA;New Hampshire;Merrimack;Thompson Corner;W71.7175;N43.3969;12;
3;USA;New Hampshire;Merrimack;Tyler;W71.6894;N43.2344;12;
3;USA;New Hampshire;Merrimack;Warner;W71.8167;N43.2806;12;
3;USA;New Hampshire;Merrimack;Waterloo;W71.8547;N43.2894;12;
3;USA;New Hampshire;Merrimack;Webster Lake;W71.6822;N43.46;12;
3;USA;New Hampshire;Merrimack;Webster Place;W71.6547;N43.4064;12;
3;USA;New Hampshire;Merrimack;Webster;W71.7178;N43.3289;12;
3;USA;New Hampshire;Merrimack;Websters Mill;W71.3453;N43.2783;12;
3;USA;New Hampshire;Merrimack;West Andover;W71.8767;N43.4442;12;
3;USA;New Hampshire;Merrimack;West Concord;W71.5728;N43.2436;12;
3;USA;New Hampshire;Merrimack;West Franklin;W71.6617;N43.4408;12;
3;USA;New Hampshire;Merrimack;West Henniker Emerson Station;W71.8431;N43.17;12;
3;USA;New Hampshire;Merrimack;West Hopkinton;W71.7481;N43.1919;12;
3;USA;New Hampshire;Merrimack;West Salisbury;W71.7803;N43.3989;12;
3;USA;New Hampshire;Merrimack;Wilmot Flat;W71.895;N43.4178;12;
3;USA;New Hampshire;Merrimack;Wilmot;W71.9136;N43.4517;12;
3;USA;New Hampshire;Rockingham;Acorn Acres;W70.7661;N43.0181;12;
3;USA;New Hampshire;Rockingham;Adams Trailer Park;W70.8636;N42.9033;12;
3;USA;New Hampshire;Rockingham;Arlington Park;W71.2239;N42.8303;12;
3;USA;New Hampshire;Rockingham;Atkinson Heights;W71.1653;N42.8233;12;
3;USA;New Hampshire;Rockingham;Atkinson;W71.1469;N42.8383;12;
3;USA;New Hampshire;Rockingham;Atlantic Heights;W70.7725;N43.0922;12;
3;USA;New Hampshire;Rockingham;Atlantic;W70.8611;N42.8711;12;
3;USA;New Hampshire;Rockingham;Auburn;W71.3483;N43.0044;12;
3;USA;New Hampshire;Rockingham;Austin Corners;W70.9642;N42.9111;12;
3;USA;New Hampshire;Rockingham;Baglett Grove;W71.1792;N42.8831;12;
3;USA;New Hampshire;Rockingham;Bayside;W70.8675;N43.0514;12;
3;USA;New Hampshire;Rockingham;Bean Island;W71.2428;N43.0631;12;
3;USA;New Hampshire;Rockingham;Bersum Gardens;W70.77;N43.0831;12;
3;USA;New Hampshire;Rockingham;Blacksnake Trailer Park;W70.9094;N42.8886;12;
3;USA;New Hampshire;Rockingham;Breakfast Hill;W70.8156;N43.0106;12;
3;USA;New Hampshire;Rockingham;Brentwood Corners;W71.0761;N43.0083;12;
3;USA;New Hampshire;Rockingham;Brentwood;W71.0728;N42.9786;12;
3;USA;New Hampshire;Rockingham;Brick School Corner;W70.9497;N42.9392;12;
3;USA;New Hampshire;Rockingham;Cable Road;W70.7644;N42.9914;12;
3;USA;New Hampshire;Rockingham;Camp Gundalow;W70.8472;N43.03;12;
3;USA;New Hampshire;Rockingham;Camp Hedding;W71.0317;N43.0428;12;
3;USA;New Hampshire;Rockingham;Candia Four Corners;W71.2883;N43.0614;12;
3;USA;New Hampshire;Rockingham;Candia;W71.2767;N43.0778;12;
3;USA;New Hampshire;Rockingham;Canobie Lake;W71.245;N42.8056;12;
3;USA;New Hampshire;Rockingham;Cedar Waters;W71.0703;N43.1264;12;
3;USA;New Hampshire;Rockingham;Cemetery Corners;W70.8403;N42.9631;12;
3;USA;New Hampshire;Rockingham;Chases Grove;W71.2167;N42.8617;12;
3;USA;New Hampshire;Rockingham;Chester;W71.2572;N42.9567;12;
3;USA;New Hampshire;Rockingham;Christian Shore;W70.77;N43.0864;12;
3;USA;New Hampshire;Rockingham;Clark Hill;W70.9547;N43.0464;12;
3;USA;New Hampshire;Rockingham;Cluffs Crossing;W71.2175;N42.7653;12;
3;USA;New Hampshire;Rockingham;Coffins Mill;W70.8753;N42.9431;12;
3;USA;New Hampshire;Rockingham;Collettes Grove;W71.2142;N42.8769;12;
3;USA;New Hampshire;Rockingham;Colonial Pines;W70.7867;N43.0264;12;
3;USA;New Hampshire;Rockingham;Conleys Grove;W71.2081;N42.8575;12;
3;USA;New Hampshire;Rockingham;Cowbell Corners;W71.2153;N42.8492;12;
3;USA;New Hampshire;Rockingham;Crane Crossing;W71.0775;N42.8581;12;
3;USA;New Hampshire;Rockingham;Creek Area;W70.775;N43.0758;12;
3;USA;New Hampshire;Rockingham;Danville;W71.1244;N42.9125;12;
3;USA;New Hampshire;Rockingham;Deerfield Center;W71.2411;N43.1325;12;
3;USA;New Hampshire;Rockingham;Deerfield Parade;W71.2339;N43.1439;12;
3;USA;New Hampshire;Rockingham;Deerfield;W71.2164;N43.1461;12;
3;USA;New Hampshire;Rockingham;Derry Village;W71.3119;N42.8917;12;
3;USA;New Hampshire;Rockingham;Derry;W71.3272;N42.8806;12;
3;USA;New Hampshire;Rockingham;Dows Corner;W70.8981;N42.9703;12;
3;USA;New Hampshire;Rockingham;Dunvegan Woods;W70.8044;N42.9389;12;
3;USA;New Hampshire;Rockingham;East Candia;W71.2486;N43.0481;12;
3;USA;New Hampshire;Rockingham;East Derry;W71.2911;N42.8944;12;
3;USA;New Hampshire;Rockingham;East Hampstead;W71.1431;N42.8911;12;
3;USA;New Hampshire;Rockingham;East Kingston;W71.0167;N42.9256;12;
3;USA;New Hampshire;Rockingham;Eastman Corners;W70.9264;N42.9069;12;
3;USA;New Hampshire;Rockingham;Eastman Point;W70.8217;N42.9167;12;
3;USA;New Hampshire;Rockingham;Elmwood Corners;W70.8281;N42.9308;12;
3;USA;New Hampshire;Rockingham;Elwyn Park;W70.7736;N43.0381;12;
3;USA;New Hampshire;Rockingham;Epping;W71.0742;N43.0333;12;
3;USA;New Hampshire;Rockingham;Exeter;W70.9478;N42.9814;12;
3;USA;New Hampshire;Rockingham;Fairhill Manor;W70.7253;N43.0314;12;
3;USA;New Hampshire;Rockingham;Five Corners;W70.9247;N42.9386;12;
3;USA;New Hampshire;Rockingham;Fogg Corner;W70.8269;N42.9617;12;
3;USA;New Hampshire;Rockingham;Fogg Corners;W70.8764;N42.9031;12;
3;USA;New Hampshire;Rockingham;Foster Corners;W71.2042;N42.7692;12;
3;USA;New Hampshire;Rockingham;Four Corners;W70.9692;N43.0633;12;
3;USA;New Hampshire;Rockingham;Foyes Corner;W70.7467;N43.0458;12;
3;USA;New Hampshire;Rockingham;Fremont Station;W71.1236;N42.9797;12;
3;USA;New Hampshire;Rockingham;Fremont;W71.1425;N42.9908;12;
3;USA;New Hampshire;Rockingham;Gooch Corner;W70.9853;N42.9689;12;
3;USA;New Hampshire;Rockingham;Gosport;W70.6147;N42.9775;12;
3;USA;New Hampshire;Rockingham;Great Boars Head;W70.7992;N42.9203;12;
3;USA;New Hampshire;Rockingham;Greenland Station;W70.8236;N43.0439;12;
3;USA;New Hampshire;Rockingham;Greenland;W70.8328;N43.0361;12;
3;USA;New Hampshire;Rockingham;Hampshire Road;W71.2011;N42.7431;12;
3;USA;New Hampshire;Rockingham;Hampstead;W71.1811;N42.8744;12;
3;USA;New Hampshire;Rockingham;Hampton Beach State Recreational Vehicle Park;W70.8142;N42.8969;12;
3;USA;New Hampshire;Rockingham;Hampton Beach Trailer Park;W70.7969;N42.94;12;
3;USA;New Hampshire;Rockingham;Hampton Beach;W70.8119;N42.9072;12;
3;USA;New Hampshire;Rockingham;Hampton Falls;W70.8636;N42.9161;12;
3;USA;New Hampshire;Rockingham;Hampton Landing;W70.8358;N42.9244;12;
3;USA;New Hampshire;Rockingham;Hampton;W70.8389;N42.9375;12;
3;USA;New Hampshire;Rockingham;Haynes Corner;W70.9214;N42.9769;12;
3;USA;New Hampshire;Rockingham;Hillcrest Estates;W70.7892;N43.0206;12;
3;USA;New Hampshire;Rockingham;Hooks Crossing;W71.3303;N43.025;12;
3;USA;New Hampshire;Rockingham;Howards Grove;W71.2208;N42.8725;12;
3;USA;New Hampshire;Rockingham;Hubbard;W71.245;N42.8822;12;
3;USA;New Hampshire;Rockingham;Jady Hill;W70.9433;N42.9858;12;
3;USA;New Hampshire;Rockingham;James City;W71.2342;N43.1431;12;
3;USA;New Hampshire;Rockingham;Kensington;W70.9439;N42.9269;12;
3;USA;New Hampshire;Rockingham;Kingston;W71.0533;N42.9364;12;
3;USA;New Hampshire;Rockingham;Lamprey Corners;W70.9297;N42.9183;12;
3;USA;New Hampshire;Rockingham;Langs Corner;W70.7542;N43.0258;12;
3;USA;New Hampshire;Rockingham;Leavitts Hill;W71.2903;N43.1197;12;
3;USA;New Hampshire;Rockingham;Little Boars Head;W70.7761;N42.9581;12;
3;USA;New Hampshire;Rockingham;Littlefield;W70.9972;N43.0386;12;
3;USA;New Hampshire;Rockingham;Londonderry;W71.3739;N42.865;12;
3;USA;New Hampshire;Rockingham;Lyford Crossing;W71.0989;N43.0111;12;
3;USA;New Hampshire;Rockingham;Maplehaven;W70.7969;N43.0272;12;
3;USA;New Hampshire;Rockingham;Marshall Corner;W71.0142;N42.9925;12;
3;USA;New Hampshire;Rockingham;Martin Crossing;W71.0858;N43.0208;12;
3;USA;New Hampshire;Rockingham;Meadowbrook;W70.7778;N43.0686;12;
3;USA;New Hampshire;Rockingham;Melrose Beach;W71.1697;N43.1767;12;
3;USA;New Hampshire;Rockingham;Millville;W71.2144;N42.8025;12;
3;USA;New Hampshire;Rockingham;Monahan Corners;W70.9917;N42.9214;12;
3;USA;New Hampshire;Rockingham;Nason Corners;W70.9083;N42.92;12;
3;USA;New Hampshire;Rockingham;New Castle;W70.7161;N43.0722;12;
3;USA;New Hampshire;Rockingham;Newfields;W70.9383;N43.0369;12;
3;USA;New Hampshire;Rockingham;Newington Station;W70.8214;N43.1122;12;
3;USA;New Hampshire;Rockingham;Newington;W70.8336;N43.1;12;
3;USA;New Hampshire;Rockingham;Newmarket;W70.935;N43.0828;12;
3;USA;New Hampshire;Rockingham;Newton Junction;W71.0658;N42.8672;12;
3;USA;New Hampshire;Rockingham;Newton;W71.0344;N42.8694;12;
3;USA;New Hampshire;Rockingham;North Beach;W70.7983;N42.9339;12;
3;USA;New Hampshire;Rockingham;North Chester;W71.2753;N43.0039;12;
3;USA;New Hampshire;Rockingham;North Danville;W71.1133;N42.9456;12;
3;USA;New Hampshire;Rockingham;North Epping;W71.0603;N43.0714;12;
3;USA;New Hampshire;Rockingham;North Hampton Center;W70.8478;N42.9764;12;
3;USA;New Hampshire;Rockingham;North Hampton Mobile Home Park;W70.8125;N42.9961;12;
3;USA;New Hampshire;Rockingham;North Hampton;W70.8297;N42.9725;12;
3;USA;New Hampshire;Rockingham;North Londonderry;W71.3989;N42.9181;12;
3;USA;New Hampshire;Rockingham;North Nottingham;W71.1056;N43.1669;12;
3;USA;New Hampshire;Rockingham;North Salem;W71.2206;N42.8369;12;
3;USA;New Hampshire;Rockingham;Northwood Center;W71.2067;N43.2172;12;
3;USA;New Hampshire;Rockingham;Northwood Narrows;W71.2439;N43.2258;12;
3;USA;New Hampshire;Rockingham;Northwood Ridge;W71.18;N43.2094;12;
3;USA;New Hampshire;Rockingham;Northwood;W71.1508;N43.1942;12;
3;USA;New Hampshire;Rockingham;Nottingham Square;W71.1106;N43.1031;12;
3;USA;New Hampshire;Rockingham;Nottingham;W71.0997;N43.1144;12;
3;USA;New Hampshire;Rockingham;Noyes Terrace;W71.2028;N42.7544;12;
3;USA;New Hampshire;Rockingham;Onway Lake;W71.2161;N43.0342;12;
3;USA;New Hampshire;Rockingham;Pannaway Manor;W70.8011;N43.0644;12;
3;USA;New Hampshire;Rockingham;Parkman Corner;W70.9275;N42.9944;12;
3;USA;New Hampshire;Rockingham;Peppermint Corner;W71.3253;N42.8675;12;
3;USA;New Hampshire;Rockingham;Perkins Hill;W70.9906;N42.9628;12;
3;USA;New Hampshire;Rockingham;Pine Grove Park;W71.1972;N42.7986;12;
3;USA;New Hampshire;Rockingham;Piscataqua;W70.7928;N43.1006;12;
3;USA;New Hampshire;Rockingham;Plaice Cove;W70.7886;N42.9469;12;
3;USA;New Hampshire;Rockingham;Plaistow;W71.0947;N42.8364;12;
3;USA;New Hampshire;Rockingham;Portsmouth Mobile Homes;W70.7947;N43.0206;12;
3;USA;New Hampshire;Rockingham;Portsmouth Plains;W70.7797;N43.0569;12;
3;USA;New Hampshire;Rockingham;Portsmouth;W70.7625;N43.0717;12;
3;USA;New Hampshire;Rockingham;Powwow River;W71.0156;N42.9092;12;
3;USA;New Hampshire;Rockingham;Prescott Corner;W70.9344;N42.9444;12;
3;USA;New Hampshire;Rockingham;Raymond;W71.1833;N43.0361;12;
3;USA;New Hampshire;Rockingham;Riverside;W70.8233;N42.8825;12;
3;USA;New Hampshire;Rockingham;Rockingham;W70.9328;N43.05;12;
3;USA;New Hampshire;Rockingham;Rowes Corner;W71.0253;N42.8756;12;
3;USA;New Hampshire;Rockingham;Rye Beach;W70.7656;N42.9767;12;
3;USA;New Hampshire;Rockingham;Rye North Beach;W70.7353;N43.0128;12;
3;USA;New Hampshire;Rockingham;Rye;W70.7708;N43.0133;12;
3;USA;New Hampshire;Rockingham;Sagamore Grove;W70.7475;N43.0539;12;
3;USA;New Hampshire;Rockingham;Salem Depot;W71.2264;N42.7867;12;
3;USA;New Hampshire;Rockingham;Salem;W71.2008;N42.7883;12;
3;USA;New Hampshire;Rockingham;Sanborn Corners;W70.8911;N42.935;12;
3;USA;New Hampshire;Rockingham;Sanborn;W70.8928;N42.94;12;
3;USA;New Hampshire;Rockingham;Sandown;W71.1869;N42.9286;12;
3;USA;New Hampshire;Rockingham;Sargent Corners;W71.0428;N42.8614;12;
3;USA;New Hampshire;Rockingham;Seabrook Beach;W70.8156;N42.8867;12;
3;USA;New Hampshire;Rockingham;Seabrook Station;W70.86;N42.8875;12;
3;USA;New Hampshire;Rockingham;Seabrook;W70.8711;N42.8947;12;
3;USA;New Hampshire;Rockingham;Seacrest Village;W70.7797;N43.0883;12;
3;USA;New Hampshire;Rockingham;Severance;W71.3803;N43.0106;12;
3;USA;New Hampshire;Rockingham;Shaws Hill;W70.7269;N43.0714;12;
3;USA;New Hampshire;Rockingham;Shel Al Mobile Estates;W70.8292;N42.9817;12;
3;USA;New Hampshire;Rockingham;Smith Colony;W70.7947;N42.9483;12;
3;USA;New Hampshire;Rockingham;Smith Corner;W70.9886;N42.8933;12;
3;USA;New Hampshire;Rockingham;Smithtown;W70.87;N42.8764;12;
3;USA;New Hampshire;Rockingham;South Danville;W71.1261;N42.9011;12;
3;USA;New Hampshire;Rockingham;South Deerfield;W71.2678;N43.0958;12;
3;USA;New Hampshire;Rockingham;South Hampton;W70.9625;N42.8808;12;
3;USA;New Hampshire;Rockingham;South Kingston;W71.0814;N42.8806;12;
3;USA;New Hampshire;Rockingham;South Newington;W70.8306;N43.0669;12;
3;USA;New Hampshire;Rockingham;South Seabrook;W70.8564;N42.8714;12;
3;USA;New Hampshire;Rockingham;Stratham Station;W70.8953;N43.0528;12;
3;USA;New Hampshire;Rockingham;Stratham;W70.9136;N43.0239;12;
3;USA;New Hampshire;Rockingham;Tappan Corners;W70.9897;N42.9106;12;
3;USA;New Hampshire;Rockingham;The Five Corners;W70.8194;N42.9381;12;
3;USA;New Hampshire;Rockingham;The Plantation;W70.8061;N42.9292;12;
3;USA;New Hampshire;Rockingham;The Willows;W70.8242;N42.9114;12;
3;USA;New Hampshire;Rockingham;Towles Corner;W70.9278;N42.895;12;
3;USA;New Hampshire;Rockingham;Town Hall Corner;W70.8728;N42.9214;12;
3;USA;New Hampshire;Rockingham;Wallis Sands;W70.7322;N43.0239;12;
3;USA;New Hampshire;Rockingham;Walton Landing;W70.8411;N42.8872;12;
3;USA;New Hampshire;Rockingham;Weare Corner;W70.9111;N42.8981;12;
3;USA;New Hampshire;Rockingham;Weares Mill;W70.9011;N42.9025;12;
3;USA;New Hampshire;Rockingham;Wentworth Acres;W70.7839;N43.0892;12;
3;USA;New Hampshire;Rockingham;West Derry;W71.3375;N42.8733;12;
3;USA;New Hampshire;Rockingham;West Epping;W71.1225;N43.0372;12;
3;USA;New Hampshire;Rockingham;West Hampstead;W71.2167;N42.9036;12;
3;USA;New Hampshire;Rockingham;West Kingston;W71.0683;N42.91;12;
3;USA;New Hampshire;Rockingham;West Nottingham;W71.1403;N43.1736;12;
3;USA;New Hampshire;Rockingham;West Rye;W70.7978;N43.0011;12;
3;USA;New Hampshire;Rockingham;West Windham;W71.3519;N42.8025;12;
3;USA;New Hampshire;Rockingham;Westville;W71.1169;N42.8275;12;
3;USA;New Hampshire;Rockingham;Wilson Corners;W71.1861;N42.7922;12;
3;USA;New Hampshire;Rockingham;Wilson;W71.3678;N42.9169;12;
3;USA;New Hampshire;Rockingham;Windham Depot;W71.2997;N42.8414;12;
3;USA;New Hampshire;Rockingham;Windham;W71.3042;N42.8006;12;
3;USA;New Hampshire;Rockingham;Winniconic;W70.8758;N43.0222;12;
3;USA;New Hampshire;Rockingham;Winnicut Mills;W70.8739;N43.0108;12;
3;USA;New Hampshire;Strafford;Barrington;W71.0469;N43.2228;12;
3;USA;New Hampshire;Strafford;Berrys Corner;W71.0689;N43.275;12;
3;USA;New Hampshire;Strafford;Blackwater;W70.9136;N43.2456;12;
3;USA;New Hampshire;Strafford;Bow Lake Village;W71.1506;N43.2414;12;
3;USA;New Hampshire;Strafford;Center Strafford;W71.1253;N43.27;12;
3;USA;New Hampshire;Strafford;Central Park;W70.8819;N43.2333;12;
3;USA;New Hampshire;Strafford;Coburn;W71.1319;N43.4589;12;
3;USA;New Hampshire;Strafford;Cocheco;W70.9386;N43.2297;12;
3;USA;New Hampshire;Strafford;Crocketts Crossing;W70.8483;N43.2406;12;
3;USA;New Hampshire;Strafford;Davis;W71.14;N43.4133;12;
3;USA;New Hampshire;Strafford;Dexter Corner;W71.1583;N43.3692;12;
3;USA;New Hampshire;Strafford;Dover;W70.8736;N43.1978;12;
3;USA;New Hampshire;Strafford;Durham;W70.9264;N43.1339;12;
3;USA;New Hampshire;Strafford;East Barrington;W71.0067;N43.2156;12;
3;USA;New Hampshire;Strafford;East Rochester;W70.9414;N43.3331;12;
3;USA;New Hampshire;Strafford;Farmington;W71.065;N43.3897;12;
3;USA;New Hampshire;Strafford;Foundry;W70.8547;N43.2517;12;
3;USA;New Hampshire;Strafford;Gates Corner;W70.8861;N43.2217;12;
3;USA;New Hampshire;Strafford;Glenmere Village;W71.0058;N43.0994;12;
3;USA;New Hampshire;Strafford;Gonic;W70.9781;N43.2744;12;
3;USA;New Hampshire;Strafford;Hayes Corner;W71.0244;N43.4083;12;
3;USA;New Hampshire;Strafford;Hills Corner;W71.1447;N43.3339;12;
3;USA;New Hampshire;Strafford;Hornetown;W71.1153;N43.3672;12;
3;USA;New Hampshire;Strafford;Kelwyn Park;W70.8803;N43.225;12;
3;USA;New Hampshire;Strafford;Laskey Corner;W70.9953;N43.4808;12;
3;USA;New Hampshire;Strafford;Lee Five Corners;W70.9764;N43.1506;12;
3;USA;New Hampshire;Strafford;Lee;W71.0114;N43.1231;12;
3;USA;New Hampshire;Strafford;Leighton Corners;W71.1906;N43.3086;12;
3;USA;New Hampshire;Strafford;Madbury;W70.9239;N43.1692;12;
3;USA;New Hampshire;Strafford;Meaderboro Corner;W71.0292;N43.2986;12;
3;USA;New Hampshire;Strafford;Melrose Corner;W70.9753;N43.3481;12;
3;USA;New Hampshire;Strafford;Merrill Corners;W71.0714;N43.3244;12;
3;USA;New Hampshire;Strafford;Middleton Corners;W71.0694;N43.4761;12;
3;USA;New Hampshire;Strafford;Milton Mills;W70.9636;N43.5011;12;
3;USA;New Hampshire;Strafford;Milton;W70.9883;N43.4097;12;
3;USA;New Hampshire;Strafford;New Durham Corner;W71.1244;N43.4219;12;
3;USA;New Hampshire;Strafford;New Durham;W71.1722;N43.4367;12;
3;USA;New Hampshire;Strafford;New Portsmouth;W71.0536;N43.505;12;
3;USA;New Hampshire;Strafford;North Rochester;W70.9856;N43.3728;12;
3;USA;New Hampshire;Strafford;Pickering;W70.9525;N43.2525;12;
3;USA;New Hampshire;Strafford;Place;W71.0256;N43.3525;12;
3;USA;New Hampshire;Strafford;Rochester;W70.9756;N43.3044;12;
3;USA;New Hampshire;Strafford;Rollinsford Station;W70.8428;N43.2294;12;
3;USA;New Hampshire;Strafford;Rollinsford;W70.8203;N43.2361;12;
3;USA;New Hampshire;Strafford;Sawyers;W70.8892;N43.1808;12;
3;USA;New Hampshire;Strafford;Somersworth;W70.8653;N43.2617;12;
3;USA;New Hampshire;Strafford;South Barrington;W71.0342;N43.1822;12;
3;USA;New Hampshire;Strafford;South Lee;W71.0417;N43.0986;12;
3;USA;New Hampshire;Strafford;Strafford Corner;W71.0769;N43.2942;12;
3;USA;New Hampshire;Strafford;Strafford;W71.1842;N43.3269;12;
3;USA;New Hampshire;Strafford;Town House;W70.9847;N43.4411;12;
3;USA;New Hampshire;Strafford;Wadley Falls;W71.0078;N43.0919;12;
3;USA;New Hampshire;Strafford;Welshs Corner;W71.1311;N43.3344;12;
3;USA;New Hampshire;Strafford;Wentworth Terrace;W70.8311;N43.1239;12;
3;USA;New Hampshire;Strafford;West Barrington;W71.1044;N43.2047;12;
3;USA;New Hampshire;Strafford;West Gonic;W70.9825;N43.2786;12;
3;USA;New Hampshire;Sullivan;Acworth;W72.2919;N43.2178;12;
3;USA;New Hampshire;Sullivan;Balloch;W72.3919;N43.4322;12;
3;USA;New Hampshire;Sullivan;Burkehaven;W72.0708;N43.3756;12;
3;USA;New Hampshire;Sullivan;Chandlers Mills;W72.2478;N43.3581;12;
3;USA;New Hampshire;Sullivan;Charlestown;W72.4244;N43.2386;12;
3;USA;New Hampshire;Sullivan;Claremont Junction;W72.3778;N43.3683;12;
3;USA;New Hampshire;Sullivan;Claremont;W72.3467;N43.3767;12;
3;USA;New Hampshire;Sullivan;Cornish Center;W72.3194;N43.4828;12;
3;USA;New Hampshire;Sullivan;Cornish City;W72.35;N43.4667;12;
3;USA;New Hampshire;Sullivan;Cornish Flat;W72.2794;N43.4972;12;
3;USA;New Hampshire;Sullivan;Cornish Mills;W72.3689;N43.4644;12;
3;USA;New Hampshire;Sullivan;Crescent Lake;W72.2556;N43.2661;12;
3;USA;New Hampshire;Sullivan;Croydon Flat;W72.1869;N43.415;12;
3;USA;New Hampshire;Sullivan;Croydon;W72.1631;N43.4506;12;
3;USA;New Hampshire;Sullivan;Dodge Hollow;W72.2175;N43.2028;12;
3;USA;New Hampshire;Sullivan;East Acworth;W72.2367;N43.2206;12;
3;USA;New Hampshire;Sullivan;East Grantham;W72.1178;N43.4867;12;
3;USA;New Hampshire;Sullivan;East Lempster;W72.1783;N43.225;12;
3;USA;New Hampshire;Sullivan;East Plainfield;W72.2256;N43.5764;12;
3;USA;New Hampshire;Sullivan;East Springfield;W71.9783;N43.4864;12;
3;USA;New Hampshire;Sullivan;East Unity;W72.1958;N43.2978;12;
3;USA;New Hampshire;Sullivan;East Washington;W72.0183;N43.1911;12;
3;USA;New Hampshire;Sullivan;Eastman;W72.1161;N43.5139;12;
3;USA;New Hampshire;Sullivan;Fernwood;W72.0644;N43.4081;12;
3;USA;New Hampshire;Sullivan;Georges Mills;W72.0672;N43.4317;12;
3;USA;New Hampshire;Sullivan;Goshen Four Corners;W72.1308;N43.2783;12;
3;USA;New Hampshire;Sullivan;Goshen;W72.1478;N43.3011;12;
3;USA;New Hampshire;Sullivan;Granliden;W72.0736;N43.4022;12;
3;USA;New Hampshire;Sullivan;Grantham;W72.1375;N43.4894;12;
3;USA;New Hampshire;Sullivan;Guild;W72.1381;N43.3767;12;
3;USA;New Hampshire;Sullivan;Hell Hollow;W72.3247;N43.5231;12;
3;USA;New Hampshire;Sullivan;Hemlock Center;W72.3853;N43.2356;12;
3;USA;New Hampshire;Sullivan;Kelleyville;W72.2244;N43.3625;12;
3;USA;New Hampshire;Sullivan;Keyes Hollow;W72.2275;N43.2503;12;
3;USA;New Hampshire;Sullivan;Langdon;W72.3794;N43.1669;12;
3;USA;New Hampshire;Sullivan;Lempster;W72.2106;N43.2383;12;
3;USA;New Hampshire;Sullivan;Lower Village;W72.0806;N43.3967;12;
3;USA;New Hampshire;Sullivan;Lynn;W72.2794;N43.2194;12;
3;USA;New Hampshire;Sullivan;Meriden;W72.2525;N43.5439;12;
3;USA;New Hampshire;Sullivan;Mill Hollow;W72.2653;N43.5533;12;
3;USA;New Hampshire;Sullivan;Mill Village;W72.3358;N43.5342;12;
3;USA;New Hampshire;Sullivan;Newport;W72.1733;N43.3653;12;
3;USA;New Hampshire;Sullivan;North Charlestown;W72.3869;N43.3083;12;
3;USA;New Hampshire;Sullivan;North Grantham;W72.1308;N43.5289;12;
3;USA;New Hampshire;Sullivan;North Newport;W72.2144;N43.3886;12;
3;USA;New Hampshire;Sullivan;Plainfield;W72.3561;N43.5342;12;
3;USA;New Hampshire;Sullivan;Puckershire;W72.3156;N43.3561;12;
3;USA;New Hampshire;Sullivan;Quaker City;W72.3322;N43.2714;12;
3;USA;New Hampshire;Sullivan;Ryder Corner;W72.1278;N43.4053;12;
3;USA;New Hampshire;Sullivan;Snumshire;W72.4153;N43.2483;12;
3;USA;New Hampshire;Sullivan;South Acworth;W72.2853;N43.1908;12;
3;USA;New Hampshire;Sullivan;South Charlestown;W72.4372;N43.1794;12;
3;USA;New Hampshire;Sullivan;South Cornish;W72.3094;N43.4503;12;
3;USA;New Hampshire;Sullivan;South Hemlock;W72.3675;N43.2031;12;
3;USA;New Hampshire;Sullivan;Springfield Junction;W72.425;N43.2503;12;
3;USA;New Hampshire;Sullivan;Springfield;W72.0333;N43.495;12;
3;USA;New Hampshire;Sullivan;Squag City;W72.3714;N43.5161;12;
3;USA;New Hampshire;Sullivan;Sunapee;W72.0878;N43.3875;12;
3;USA;New Hampshire;Sullivan;Trapshire;W72.4383;N43.195;12;
3;USA;New Hampshire;Sullivan;Twin Lakes Village;W72.0108;N43.4411;12;
3;USA;New Hampshire;Sullivan;Unity;W72.2603;N43.2939;12;
3;USA;New Hampshire;Sullivan;Washburn Corner;W72.0803;N43.5244;12;
3;USA;New Hampshire;Sullivan;Washington;W72.0967;N43.1758;12;
3;USA;New Hampshire;Sullivan;Wendell;W72.2497;N43.3736;12;
3;USA;New Hampshire;Sullivan;West Claremont;W72.3692;N43.3961;12;
3;USA;New Hampshire;Sullivan;West Springfield;W72.0578;N43.4986;12;
3;USA;New Hampshire;Sullivan;West Unity;W72.3164;N43.2881;12;
