2;USA;Nevada;Churchill;;W118.251;N39.5003;9;
2;USA;Nevada;Clark;;W114.876;N36.0003;9;
2;USA;Nevada;Douglas;;W119.626;N38.8753;9;
2;USA;Nevada;Elko;;W115.501;N41.0003;9;
2;USA;Nevada;Esmeralda;;W117.626;N37.7503;9;
2;USA;Nevada;Eureka;;W116.126;N40.0003;9;
2;USA;Nevada;Humboldt;;W118.001;N41.5003;9;
2;USA;Nevada;Lander;;W116.876;N39.8753;9;
2;USA;Nevada;Lincoln;;W114.876;N38.0003;9;
2;USA;Nevada;Lyon;;W119.126;N39.0003;9;
2;USA;Nevada;Mineral;;W118.376;N38.5003;9;
2;USA;Nevada;Nye;;W116.501;N38.0003;9;
2;USA;Nevada;Pershing;;W118.126;N40.3753;9;
2;USA;Nevada;Storey;;W119.501;N39.3753;9;
2;USA;Nevada;Washoe;;W119.626;N40.7503;9;
2;USA;Nevada;White Pine;;W114.834;N39.45;9;
3;USA;Nevada;Churchill;Boyer;W117.868;N39.9583;12;
3;USA;Nevada;Churchill;Cold Springs;W117.839;N39.4122;12;
3;USA;Nevada;Churchill;Cressid;W118.712;N39.9297;12;
3;USA;Nevada;Churchill;Dixie Valley;W118.081;N39.6878;12;
3;USA;Nevada;Churchill;Dixie;W118.016;N39.8739;12;
3;USA;Nevada;Churchill;Eastgate;W117.879;N39.3056;12;
3;USA;Nevada;Churchill;Fallon;W118.778;N39.4736;12;
3;USA;Nevada;Churchill;Frenchman;W118.27;N39.2794;12;
3;USA;Nevada;Churchill;Hazen;W119.046;N39.5653;12;
3;USA;Nevada;Churchill;Huxley;W118.772;N39.8706;12;
3;USA;Nevada;Churchill;Jessup;W118.875;N39.9486;12;
3;USA;Nevada;Churchill;Massie;W118.976;N39.5969;12;
3;USA;Nevada;Churchill;Middlegate;W118.026;N39.2878;12;
3;USA;Nevada;Churchill;Miriam;W118.688;N39.9586;12;
3;USA;Nevada;Churchill;Newpass;W117.477;N39.6056;12;
3;USA;Nevada;Churchill;Ocala;W118.736;N39.9103;12;
3;USA;Nevada;Churchill;Parran;W118.773;N39.8014;12;
3;USA;Nevada;Churchill;Saint Clair;W118.81;N39.4364;12;
3;USA;Nevada;Churchill;Salt Wells;W118.583;N39.3753;12;
3;USA;Nevada;Churchill;Stillwater;W118.547;N39.5217;12;
3;USA;Nevada;Churchill;Trinity;W118.748;N39.945;12;
3;USA;Nevada;Clark;Amber;W114.494;N36.6081;12;
3;USA;Nevada;Clark;Apex;W114.928;N36.3292;12;
3;USA;Nevada;Clark;Arden;W115.231;N36.0181;12;
3;USA;Nevada;Clark;Arrolime;W114.909;N36.3514;12;
3;USA;Nevada;Clark;Arrowhead;W114.576;N36.6589;12;
3;USA;Nevada;Clark;Bard;W115.237;N35.9878;12;
3;USA;Nevada;Clark;Blue Diamond;W115.404;N36.0464;12;
3;USA;Nevada;Clark;Bonnie Springs;W115.453;N36.0592;12;
3;USA;Nevada;Clark;Borax;W115.341;N35.7144;12;
3;USA;Nevada;Clark;Boulder City;W114.832;N35.9786;12;
3;USA;Nevada;Clark;Boulder Junction;W115.198;N36.0811;12;
3;USA;Nevada;Clark;Bracken;W115.191;N36.1075;12;
3;USA;Nevada;Clark;Bunkerville;W114.128;N36.7731;12;
3;USA;Nevada;Clark;Cactus Springs;W115.728;N36.5778;12;
3;USA;Nevada;Clark;Cal-Nev-Ari;W114.884;N35.3056;12;
3;USA;Nevada;Clark;Carver Park;W114.978;N36.0464;12;
3;USA;Nevada;Clark;Desert View Point;W115.586;N36.3122;12;
3;USA;Nevada;Clark;Dike;W115.013;N36.3014;12;
3;USA;Nevada;Clark;Dry Lake;W114.843;N36.4567;12;
3;USA;Nevada;Clark;East Las Vegas;W115.042;N36.0944;12;
3;USA;Nevada;Clark;Echo Bay;W114.427;N36.3092;12;
3;USA;Nevada;Clark;Enterprise;W115.242;N36.0253;12;
3;USA;Nevada;Clark;Erie;W115.237;N35.8706;12;
3;USA;Nevada;Clark;Farrier;W114.654;N36.8128;12;
3;USA;Nevada;Clark;Garnet;W114.871;N36.3886;12;
3;USA;Nevada;Clark;Glassand;W114.465;N36.5569;12;
3;USA;Nevada;Clark;Glendale;W114.569;N36.6653;12;
3;USA;Nevada;Clark;Goodsprings;W115.434;N35.8325;12;
3;USA;Nevada;Clark;Henderson;W114.982;N36.0397;12;
3;USA;Nevada;Clark;Indian Springs;W115.671;N36.5697;12;
3;USA;Nevada;Clark;Jackman;W114.54;N36.6422;12;
3;USA;Nevada;Clark;Jean;W115.324;N35.7789;12;
3;USA;Nevada;Clark;Kyle Canyon Summer Home Area;W115.628;N36.2517;12;
3;USA;Nevada;Clark;Las Vegas;W115.137;N36.175;12;
3;USA;Nevada;Clark;Laughlin;W114.573;N35.1678;12;
3;USA;Nevada;Clark;Lee Canyon Summer Home Area;W115.664;N36.3211;12;
3;USA;Nevada;Clark;Lincoln City;W115.623;N35.8019;12;
3;USA;Nevada;Clark;Logandale;W114.484;N36.5967;12;
3;USA;Nevada;Clark;Lovell;W115.043;N36.2914;12;
3;USA;Nevada;Clark;Lucky Jim Camp;W114.803;N35.7022;12;
3;USA;Nevada;Clark;Marie Camp;W114.817;N35.7083;12;
3;USA;Nevada;Clark;Mesquite;W114.067;N36.8056;12;
3;USA;Nevada;Clark;Moapa Town;W114.594;N36.6822;12;
3;USA;Nevada;Clark;Moapa Valley;W114.47;N36.5806;12;
3;USA;Nevada;Clark;Moapa;W114.621;N36.6758;12;
3;USA;Nevada;Clark;Mount Charleston;W115.643;N36.2572;12;
3;USA;Nevada;Clark;Mountain's Edge;W115.243;N36.025;12;
3;USA;Nevada;Clark;Mountain Springs;W115.509;N36.0208;12;
3;USA;Nevada;Clark;Nelson;W114.825;N35.7081;12;
3;USA;Nevada;Clark;North Las Vegas;W115.118;N36.1989;12;
3;USA;Nevada;Clark;Overton;W114.447;N36.5433;12;
3;USA;Nevada;Clark;Paradise;W115.147;N36.0972;12;
3;USA;Nevada;Clark;Primm;W115.39;N35.6128;12;
3;USA;Nevada;Clark;Ripley;W115.602;N35.7981;12;
3;USA;Nevada;Clark;Riverside;W114.221;N36.7361;12;
3;USA;Nevada;Clark;Roach;W115.359;N35.6408;12;
3;USA;Nevada;Clark;Sandy Mill;W115.605;N35.8042;12;
3;USA;Nevada;Clark;Sandy Valley;W115.632;N35.8169;12;
3;USA;Nevada;Clark;Searchlight;W114.92;N35.4653;12;
3;USA;Nevada;Clark;Sloan;W115.217;N35.9436;12;
3;USA;Nevada;Clark;Spring Valley;W115.245;N36.1081;12;
3;USA;Nevada;Clark;Stewarts Point;W114.408;N36.3806;12;
3;USA;Nevada;Clark;Sunrise Manor;W115.073;N36.2111;12;
3;USA;Nevada;Clark;Texas Acres;W114.913;N35.975;12;
3;USA;Nevada;Clark;Ute;W114.716;N36.5661;12;
3;USA;Nevada;Clark;Valley;W115.071;N36.2742;12;
3;USA;Nevada;Clark;Wann;W115.113;N36.2333;12;
3;USA;Nevada;Clark;Whitney;W115.084;N36.0708;12;
3;USA;Nevada;Clark;Winchester;W115.119;N36.13;12;
3;USA;Nevada;Douglas;Bridge House;W119.781;N39.0433;12;
3;USA;Nevada;Douglas;Buckeye;W119.724;N38.9606;12;
3;USA;Nevada;Douglas;Carman Heights;W119.509;N38.8375;12;
3;USA;Nevada;Douglas;Centerville;W119.779;N38.9106;12;
3;USA;Nevada;Douglas;Dresslerville;W119.717;N38.8981;12;
3;USA;Nevada;Douglas;Edgewood;W119.942;N38.9608;12;
3;USA;Nevada;Douglas;Elk Point;W119.957;N38.9861;12;
3;USA;Nevada;Douglas;Gardnerville Ranchos;W119.741;N38.8883;12;
3;USA;Nevada;Douglas;Gardnerville;W119.75;N38.9414;12;
3;USA;Nevada;Douglas;Genoa;W119.847;N39.0044;12;
3;USA;Nevada;Douglas;Glenbrook;W119.939;N39.0894;12;
3;USA;Nevada;Douglas;Holbrook Junction;W119.555;N38.7339;12;
3;USA;Nevada;Douglas;Indian Hills;W119.784;N39.0861;12;
3;USA;Nevada;Douglas;Johnson Lane;W119.722;N39.0481;12;
3;USA;Nevada;Douglas;Kingsbury Meadows;W119.919;N38.9736;12;
3;USA;Nevada;Douglas;Kingsbury Village;W119.893;N38.9856;12;
3;USA;Nevada;Douglas;Kingsbury;W119.907;N38.9772;12;
3;USA;Nevada;Douglas;Lakeridge;W119.948;N39.0364;12;
3;USA;Nevada;Douglas;Lincoln Park;W119.948;N39.0397;12;
3;USA;Nevada;Douglas;Logan Creek Estates;W119.939;N39.0658;12;
3;USA;Nevada;Douglas;Minden;W119.766;N38.9542;12;
3;USA;Nevada;Douglas;Mottsville;W119.838;N38.9286;12;
3;USA;Nevada;Douglas;Round Hill;W119.941;N38.9914;12;
3;USA;Nevada;Douglas;Sheridan;W119.823;N38.8981;12;
3;USA;Nevada;Douglas;Skyland;W119.948;N39.0225;12;
3;USA;Nevada;Douglas;Stateline;W119.94;N38.9625;12;
3;USA;Nevada;Douglas;Summit Village;W119.888;N38.9703;12;
3;USA;Nevada;Douglas;Tahoe Village;W119.936;N38.9703;12;
3;USA;Nevada;Douglas;Topaz Lake;W119.544;N38.6958;12;
3;USA;Nevada;Douglas;Twelvemile House;W119.708;N38.9067;12;
3;USA;Nevada;Douglas;Walleys Hot Springs;W119.834;N38.9811;12;
3;USA;Nevada;Douglas;Zephyr Cove;W119.956;N39.0022;12;
3;USA;Nevada;Elko;Alazon;W115.03;N41.1336;12;
3;USA;Nevada;Elko;Arthur;W115.191;N40.7967;12;
3;USA;Nevada;Elko;Brennen Ranch;W115.548;N40.6681;12;
3;USA;Nevada;Elko;Bullion;W115.996;N40.5239;12;
3;USA;Nevada;Elko;Carlin;W116.104;N40.7139;12;
3;USA;Nevada;Elko;Charleston;W115.511;N41.6708;12;
3;USA;Nevada;Elko;Clifside;W114.277;N40.9161;12;
3;USA;Nevada;Elko;Cobre;W114.401;N41.1119;12;
3;USA;Nevada;Elko;Coin;W115.716;N40.8831;12;
3;USA;Nevada;Elko;Contact;W114.752;N41.7694;12;
3;USA;Nevada;Elko;Currie;W114.743;N40.2667;12;
3;USA;Nevada;Elko;Decoy;W114.488;N40.6717;12;
3;USA;Nevada;Elko;Deep Creek;W116.149;N41.5672;12;
3;USA;Nevada;Elko;Deeth;W115.275;N41.0656;12;
3;USA;Nevada;Elko;Delaplain;W114.656;N41.9317;12;
3;USA;Nevada;Elko;Dinner Station;W115.866;N41.1;12;
3;USA;Nevada;Elko;Dolly Varden;W114.535;N40.5447;12;
3;USA;Nevada;Elko;Dry Creek;W115.619;N40.4425;12;
3;USA;Nevada;Elko;Eastline;W114.046;N40.7353;12;
3;USA;Nevada;Elko;Echo;W116.172;N41.6808;12;
3;USA;Nevada;Elko;Elburz;W115.505;N40.9292;12;
3;USA;Nevada;Elko;Elko;W115.763;N40.8325;12;
3;USA;Nevada;Elko;Fenelon;W114.663;N41.2022;12;
3;USA;Nevada;Elko;Halleck;W115.453;N40.9508;12;
3;USA;Nevada;Elko;Henry;W114.826;N41.6969;12;
3;USA;Nevada;Elko;Hogan;W114.599;N40.7442;12;
3;USA;Nevada;Elko;Holborn;W114.709;N41.1744;12;
3;USA;Nevada;Elko;Hunter;W115.903;N40.7528;12;
3;USA;Nevada;Elko;Jack Creek Camp;W115.402;N41.8994;12;
3;USA;Nevada;Elko;Jack Creek;W116.1;N41.4947;12;
3;USA;Nevada;Elko;Jackpot;W114.675;N41.9833;12;
3;USA;Nevada;Elko;Jarbidge;W115.432;N41.8736;12;
3;USA;Nevada;Elko;Jiggs;W115.665;N40.4258;12;
3;USA;Nevada;Elko;Lamoille;W115.478;N40.7281;12;
3;USA;Nevada;Elko;Lee;W115.608;N40.5683;12;
3;USA;Nevada;Elko;Loray;W114.318;N41.1422;12;
3;USA;Nevada;Elko;Melandco;W114.836;N41.2833;12;
3;USA;Nevada;Elko;Midas;W116.797;N41.2442;12;
3;USA;Nevada;Elko;Mizpah;W114.663;N40.3958;12;
3;USA;Nevada;Elko;Moleen;W115.948;N40.7386;12;
3;USA;Nevada;Elko;Montello;W114.194;N41.2614;12;
3;USA;Nevada;Elko;Moor;W114.815;N41.1172;12;
3;USA;Nevada;Elko;Mountain City;W115.965;N41.8386;12;
3;USA;Nevada;Elko;North Fork;W115.817;N41.4825;12;
3;USA;Nevada;Elko;Number One Settlement;W116.132;N41.9906;12;
3;USA;Nevada;Elko;Oasis;W114.487;N41.0286;12;
3;USA;Nevada;Elko;Ola;W114.147;N40.7214;12;
3;USA;Nevada;Elko;Old Bullion;W115.984;N40.5322;12;
3;USA;Nevada;Elko;Osino;W115.661;N40.9322;12;
3;USA;Nevada;Elko;Owyhee;W116.099;N41.9478;12;
3;USA;Nevada;Elko;Patsville;W115.957;N41.8103;12;
3;USA;Nevada;Elko;Pequop;W114.589;N41.2172;12;
3;USA;Nevada;Elko;Pilot;W114.234;N40.8183;12;
3;USA;Nevada;Elko;Pleasant Valley;W115.517;N40.7181;12;
3;USA;Nevada;Elko;Point of Rocks;W115.795;N41.7772;12;
3;USA;Nevada;Elko;Proctor;W114.276;N40.8933;12;
3;USA;Nevada;Elko;Rock House;W115.411;N40.4222;12;
3;USA;Nevada;Elko;Rock House;W115.662;N41.9842;12;
3;USA;Nevada;Elko;Rowland;W115.679;N41.9367;12;
3;USA;Nevada;Elko;Ruby Valley;W115.448;N40.3603;12;
3;USA;Nevada;Elko;Ryndon;W115.596;N40.9419;12;
3;USA;Nevada;Elko;Sage;W114.547;N40.7703;12;
3;USA;Nevada;Elko;San Jacinto;W114.676;N41.8686;12;
3;USA;Nevada;Elko;Schoer Place;W114.928;N41.4817;12;
3;USA;Nevada;Elko;Scraper Springs;W116.681;N41.3378;12;
3;USA;Nevada;Elko;Shafter;W114.445;N40.8547;12;
3;USA;Nevada;Elko;Shanty Town;W115.503;N40.1619;12;
3;USA;Nevada;Elko;Shores;W114.799;N41.5403;12;
3;USA;Nevada;Elko;Silver Zone;W114.353;N40.9203;12;
3;USA;Nevada;Elko;Spring Creek;W115.586;N40.7267;12;
3;USA;Nevada;Elko;Spruce;W114.658;N40.7983;12;
3;USA;Nevada;Elko;Sprucemont;W114.872;N40.5506;12;
3;USA;Nevada;Elko;Tecoma;W114.081;N41.3203;12;
3;USA;Nevada;Elko;Tonka;W116.01;N40.7172;12;
3;USA;Nevada;Elko;Tulasco;W115.123;N41.1297;12;
3;USA;Nevada;Elko;Tuscarora;W116.222;N41.3142;12;
3;USA;Nevada;Elko;Tyrol;W116.154;N40.6783;12;
3;USA;Nevada;Elko;Ventosa;W114.804;N40.8572;12;
3;USA;Nevada;Elko;Vivian;W116.056;N40.725;12;
3;USA;Nevada;Elko;Welcome;W115.104;N41.1003;12;
3;USA;Nevada;Elko;Wells;W114.964;N41.1117;12;
3;USA;Nevada;Elko;West Wendover;W114.073;N40.7392;12;
3;USA;Nevada;Elko;Wilkins;W114.752;N41.4253;12;
3;USA;Nevada;Elko;Williams Cabin;W115.671;N41.7172;12;
3;USA;Nevada;Esmeralda;Alkali;W117.338;N37.8258;12;
3;USA;Nevada;Esmeralda;Blair;W117.649;N37.7931;12;
3;USA;Nevada;Esmeralda;Coaldale Junction;W117.887;N38.0317;12;
3;USA;Nevada;Esmeralda;Coaldale;W117.883;N38.0275;12;
3;USA;Nevada;Esmeralda;Columbus;W118.019;N38.1103;12;
3;USA;Nevada;Esmeralda;Coyote Hole;W117.805;N37.7972;12;
3;USA;Nevada;Esmeralda;Dyer;W118.084;N37.6783;12;
3;USA;Nevada;Esmeralda;Florence Hill;W117.219;N37.7078;12;
3;USA;Nevada;Esmeralda;Forks Station;W117.166;N37.4958;12;
3;USA;Nevada;Esmeralda;Gemfield;W117.295;N37.7397;12;
3;USA;Nevada;Esmeralda;Gold Hit;W118.28;N37.9336;12;
3;USA;Nevada;Esmeralda;Gold Point;W117.365;N37.3547;12;
3;USA;Nevada;Esmeralda;Goldfield;W117.236;N37.7086;12;
3;USA;Nevada;Esmeralda;Lida;W117.498;N37.4583;12;
3;USA;Nevada;Esmeralda;McLeans;W117.652;N38.0478;12;
3;USA;Nevada;Esmeralda;Millers;W117.457;N38.1367;12;
3;USA;Nevada;Esmeralda;Montezuma Wells;W117.416;N38.1719;12;
3;USA;Nevada;Esmeralda;Montezuma;W117.369;N37.7039;12;
3;USA;Nevada;Esmeralda;Nivloc;W117.759;N37.7156;12;
3;USA;Nevada;Esmeralda;Old Camp;W117.325;N37.2583;12;
3;USA;Nevada;Esmeralda;Silver Peak;W117.635;N37.755;12;
3;USA;Nevada;Esmeralda;Stateline;W117.406;N37.2967;12;
3;USA;Nevada;Esmeralda;Sylvania;W117.724;N37.3981;12;
3;USA;Nevada;Esmeralda;The Crossing;W117.971;N37.8697;12;
3;USA;Nevada;Esmeralda;Tokop;W117.261;N37.3017;12;
3;USA;Nevada;Esmeralda;Weepah;W117.559;N37.9303;12;
3;USA;Nevada;Esmeralda;West Spring;W117.271;N37.7222;12;
3;USA;Nevada;Eureka;Alpha;W116.193;N40.0103;12;
3;USA;Nevada;Eureka;Barth;W116.269;N40.5817;12;
3;USA;Nevada;Eureka;Beowawe;W116.477;N40.5928;12;
3;USA;Nevada;Eureka;Blackburn;W116.168;N40.2283;12;
3;USA;Nevada;Eureka;Buckhorn;W116.481;N40.1761;12;
3;USA;Nevada;Eureka;Cluro;W116.323;N40.5808;12;
3;USA;Nevada;Eureka;Corwin;W115.899;N40.0217;12;
3;USA;Nevada;Eureka;Crescent Valley;W116.576;N40.4161;12;
3;USA;Nevada;Eureka;Dunphy;W116.53;N40.7089;12;
3;USA;Nevada;Eureka;Eunice Place;W115.905;N39.5642;12;
3;USA;Nevada;Eureka;Eureka;W115.961;N39.5128;12;
3;USA;Nevada;Eureka;Harney;W116.325;N40.5775;12;
3;USA;Nevada;Eureka;Leeville;W116.314;N40.9175;12;
3;USA;Nevada;Eureka;Mineral;W116.187;N40.1736;12;
3;USA;Nevada;Eureka;Palisade;W116.199;N40.6103;12;
3;USA;Nevada;Eureka;Primeaux;W116.302;N40.6489;12;
3;USA;Nevada;Eureka;Rixies;W116.551;N40.6978;12;
3;USA;Nevada;Eureka;Ruby Hill;W115.986;N39.5047;12;
3;USA;Nevada;Eureka;Shannon;W116.202;N40.1003;12;
3;USA;Nevada;Eureka;Shoshone;W116.557;N40.6975;12;
3;USA;Nevada;Eureka;Thomas Place;W116.228;N40.5011;12;
3;USA;Nevada;Eureka;Tonkin;W116.411;N39.9392;12;
3;USA;Nevada;Eureka;Union;W117.599;N38.8719;12;
3;USA;Nevada;Humboldt;Awakening;W117.954;N41.2756;12;
3;USA;Nevada;Humboldt;Bliss;W117.609;N41.0292;12;
3;USA;Nevada;Humboldt;Chinatown;W119.206;N41.5317;12;
3;USA;Nevada;Humboldt;Comus;W117.327;N41.0006;12;
3;USA;Nevada;Humboldt;Cordero;W117.815;N41.9144;12;
3;USA;Nevada;Humboldt;Daveytown;W117.903;N41.295;12;
3;USA;Nevada;Humboldt;Denio Junction;W118.625;N41.9517;12;
3;USA;Nevada;Humboldt;Denio;W118.634;N41.99;12;
3;USA;Nevada;Humboldt;Dyke;W118.573;N41.5747;12;
3;USA;Nevada;Humboldt;Ellison;W117.098;N40.8489;12;
3;USA;Nevada;Humboldt;Getchell;W117.255;N41.2181;12;
3;USA;Nevada;Humboldt;Golconda;W117.489;N40.9533;12;
3;USA;Nevada;Humboldt;Gouge Eye;W117.471;N41.5714;12;
3;USA;Nevada;Humboldt;Happy Creek Station;W118.353;N41.4675;12;
3;USA;Nevada;Humboldt;Herrin;W117.22;N40.8878;12;
3;USA;Nevada;Humboldt;Knight;W117.155;N40.9056;12;
3;USA;Nevada;Humboldt;McDermitt;W117.718;N41.9975;12;
3;USA;Nevada;Humboldt;Orovada;W117.785;N41.57;12;
3;USA;Nevada;Humboldt;Paradise Hill;W117.691;N41.2792;12;
3;USA;Nevada;Humboldt;Paradise Valley;W117.534;N41.4936;12;
3;USA;Nevada;Humboldt;Platora;W117.758;N41.6639;12;
3;USA;Nevada;Humboldt;Preble;W117.398;N40.9767;12;
3;USA;Nevada;Humboldt;Pronto;W118.061;N40.9283;12;
3;USA;Nevada;Humboldt;Quinn River Crossing;W118.435;N41.5767;12;
3;USA;Nevada;Humboldt;Raglan;W117.97;N40.9094;12;
3;USA;Nevada;Humboldt;Red House;W117.248;N40.9969;12;
3;USA;Nevada;Humboldt;Rose Creek;W117.895;N40.89;12;
3;USA;Nevada;Humboldt;Sulphur;W118.737;N40.8747;12;
3;USA;Nevada;Humboldt;Tule;W117.65;N41.0242;12;
3;USA;Nevada;Humboldt;Valmy;W117.127;N40.7928;12;
3;USA;Nevada;Humboldt;Weso;W117.691;N41.0114;12;
3;USA;Nevada;Humboldt;Winnemucca;W117.736;N40.9731;12;
3;USA;Nevada;Lander;Argenta;W116.706;N40.6744;12;
3;USA;Nevada;Lander;Austin;W117.069;N39.4933;12;
3;USA;Nevada;Lander;Bannock;W117.101;N40.5167;12;
3;USA;Nevada;Lander;Battle Mountain;W116.934;N40.6422;12;
3;USA;Nevada;Lander;Buckingham Camp;W117.073;N40.6131;12;
3;USA;Nevada;Lander;Canon City;W117.129;N39.4567;12;
3;USA;Nevada;Lander;Copper Basin;W117.046;N40.6031;12;
3;USA;Nevada;Lander;Cortez;W116.603;N40.1411;12;
3;USA;Nevada;Lander;Dewitt Mill;W117.108;N40.6342;12;
3;USA;Nevada;Lander;Gold Acres;W116.733;N40.2622;12;
3;USA;Nevada;Lander;Gold Quartz;W116.7;N40.3108;12;
3;USA;Nevada;Lander;Grass Valley;W116.798;N39.6978;12;
3;USA;Nevada;Lander;Hilltop;W116.8;N40.4147;12;
3;USA;Nevada;Lander;Jenkins;W116.859;N40.6842;12;
3;USA;Nevada;Lander;Kampos;W116.702;N40.6958;12;
3;USA;Nevada;Lander;Kingston;W117.07;N39.21;12;
3;USA;Nevada;Lander;McCoy;W117.225;N40.3203;12;
3;USA;Nevada;Lander;Mosel;W116.649;N40.6739;12;
3;USA;Nevada;Lander;Mount Airy;W117.379;N39.5036;12;
3;USA;Nevada;Lander;North Battle Mountain;W116.9;N40.7128;12;
3;USA;Nevada;Lander;Petersons Mill;W117.433;N39.5578;12;
3;USA;Nevada;Lander;Piute;W117.002;N40.6964;12;
3;USA;Nevada;Lander;Rennox;W116.88;N40.6981;12;
3;USA;Nevada;Lander;Rosny;W116.838;N40.6125;12;
3;USA;Nevada;Lander;Tenabo;W116.677;N40.3144;12;
3;USA;Nevada;Lander;Yankee Blade;W117.051;N39.5319;12;
3;USA;Nevada;Lincoln;Acoma;W114.172;N37.5483;12;
3;USA;Nevada;Lincoln;Alamo;W115.164;N37.365;12;
3;USA;Nevada;Lincoln;Angle City;W114.588;N37.0433;12;
3;USA;Nevada;Lincoln;Ash Springs;W115.193;N37.4606;12;
3;USA;Nevada;Lincoln;Atlanta;W114.331;N38.4653;12;
3;USA;Nevada;Lincoln;Barclay;W114.252;N37.5133;12;
3;USA;Nevada;Lincoln;Big Trees;W114.561;N37.9028;12;
3;USA;Nevada;Lincoln;Boyd;W114.567;N37.4378;12;
3;USA;Nevada;Lincoln;Bristol;W114.619;N38.08;12;
3;USA;Nevada;Lincoln;Brown;W114.133;N37.6072;12;
3;USA;Nevada;Lincoln;Caliente;W114.512;N37.615;12;
3;USA;Nevada;Lincoln;Carp;W114.493;N37.1119;12;
3;USA;Nevada;Lincoln;Caselton Heights;W114.479;N37.9139;12;
3;USA;Nevada;Lincoln;Caselton;W114.485;N37.9192;12;
3;USA;Nevada;Lincoln;Cold Spring;W114.425;N37.7514;12;
3;USA;Nevada;Lincoln;Crestline;W114.126;N37.6636;12;
3;USA;Nevada;Lincoln;Crossroads;W114.256;N37.5658;12;
3;USA;Nevada;Lincoln;Crystal Springs;W115.234;N37.5317;12;
3;USA;Nevada;Lincoln;Delamar;W114.77;N37.4581;12;
3;USA;Nevada;Lincoln;Eccles;W114.432;N37.6153;12;
3;USA;Nevada;Lincoln;Elgin;W114.536;N37.3519;12;
3;USA;Nevada;Lincoln;Etna;W114.571;N37.5553;12;
3;USA;Nevada;Lincoln;Flat Nose;W114.301;N37.8933;12;
3;USA;Nevada;Lincoln;Galt;W114.606;N37.0175;12;
3;USA;Nevada;Lincoln;Helene;W114.777;N37.4811;12;
3;USA;Nevada;Lincoln;Hiko;W115.224;N37.5969;12;
3;USA;Nevada;Lincoln;Horseshoe Bend;W114.129;N37.6842;12;
3;USA;Nevada;Lincoln;Hoya;W114.652;N36.9469;12;
3;USA;Nevada;Lincoln;Indian Cove;W114.495;N37.6553;12;
3;USA;Nevada;Lincoln;Islen;W114.322;N37.5297;12;
3;USA;Nevada;Lincoln;Joseco;W114.229;N37.5019;12;
3;USA;Nevada;Lincoln;Kyle;W114.491;N37.3144;12;
3;USA;Nevada;Lincoln;Mendha;W114.514;N37.9561;12;
3;USA;Nevada;Lincoln;Mud Springs;W114.136;N38.28;12;
3;USA;Nevada;Lincoln;Ninemile Rocks;W114.226;N37.7825;12;
3;USA;Nevada;Lincoln;Panaca;W114.389;N37.7906;12;
3;USA;Nevada;Lincoln;Pioche;W114.452;N37.9297;12;
3;USA;Nevada;Lincoln;Pony Springs;W114.607;N38.3189;12;
3;USA;Nevada;Lincoln;Prince;W114.474;N37.9;12;
3;USA;Nevada;Lincoln;Rachel;W115.744;N37.6447;12;
3;USA;Nevada;Lincoln;Rose Valley;W114.252;N37.9381;12;
3;USA;Nevada;Lincoln;Rox;W114.667;N36.8808;12;
3;USA;Nevada;Lincoln;Stine;W114.589;N37.4953;12;
3;USA;Nevada;Lincoln;Strawberry Hill;W114.513;N37.62;12;
3;USA;Nevada;Lincoln;Sundown;W115.805;N37.6269;12;
3;USA;Nevada;Lincoln;Tempiute;W115.636;N37.6525;12;
3;USA;Nevada;Lincoln;Ursine;W114.215;N37.9847;12;
3;USA;Nevada;Lyon;Argo;W119.164;N39.5975;12;
3;USA;Nevada;Lyon;Carson Rapids City;W119.556;N39.3044;12;
3;USA;Nevada;Lyon;Churchill;W119.281;N39.2717;12;
3;USA;Nevada;Lyon;Como;W119.477;N39.1725;12;
3;USA;Nevada;Lyon;Darwin;W119.102;N39.5894;12;
3;USA;Nevada;Lyon;Davis Station;W119.217;N39.2797;12;
3;USA;Nevada;Lyon;Dayton;W119.593;N39.2372;12;
3;USA;Nevada;Lyon;Fernley;W119.252;N39.6081;12;
3;USA;Nevada;Lyon;Greenville;W119.183;N39.0375;12;
3;USA;Nevada;Lyon;Lux;W119.114;N39.1272;12;
3;USA;Nevada;Lyon;Mason;W119.19;N38.95;12;
3;USA;Nevada;Lyon;Nordyke;W119.187;N38.8914;12;
3;USA;Nevada;Lyon;Pine Grove;W119.124;N38.6783;12;
3;USA;Nevada;Lyon;Ramsey Station;W119.308;N39.3883;12;
3;USA;Nevada;Lyon;Silver City;W119.641;N39.2636;12;
3;USA;Nevada;Lyon;Silver Springs;W119.225;N39.4156;12;
3;USA;Nevada;Lyon;Simpson;W119.399;N38.8694;12;
3;USA;Nevada;Lyon;Smith;W119.328;N38.8006;12;
3;USA;Nevada;Lyon;Stagecoach;W119.374;N39.3739;12;
3;USA;Nevada;Lyon;Sulfur;W119.254;N38.6197;12;
3;USA;Nevada;Lyon;Sutro;W119.584;N39.28;12;
3;USA;Nevada;Lyon;Talapoosa;W119.276;N39.4542;12;
3;USA;Nevada;Lyon;Twin Flat;W119.642;N39.2667;12;
3;USA;Nevada;Lyon;Wabuska;W119.183;N39.1439;12;
3;USA;Nevada;Lyon;Weed Heights;W119.209;N38.9872;12;
3;USA;Nevada;Lyon;Wellington Springs;W119.192;N38.7533;12;
3;USA;Nevada;Lyon;Wellington;W119.376;N38.7564;12;
3;USA;Nevada;Lyon;Wichman;W118.979;N38.5639;12;
3;USA;Nevada;Lyon;Yerington;W119.163;N38.9858;12;
3;USA;Nevada;Mineral;Avalon;W118.756;N38.7631;12;
3;USA;Nevada;Mineral;Babbitt;W118.638;N38.5394;12;
3;USA;Nevada;Mineral;Basalt;W118.273;N38.0075;12;
3;USA;Nevada;Mineral;Camp Douglas;W118.2;N38.3386;12;
3;USA;Nevada;Mineral;Candelaria Junction;W118.183;N38.1758;12;
3;USA;Nevada;Mineral;Copper Run;W118.889;N38.8208;12;
3;USA;Nevada;Mineral;Del Monte;W118.93;N38.2944;12;
3;USA;Nevada;Mineral;Fletcher;W118.899;N38.3569;12;
3;USA;Nevada;Mineral;Hawthorne;W118.624;N38.5247;12;
3;USA;Nevada;Mineral;Jaggersville;W118.541;N38.3717;12;
3;USA;Nevada;Mineral;Kinkaid;W118.395;N38.545;12;
3;USA;Nevada;Mineral;Luning;W118.181;N38.5064;12;
3;USA;Nevada;Mineral;Marietta;W118.339;N38.2433;12;
3;USA;Nevada;Mineral;Midway;W118.301;N38.7236;12;
3;USA;Nevada;Mineral;Mina;W118.109;N38.3906;12;
3;USA;Nevada;Mineral;Mount Montgomery;W118.321;N37.9797;12;
3;USA;Nevada;Mineral;Omco;W117.893;N38.6081;12;
3;USA;Nevada;Mineral;Qualeys Camp;W118.528;N38.3083;12;
3;USA;Nevada;Mineral;Rawhide;W118.391;N39.0167;12;
3;USA;Nevada;Mineral;Schurz;W118.811;N38.9508;12;
3;USA;Nevada;Mineral;Schweer Housing Area;W118.673;N38.5453;12;
3;USA;Nevada;Mineral;Sodaville;W118.103;N38.3411;12;
3;USA;Nevada;Mineral;Thorne;W118.591;N38.6019;12;
3;USA;Nevada;Mineral;Tonopah Junction;W118.096;N38.2644;12;
3;USA;Nevada;Mineral;Walker Lake;W118.755;N38.6483;12;
3;USA;Nevada;Nye;Adaven;W115.6;N38.1322;12;
3;USA;Nevada;Nye;Amargosa Valley;W116.4;N36.6439;12;
3;USA;Nevada;Nye;Ashton;W116.672;N36.7203;12;
3;USA;Nevada;Nye;Barcelona Summit;W116.958;N38.6508;12;
3;USA;Nevada;Nye;Basic;W117.9;N38.8719;12;
3;USA;Nevada;Nye;Beatty;W116.759;N36.9086;12;
3;USA;Nevada;Nye;Belmont;W116.874;N38.5961;12;
3;USA;Nevada;Nye;Berlin;W117.608;N38.8819;12;
3;USA;Nevada;Nye;Bonnie Claire;W117.121;N37.2267;12;
3;USA;Nevada;Nye;Brucite;W117.902;N38.8628;12;
3;USA;Nevada;Nye;Bull Fork;W115.767;N39.0736;12;
3;USA;Nevada;Nye;Camp Desert Rock;W116.02;N36.6272;12;
3;USA;Nevada;Nye;Carvers;W117.179;N38.7867;12;
3;USA;Nevada;Nye;Crows Nest;W115.663;N38.3517;12;
3;USA;Nevada;Nye;Crystal;W116.168;N36.4917;12;
3;USA;Nevada;Nye;Currant;W115.475;N38.7422;12;
3;USA;Nevada;Nye;Darroughs Hot Springs;W117.181;N38.8203;12;
3;USA;Nevada;Nye;Duckwater;W115.714;N38.9325;12;
3;USA;Nevada;Nye;Farmer Station;W117.004;N37.2511;12;
3;USA;Nevada;Nye;Flowers Camp;W116.918;N38.6647;12;
3;USA;Nevada;Nye;Gabbs;W117.922;N38.8689;12;
3;USA;Nevada;Nye;Gold Center;W116.767;N36.8683;12;
3;USA;Nevada;Nye;Golden Arrow;W116.606;N37.9978;12;
3;USA;Nevada;Nye;Goldyke;W117.869;N38.7369;12;
3;USA;Nevada;Nye;Grantsville;W117.573;N38.8456;12;
3;USA;Nevada;Nye;Hadley;W117.16;N38.6944;12;
3;USA;Nevada;Nye;Hot Creek;W115.151;N38.3853;12;
3;USA;Nevada;Nye;Hot Springs;W116.723;N36.9769;12;
3;USA;Nevada;Nye;Ione;W117.588;N38.9483;12;
3;USA;Nevada;Nye;Johnnie;W116.072;N36.4197;12;
3;USA;Nevada;Nye;Labbe Camp;W116.056;N36.4508;12;
3;USA;Nevada;Nye;Lockes;W115.775;N38.555;12;
3;USA;Nevada;Nye;Lodi Tanks;W117.834;N38.9872;12;
3;USA;Nevada;Nye;Lodi;W117.878;N38.9939;12;
3;USA;Nevada;Nye;Manhattan;W117.073;N38.5389;12;
3;USA;Nevada;Nye;Manse;W115.902;N36.1547;12;
3;USA;Nevada;Nye;Mellan;W116.595;N37.7125;12;
3;USA;Nevada;Nye;Mercury;W115.994;N36.6606;12;
3;USA;Nevada;Nye;Millett;W117.181;N39.0153;12;
3;USA;Nevada;Nye;Morey;W116.257;N38.6667;12;
3;USA;Nevada;Nye;Nyala;W115.729;N38.2489;12;
3;USA;Nevada;Nye;Pactolus;W117.802;N38.6692;12;
3;USA;Nevada;Nye;Pahrump;W115.984;N36.2083;12;
3;USA;Nevada;Nye;Pritchards Station;W116.176;N38.7775;12;
3;USA;Nevada;Nye;Ralston;W117.153;N37.5561;12;
3;USA;Nevada;Nye;Reese River;W117.47;N38.9978;12;
3;USA;Nevada;Nye;Rhyolite;W116.829;N36.9039;12;
3;USA;Nevada;Nye;Round Mountain;W117.067;N38.7111;12;
3;USA;Nevada;Nye;San Pedros;W116.924;N38.6647;12;
3;USA;Nevada;Nye;Scottys Junction;W117.053;N37.2989;12;
3;USA;Nevada;Nye;Silverbow;W116.492;N37.8881;12;
3;USA;Nevada;Nye;Springdale;W116.755;N37.03;12;
3;USA;Nevada;Nye;Steigmeyer Mill;W117.058;N38.7342;12;
3;USA;Nevada;Nye;Sugar Bunker;W115.961;N36.8394;12;
3;USA;Nevada;Nye;Sunnyside;W115.021;N38.4233;12;
3;USA;Nevada;Nye;Tonopah;W117.23;N38.0672;12;
3;USA;Nevada;Nye;Tybo;W116.401;N38.37;12;
3;USA;Nevada;Nye;Valley View;W117.224;N38.0683;12;
3;USA;Nevada;Nye;Warm Springs;W116.37;N38.1906;12;
3;USA;Nevada;Nye;Washington;W117.235;N39.1553;12;
3;USA;Nevada;Pershing;Arabia;W118.393;N40.3636;12;
3;USA;Nevada;Pershing;Colado;W118.393;N40.2456;12;
3;USA;Nevada;Pershing;Cosgrave;W118.016;N40.7967;12;
3;USA;Nevada;Pershing;Fitting;W118.105;N40.3364;12;
3;USA;Nevada;Pershing;Granite Point;W118.58;N40.0964;12;
3;USA;Nevada;Pershing;Humboldt City;W118.212;N40.5844;12;
3;USA;Nevada;Pershing;Humboldt House;W118.255;N40.6;12;
3;USA;Nevada;Pershing;Humboldt;W118.252;N40.6031;12;
3;USA;Nevada;Pershing;Imlay;W118.151;N40.6608;12;
3;USA;Nevada;Pershing;Kodak;W118.421;N40.2275;12;
3;USA;Nevada;Pershing;Kyle Hot Springs;W117.883;N40.4064;12;
3;USA;Nevada;Pershing;Lovelock;W118.474;N40.1794;12;
3;USA;Nevada;Pershing;Lower Rochester;W118.201;N40.2858;12;
3;USA;Nevada;Pershing;Mill City;W118.071;N40.6836;12;
3;USA;Nevada;Pershing;Nightingale;W119.226;N40.0108;12;
3;USA;Nevada;Pershing;Oreana;W118.323;N40.3344;12;
3;USA;Nevada;Pershing;Panama;W118.16;N40.3131;12;
3;USA;Nevada;Pershing;Perth;W118.515;N40.1289;12;
3;USA;Nevada;Pershing;Placerites;W118.674;N40.6717;12;
3;USA;Nevada;Pershing;Poker Brown;W118.42;N40.5358;12;
3;USA;Nevada;Pershing;Rochester;W118.168;N40.2889;12;
3;USA;Nevada;Pershing;Rye Patch;W118.29;N40.4475;12;
3;USA;Nevada;Pershing;Scossa;W118.597;N40.74;12;
3;USA;Nevada;Pershing;Toulon;W118.645;N40.0628;12;
3;USA;Nevada;Pershing;Trego;W119.144;N40.7647;12;
3;USA;Nevada;Pershing;Tungsten;W118.125;N40.7792;12;
3;USA;Nevada;Pershing;Twain;W118.238;N40.5494;12;
3;USA;Nevada;Pershing;Unionville;W118.121;N40.4456;12;
3;USA;Nevada;Pershing;Woolsey;W118.365;N40.2811;12;
3;USA;Nevada;Storey;Clark;W119.482;N39.5642;12;
3;USA;Nevada;Storey;Divide;W119.655;N39.2981;12;
3;USA;Nevada;Storey;Gilpin;W119.336;N39.5981;12;
3;USA;Nevada;Storey;Gold Hill;W119.657;N39.2906;12;
3;USA;Nevada;Storey;Lockwood;W119.647;N39.5072;12;
3;USA;Nevada;Storey;Mark Twain Estates;W119.553;N39.3069;12;
3;USA;Nevada;Storey;Mustang Ranch;W119.633;N39.5108;12;
3;USA;Nevada;Storey;Virginia City Highlands;W119.644;N39.3808;12;
3;USA;Nevada;Storey;Virginia City;W119.65;N39.3097;12;
3;USA;Nevada;Washoe;Andys Place;W119.386;N41.7944;12;
3;USA;Nevada;Washoe;Border Town;W119.991;N39.6758;12;
3;USA;Nevada;Washoe;Cold Springs;W119.977;N39.6803;12;
3;USA;Nevada;Washoe;Copperfield;W119.945;N39.6317;12;
3;USA;Nevada;Washoe;Crystal Bay;W120.004;N39.2261;12;
3;USA;Nevada;Washoe;Deep Hole;W119.483;N40.7192;12;
3;USA;Nevada;Washoe;Dodge;W119.312;N39.6708;12;
3;USA;Nevada;Washoe;Empire;W119.342;N40.5758;12;
3;USA;Nevada;Washoe;Flanigan;W119.887;N40.1708;12;
3;USA;Nevada;Washoe;Fleish;W119.994;N39.4814;12;
3;USA;Nevada;Washoe;Franktown;W119.841;N39.2717;12;
3;USA;Nevada;Washoe;Gerlach;W119.355;N40.6517;12;
3;USA;Nevada;Washoe;Glendale;W119.741;N39.5206;12;
3;USA;Nevada;Washoe;Golden Valley;W119.827;N39.6156;12;
3;USA;Nevada;Washoe;Grand View Terrace;W119.856;N39.6097;12;
3;USA;Nevada;Washoe;Hafed;W119.631;N39.5147;12;
3;USA;Nevada;Washoe;Incline Village;W119.973;N39.2514;12;
3;USA;Nevada;Washoe;Lawton;W119.907;N39.5122;12;
3;USA;Nevada;Washoe;Lemmon Valley;W119.843;N39.6361;12;
3;USA;Nevada;Washoe;Martin;W119.872;N39.6042;12;
3;USA;Nevada;Washoe;Mogul;W119.926;N39.5139;12;
3;USA;Nevada;Washoe;Mustang;W119.629;N39.5219;12;
3;USA;Nevada;Washoe;Nashville;W119.83;N39.7892;12;
3;USA;Nevada;Washoe;New Washoe City;W119.776;N39.2964;12;
3;USA;Nevada;Washoe;Nixon;W119.358;N39.8319;12;
3;USA;Nevada;Washoe;Olinghouse;W119.429;N39.6583;12;
3;USA;Nevada;Washoe;Panther Valley;W119.819;N39.5908;12;
3;USA;Nevada;Washoe;Patrick;W119.579;N39.5472;12;
3;USA;Nevada;Washoe;Phil;W119.469;N40.6428;12;
3;USA;Nevada;Washoe;Pleasant Valley;W119.776;N39.3525;12;
3;USA;Nevada;Washoe;Pyramid;W119.702;N40.075;12;
3;USA;Nevada;Washoe;Raleigh Heights;W119.841;N39.5903;12;
3;USA;Nevada;Washoe;Reederville;W119.965;N41.1553;12;
3;USA;Nevada;Washoe;Reno-Stead;W119.877;N39.6581;12;
3;USA;Nevada;Washoe;Reno;W119.814;N39.5297;12;
3;USA;Nevada;Washoe;Reynard;W119.64;N40.5031;12;
3;USA;Nevada;Washoe;Sand Pass;W119.779;N40.2617;12;
3;USA;Nevada;Washoe;Sano;W119.684;N40.3417;12;
3;USA;Nevada;Washoe;Sheepshead;W119.833;N40.4817;12;
3;USA;Nevada;Washoe;Smoke Creek;W119.667;N40.4475;12;
3;USA;Nevada;Washoe;Spanish Springs;W119.707;N39.6492;12;
3;USA;Nevada;Washoe;Sparks;W119.753;N39.535;12;
3;USA;Nevada;Washoe;Steamboat;W119.744;N39.3772;12;
3;USA;Nevada;Washoe;Sun Valley;W119.776;N39.5964;12;
3;USA;Nevada;Washoe;Sundown Town;W119.828;N39.3367;12;
3;USA;Nevada;Washoe;Sutcliffe;W119.601;N39.9503;12;
3;USA;Nevada;Washoe;Swedes Place;W119.496;N41.2169;12;
3;USA;Nevada;Washoe;Thisby;W119.421;N39.5883;12;
3;USA;Nevada;Washoe;Tyrolian Village;W119.927;N39.2564;12;
3;USA;Nevada;Washoe;Verdi;W119.989;N39.5183;12;
3;USA;Nevada;Washoe;Vista;W119.701;N39.5264;12;
3;USA;Nevada;Washoe;Vya;W119.861;N41.5922;12;
3;USA;Nevada;Washoe;Wadsworth;W119.286;N39.6339;12;
3;USA;Nevada;Washoe;Washoe City;W119.81;N39.3203;12;
3;USA;Nevada;Washoe;Wedekind;W119.707;N39.5656;12;
3;USA;Nevada;Washoe;West Reno;W119.851;N39.5153;12;
3;USA;Nevada;Washoe;Wimer Place;W119.726;N41.7983;12;
3;USA;Nevada;Washoe;Zenobia;W119.74;N40.1564;12;
3;USA;Nevada;White Pine;Adverse;W114.776;N39.3814;12;
3;USA;Nevada;White Pine;Baker;W114.123;N39.0133;12;
3;USA;Nevada;White Pine;Baltimore Mill;W114.869;N39.2844;12;
3;USA;Nevada;White Pine;Calumet;W114.877;N39.2631;12;
3;USA;Nevada;White Pine;Cherry Creek;W114.886;N39.9006;12;
3;USA;Nevada;White Pine;Copper Flat;W114.988;N39.2611;12;
3;USA;Nevada;White Pine;Douglas;W115.144;N38.8544;12;
3;USA;Nevada;White Pine;East Ely;W114.869;N39.255;12;
3;USA;Nevada;White Pine;Eberhardt;W115.481;N39.195;12;
3;USA;Nevada;White Pine;Ely;W114.889;N39.2475;12;
3;USA;Nevada;White Pine;Glenn;W114.83;N39.4864;12;
3;USA;Nevada;White Pine;Green Springs;W115.573;N39.1172;12;
3;USA;Nevada;White Pine;Greens;W114.748;N40.0361;12;
3;USA;Nevada;White Pine;Hamilton;W115.486;N39.2531;12;
3;USA;Nevada;White Pine;Hogum;W114.411;N39.0564;12;
3;USA;Nevada;White Pine;Keystone Junction;W114.964;N39.2831;12;
3;USA;Nevada;White Pine;Keystone;W114.968;N39.2819;12;
3;USA;Nevada;White Pine;Kimberly;W115.022;N39.2633;12;
3;USA;Nevada;White Pine;Lane City;W114.931;N39.2606;12;
3;USA;Nevada;White Pine;Lavon;W114.797;N39.3278;12;
3;USA;Nevada;White Pine;Lund;W115.008;N38.8567;12;
3;USA;Nevada;White Pine;Majors Place;W114.582;N39.025;12;
3;USA;Nevada;White Pine;McGill Junction;W114.801;N39.3722;12;
3;USA;Nevada;White Pine;McGill;W114.779;N39.405;12;
3;USA;Nevada;White Pine;Mineral City;W114.948;N39.2644;12;
3;USA;Nevada;White Pine;Minerva;W114.392;N38.8283;12;
3;USA;Nevada;White Pine;Mosier;W114.827;N39.2606;12;
3;USA;Nevada;White Pine;Osceola;W114.386;N39.0906;12;
3;USA;Nevada;White Pine;Pogonip;W115.485;N39.2181;12;
3;USA;Nevada;White Pine;Preston;W115.061;N38.9136;12;
3;USA;Nevada;White Pine;Riepetown;W115.012;N39.2644;12;
3;USA;Nevada;White Pine;Ruppes Place;W115.061;N38.7542;12;
3;USA;Nevada;White Pine;Ruth;W114.989;N39.2783;12;
3;USA;Nevada;White Pine;Shermantown;W115.504;N39.2028;12;
3;USA;Nevada;White Pine;Shoshone;W114.408;N38.8486;12;
3;USA;Nevada;White Pine;Steptoe;W114.764;N39.4069;12;
3;USA;Nevada;White Pine;Stonehouse;W114.541;N39.7808;12;
3;USA;Nevada;White Pine;Tippett;W114.35;N39.8686;12;
3;USA;Nevada;White Pine;Warm Springs;W114.802;N39.6533;12;
3;USA;Nevada;White Pine;Willow Grove;W115.269;N39.0233;12;
