2;USA;Rhode Island;Bristol;;W71.2717;N41.7167;9;
2;USA;Rhode Island;Kent;;W71.5994;N41.6667;9;
2;USA;Rhode Island;Newport;;W71.2494;N41.5833;9;
2;USA;Rhode Island;Providence;;W71.5994;N41.8333;9;
2;USA;Rhode Island;Washington;;W71.6161;N41.5006;9;
3;USA;Rhode Island;Bristol;Annawomscutt;W71.3439;N41.7403;12;
3;USA;Rhode Island;Bristol;Barrington;W71.3086;N41.7406;12;
3;USA;Rhode Island;Bristol;Bay Spring;W71.3467;N41.7481;12;
3;USA;Rhode Island;Bristol;Beach Terrace;W71.2836;N41.7169;12;
3;USA;Rhode Island;Bristol;Bristol Highlands;W71.2872;N41.6961;12;
3;USA;Rhode Island;Bristol;Bristol Township;W71.2639;N41.6839;12;
3;USA;Rhode Island;Bristol;Bristol;W71.2661;N41.6769;12;
3;USA;Rhode Island;Bristol;Coggeshall;W71.2389;N41.6997;12;
3;USA;Rhode Island;Bristol;East Warren;W71.26;N41.7306;12;
3;USA;Rhode Island;Bristol;Laurel Park;W71.2631;N41.7186;12;
3;USA;Rhode Island;Bristol;Maxfields Corner;W71.27;N41.7356;12;
3;USA;Rhode Island;Bristol;Nayatt;W71.3358;N41.7269;12;
3;USA;Rhode Island;Bristol;Peck Corner;W71.3403;N41.7578;12;
3;USA;Rhode Island;Bristol;Touisset Highlands;W71.2411;N41.7097;12;
3;USA;Rhode Island;Bristol;Warren;W71.2825;N41.7303;12;
3;USA;Rhode Island;Bristol;West Barrington;W71.3414;N41.7436;12;
3;USA;Rhode Island;Kent;Anthony;W71.5492;N41.695;12;
3;USA;Rhode Island;Kent;Apponaug;W71.4597;N41.7003;12;
3;USA;Rhode Island;Kent;Arctic;W71.5283;N41.7031;12;
3;USA;Rhode Island;Kent;Arkwright;W71.5483;N41.7286;12;
3;USA;Rhode Island;Kent;Bartons Corner;W71.4978;N41.6628;12;
3;USA;Rhode Island;Kent;Bayside;W71.3761;N41.7011;12;
3;USA;Rhode Island;Kent;Buttonwoods;W71.4186;N41.6853;12;
3;USA;Rhode Island;Kent;Centerville;W71.5225;N41.6964;12;
3;USA;Rhode Island;Kent;Chepiwanoxet;W71.4481;N41.6728;12;
3;USA;Rhode Island;Kent;Clyde;W71.5228;N41.7192;12;
3;USA;Rhode Island;Kent;Coles;W71.3933;N41.7292;12;
3;USA;Rhode Island;Kent;Colvintown;W71.5717;N41.7181;12;
3;USA;Rhode Island;Kent;Conimicut;W71.3828;N41.7242;12;
3;USA;Rhode Island;Kent;Cooks Corner;W71.5214;N41.6044;12;
3;USA;Rhode Island;Kent;Coventry;W71.6828;N41.7;12;
3;USA;Rhode Island;Kent;Cowesett;W71.4611;N41.6811;12;
3;USA;Rhode Island;Kent;Crompton;W71.5136;N41.6847;12;
3;USA;Rhode Island;Kent;East Greenwich;W71.4558;N41.6603;12;
3;USA;Rhode Island;Kent;East Natick;W71.4819;N41.7186;12;
3;USA;Rhode Island;Kent;Escoheag;W71.7647;N41.6036;12;
3;USA;Rhode Island;Kent;Fairbanks Corner;W71.7567;N41.7078;12;
3;USA;Rhode Island;Kent;Folly Landing;W71.4486;N41.6811;12;
3;USA;Rhode Island;Kent;Frenchtown;W71.4925;N41.6272;12;
3;USA;Rhode Island;Kent;Frys Corner;W71.4953;N41.6456;12;
3;USA;Rhode Island;Kent;Gortons Corner;W71.6675;N41.6817;12;
3;USA;Rhode Island;Kent;Greene;W71.7458;N41.6911;12;
3;USA;Rhode Island;Kent;Greenwood;W71.4442;N41.7083;12;
3;USA;Rhode Island;Kent;Harris;W71.5325;N41.7244;12;
3;USA;Rhode Island;Kent;Highland Beach;W71.3664;N41.6964;12;
3;USA;Rhode Island;Kent;Hillsgrove;W71.4392;N41.7261;12;
3;USA;Rhode Island;Kent;Hopkins Hollow;W71.7528;N41.6697;12;
3;USA;Rhode Island;Kent;Hoxsie;W71.4108;N41.7331;12;
3;USA;Rhode Island;Kent;Ike Shippee Corner;W71.5147;N41.6431;12;
3;USA;Rhode Island;Kent;Kettle Corner;W71.3983;N41.7075;12;
3;USA;Rhode Island;Kent;Kitts Corner;W71.6239;N41.6431;12;
3;USA;Rhode Island;Kent;Lakewood;W71.4083;N41.7592;12;
3;USA;Rhode Island;Kent;Lincoln Park;W71.4339;N41.7375;12;
3;USA;Rhode Island;Kent;Lippitt;W71.5247;N41.7214;12;
3;USA;Rhode Island;Kent;Lockwood Corner;W71.3981;N41.7125;12;
3;USA;Rhode Island;Kent;Longmeadow;W71.3744;N41.7042;12;
3;USA;Rhode Island;Kent;Meadow View;W71.3869;N41.6931;12;
3;USA;Rhode Island;Kent;Moosehorn Corner;W71.5425;N41.6533;12;
3;USA;Rhode Island;Kent;Natick;W71.4917;N41.72;12;
3;USA;Rhode Island;Kent;Nausauket;W71.4381;N41.6903;12;
3;USA;Rhode Island;Kent;Nichols Corner;W71.4744;N41.6478;12;
3;USA;Rhode Island;Kent;Nooseneck;W71.6356;N41.6208;12;
3;USA;Rhode Island;Kent;Norwood;W71.4281;N41.7519;12;
3;USA;Rhode Island;Kent;Oakland Beach;W71.3989;N41.6925;12;
3;USA;Rhode Island;Kent;Palace Garden;W71.4008;N41.7422;12;
3;USA;Rhode Island;Kent;Pawtuxet;W71.39;N41.7628;12;
3;USA;Rhode Island;Kent;Phenix;W71.5325;N41.7197;12;
3;USA;Rhode Island;Kent;Places Corner;W71.5119;N41.6247;12;
3;USA;Rhode Island;Kent;Pontiac;W71.4786;N41.7311;12;
3;USA;Rhode Island;Kent;Potowomut;W71.4219;N41.6639;12;
3;USA;Rhode Island;Kent;Potterville;W71.6694;N41.7186;12;
3;USA;Rhode Island;Kent;Quidnick;W71.5369;N41.6964;12;
3;USA;Rhode Island;Kent;Rice City;W71.7536;N41.7139;12;
3;USA;Rhode Island;Kent;River Point;W71.5172;N41.7169;12;
3;USA;Rhode Island;Kent;River View;W71.37;N41.7111;12;
3;USA;Rhode Island;Kent;Rocky Point;W71.3692;N41.6972;12;
3;USA;Rhode Island;Kent;Shawomet;W71.3756;N41.7169;12;
3;USA;Rhode Island;Kent;Shippee Corner;W71.5217;N41.6431;12;
3;USA;Rhode Island;Kent;Silver Hook;W71.4178;N41.7614;12;
3;USA;Rhode Island;Kent;Spencers Corner;W71.5267;N41.6572;12;
3;USA;Rhode Island;Kent;Spring Green;W71.4117;N41.74;12;
3;USA;Rhode Island;Kent;Spring Lake;W71.5758;N41.6797;12;
3;USA;Rhode Island;Kent;Tarbox Corner;W71.5464;N41.6417;12;
3;USA;Rhode Island;Kent;Vaughn Hollow;W71.7558;N41.7194;12;
3;USA;Rhode Island;Kent;Warwick;W71.4161;N41.7;12;
3;USA;Rhode Island;Kent;Washington;W71.5667;N41.6883;12;
3;USA;Rhode Island;Kent;West Warwick;W71.5231;N41.7061;12;
3;USA;Rhode Island;Kent;Westcott;W71.4956;N41.7147;12;
3;USA;Rhode Island;Kent;Wildes Corner;W71.4178;N41.7058;12;
3;USA;Rhode Island;Newport;Adamsville;W71.1311;N41.5544;12;
3;USA;Rhode Island;Newport;Bahia Corner;W71.1617;N41.4944;12;
3;USA;Rhode Island;Newport;Bliss Corners;W71.1447;N41.6264;12;
3;USA;Rhode Island;Newport;Brenton Village;W71.3386;N41.4744;12;
3;USA;Rhode Island;Newport;Bristol Ferry;W71.2536;N41.6325;12;
3;USA;Rhode Island;Newport;Clarks Village;W71.3906;N41.4625;12;
3;USA;Rhode Island;Newport;Common Fence Point;W71.2233;N41.6439;12;
3;USA;Rhode Island;Newport;Conanicut Park;W71.3642;N41.5617;12;
3;USA;Rhode Island;Newport;Eagleville;W71.1522;N41.6578;12;
3;USA;Rhode Island;Newport;Grayville;W71.1911;N41.5792;12;
3;USA;Rhode Island;Newport;Hamiltons Corner;W71.5103;N41.6083;12;
3;USA;Rhode Island;Newport;Homestead;W71.3072;N41.6231;12;
3;USA;Rhode Island;Newport;The Hummocks;W71.2192;N41.6358;12;
3;USA;Rhode Island;Newport;Island Park;W71.2272;N41.6233;12;
3;USA;Rhode Island;Newport;Jamestown Shores;W71.3892;N41.5297;12;
3;USA;Rhode Island;Newport;Jamestown;W71.3672;N41.4969;12;
3;USA;Rhode Island;Newport;Lawtons;W71.3022;N41.5567;12;
3;USA;Rhode Island;Newport;Little Compton;W71.1711;N41.51;12;
3;USA;Rhode Island;Newport;Melville;W71.2833;N41.5869;12;
3;USA;Rhode Island;Newport;Middletown;W71.2914;N41.5456;12;
3;USA;Rhode Island;Newport;Nag Creek;W71.3289;N41.6492;12;
3;USA;Rhode Island;Newport;Narragansett Terrace;W71.3828;N41.55;12;
3;USA;Rhode Island;Newport;Newport;W71.3128;N41.49;12;
3;USA;Rhode Island;Newport;North Tiverton;W71.1914;N41.6647;12;
3;USA;Rhode Island;Newport;Paradise Mobile Home Park;W71.2781;N41.5006;12;
3;USA;Rhode Island;Newport;Pocasset Heights;W71.2506;N41.63;12;
3;USA;Rhode Island;Newport;Portsmouth Park;W71.2408;N41.6183;12;
3;USA;Rhode Island;Newport;Portsmouth;W71.2503;N41.6022;12;
3;USA;Rhode Island;Newport;Pottersville;W71.1328;N41.525;12;
3;USA;Rhode Island;Newport;Prudence Park;W71.3297;N41.6042;12;
3;USA;Rhode Island;Newport;Purgatory;W71.2756;N41.4839;12;
3;USA;Rhode Island;Newport;Sachuest;W71.2414;N41.4803;12;
3;USA;Rhode Island;Newport;Sakonnet;W71.1944;N41.4625;12;
3;USA;Rhode Island;Newport;South Portsmouth;W71.2611;N41.5447;12;
3;USA;Rhode Island;Newport;Tiverton Four Corners;W71.1878;N41.5708;12;
3;USA;Rhode Island;Newport;Tiverton;W71.2133;N41.6258;12;
3;USA;Rhode Island;Newport;Whitehall;W71.2769;N41.5142;12;
3;USA;Rhode Island;Newport;Wightmans Corner;W71.5358;N41.62;12;
3;USA;Rhode Island;Newport;Woods Corner;W71.5439;N41.6236;12;
3;USA;Rhode Island;Providence;Abbott Run;W71.3889;N41.9553;12;
3;USA;Rhode Island;Providence;Albion;W71.4544;N41.9511;12;
3;USA;Rhode Island;Providence;Allendale;W71.4706;N41.85;12;
3;USA;Rhode Island;Providence;Armington Corner;W71.3633;N41.7981;12;
3;USA;Rhode Island;Providence;Arnold Mills;W71.3919;N41.9783;12;
3;USA;Rhode Island;Providence;Ashton;W71.4306;N41.9389;12;
3;USA;Rhode Island;Providence;Auburn;W71.4278;N41.7739;12;
3;USA;Rhode Island;Providence;Bellefonte;W71.4094;N41.7686;12;
3;USA;Rhode Island;Providence;Berkeley;W71.4228;N41.9297;12;
3;USA;Rhode Island;Providence;Bishop Heights;W71.5575;N41.8264;12;
3;USA;Rhode Island;Providence;Branch Village;W71.5486;N41.9986;12;
3;USA;Rhode Island;Providence;Bridgeton;W71.705;N41.9656;12;
3;USA;Rhode Island;Providence;Carpenters Corner;W71.3561;N41.8217;12;
3;USA;Rhode Island;Providence;Centerdale;W71.4786;N41.8564;12;
3;USA;Rhode Island;Providence;Central Falls;W71.3922;N41.8906;12;
3;USA;Rhode Island;Providence;Chepachet;W71.6714;N41.915;12;
3;USA;Rhode Island;Providence;Cherry Valley;W71.6744;N41.8708;12;
3;USA;Rhode Island;Providence;Chopmist;W71.6703;N41.8253;12;
3;USA;Rhode Island;Providence;Christian Hill;W71.4197;N41.8144;12;
3;USA;Rhode Island;Providence;Clarkville;W71.7911;N41.9222;12;
3;USA;Rhode Island;Providence;Clayville;W71.6756;N41.7778;12;
3;USA;Rhode Island;Providence;Comstock Gardens;W71.5228;N41.7775;12;
3;USA;Rhode Island;Providence;Cranston;W71.4372;N41.7797;12;
3;USA;Rhode Island;Providence;Cumberland Hill;W71.4669;N41.9744;12;
3;USA;Rhode Island;Providence;Cumberland;W71.4328;N41.9667;12;
3;USA;Rhode Island;Providence;Darlington;W71.3631;N41.885;12;
3;USA;Rhode Island;Providence;Diamond Hill;W71.4119;N41.9878;12;
3;USA;Rhode Island;Providence;Dyerville;W71.4581;N41.8258;12;
3;USA;Rhode Island;Providence;East Providence Center;W71.3478;N41.8344;12;
3;USA;Rhode Island;Providence;East Providence;W71.37;N41.8136;12;
3;USA;Rhode Island;Providence;Edgewood;W71.3975;N41.7814;12;
3;USA;Rhode Island;Providence;Elmwood;W71.4261;N41.7978;12;
3;USA;Rhode Island;Providence;Esmond;W71.4944;N41.8722;12;
3;USA;Rhode Island;Providence;Fairlawn;W71.4128;N41.8761;12;
3;USA;Rhode Island;Providence;Fiskeville;W71.5481;N41.7342;12;
3;USA;Rhode Island;Providence;Forestdale;W71.5633;N41.9944;12;
3;USA;Rhode Island;Providence;Foster;W71.7581;N41.8536;12;
3;USA;Rhode Island;Providence;Fountain Spring;W71.5311;N41.8617;12;
3;USA;Rhode Island;Providence;Foxes Hill;W71.3994;N41.8167;12;
3;USA;Rhode Island;Providence;Fruit Hill;W71.4619;N41.85;12;
3;USA;Rhode Island;Providence;Garden City;W71.4517;N41.7622;12;
3;USA;Rhode Island;Providence;Gazzaville;W71.6467;N41.9397;12;
3;USA;Rhode Island;Providence;Geneva;W71.4428;N41.8572;12;
3;USA;Rhode Island;Providence;Georgiaville;W71.5083;N41.8869;12;
3;USA;Rhode Island;Providence;Glendale;W71.6325;N41.9761;12;
3;USA;Rhode Island;Providence;Globe;W71.5236;N41.9903;12;
3;USA;Rhode Island;Providence;Graniteville;W71.68;N41.9681;12;
3;USA;Rhode Island;Providence;Grants Mills;W71.4161;N42.0083;12;
3;USA;Rhode Island;Providence;Greenville;W71.5519;N41.8711;12;
3;USA;Rhode Island;Providence;Greystone;W71.4903;N41.8664;12;
3;USA;Rhode Island;Providence;Hamlet;W71.5047;N42.0008;12;
3;USA;Rhode Island;Providence;Happy Hollow;W71.3886;N41.9036;12;
3;USA;Rhode Island;Providence;Harmony;W71.5967;N41.8878;12;
3;USA;Rhode Island;Providence;Harrisdale;W71.6019;N41.8494;12;
3;USA;Rhode Island;Providence;Harrisville;W71.6744;N41.9656;12;
3;USA;Rhode Island;Providence;Hope;W71.5625;N41.7333;12;
3;USA;Rhode Island;Providence;Hopkins Mills;W71.7028;N41.8222;12;
3;USA;Rhode Island;Providence;Hughesdale;W71.4936;N41.8081;12;
3;USA;Rhode Island;Providence;Huntsville;W71.7125;N41.9639;12;
3;USA;Rhode Island;Providence;Ingrams Corner;W71.3697;N41.8147;12;
3;USA;Rhode Island;Providence;Jackson;W71.5494;N41.7386;12;
3;USA;Rhode Island;Providence;Kent Corner;W71.3511;N41.7719;12;
3;USA;Rhode Island;Providence;Kent Heights;W71.3636;N41.8028;12;
3;USA;Rhode Island;Providence;Knightsville;W71.4622;N41.7814;12;
3;USA;Rhode Island;Providence;Laurel Hill;W71.7089;N41.9678;12;
3;USA;Rhode Island;Providence;Leonard Corner;W71.3592;N41.8108;12;
3;USA;Rhode Island;Providence;Lime Rock;W71.4503;N41.9286;12;
3;USA;Rhode Island;Providence;Lippitt Estate;W71.42;N41.9561;12;
3;USA;Rhode Island;Providence;Lonsdale;W71.4036;N41.9072;12;
3;USA;Rhode Island;Providence;Luthers Corners;W71.3392;N41.8083;12;
3;USA;Rhode Island;Providence;Lymansville;W71.4725;N41.8414;12;
3;USA;Rhode Island;Providence;Manton;W71.4683;N41.8364;12;
3;USA;Rhode Island;Providence;Manville;W71.4736;N41.9697;12;
3;USA;Rhode Island;Providence;Mapleville;W71.6486;N41.9481;12;
3;USA;Rhode Island;Providence;Marieville;W71.4339;N41.8683;12;
3;USA;Rhode Island;Providence;Merino;W71.4647;N41.8211;12;
3;USA;Rhode Island;Providence;Meshanticut;W71.4689;N41.7667;12;
3;USA;Rhode Island;Providence;Mohegan;W71.6225;N41.9858;12;
3;USA;Rhode Island;Providence;Monastery Heights;W71.3986;N41.9361;12;
3;USA;Rhode Island;Providence;Moosup Valley;W71.7606;N41.7369;12;
3;USA;Rhode Island;Providence;Nasonville;W71.6167;N41.9817;12;
3;USA;Rhode Island;Providence;North Foster;W71.7506;N41.8314;12;
3;USA;Rhode Island;Providence;North Providence;W71.4661;N41.85;12;
3;USA;Rhode Island;Providence;North Scituate;W71.5872;N41.8317;12;
3;USA;Rhode Island;Providence;North Smithfield;W71.5494;N41.9667;12;
3;USA;Rhode Island;Providence;Oak Valley;W71.5997;N41.9656;12;
3;USA;Rhode Island;Providence;Oakland;W71.6478;N41.9572;12;
3;USA;Rhode Island;Providence;Oaklawn;W71.4772;N41.7519;12;
3;USA;Rhode Island;Providence;Olneyville;W71.4464;N41.8147;12;
3;USA;Rhode Island;Providence;Pascoag;W71.7022;N41.9556;12;
3;USA;Rhode Island;Providence;Pawtucket;W71.3825;N41.8786;12;
3;USA;Rhode Island;Providence;Phillipsdale;W71.3658;N41.8469;12;
3;USA;Rhode Island;Providence;Pocasset;W71.4406;N41.7553;12;
3;USA;Rhode Island;Providence;Primrose;W71.5564;N41.9542;12;
3;USA;Rhode Island;Providence;Providence;W71.4128;N41.8239;12;
3;USA;Rhode Island;Providence;Quinnville;W71.4333;N41.9325;12;
3;USA;Rhode Island;Providence;Riverside;W71.3647;N41.7672;12;
3;USA;Rhode Island;Providence;Round Top;W71.7003;N41.9997;12;
3;USA;Rhode Island;Providence;Rumford;W71.3519;N41.8453;12;
3;USA;Rhode Island;Providence;Saundersville;W71.5742;N41.8156;12;
3;USA;Rhode Island;Providence;Sayles Bleachery;W71.4142;N41.895;12;
3;USA;Rhode Island;Providence;Saylesville Highlands;W71.4208;N41.8908;12;
3;USA;Rhode Island;Providence;Saylesville;W71.4131;N41.8986;12;
3;USA;Rhode Island;Providence;Silver Spring;W71.3675;N41.7892;12;
3;USA;Rhode Island;Providence;Simmons Corner;W71.7339;N41.815;12;
3;USA;Rhode Island;Providence;Simmonsville;W71.5014;N41.8011;12;
3;USA;Rhode Island;Providence;Six Corners;W71.3681;N41.8203;12;
3;USA;Rhode Island;Providence;Slatersville;W71.5797;N42.0003;12;
3;USA;Rhode Island;Providence;Smithfield;W71.5494;N41.9219;12;
3;USA;Rhode Island;Providence;Social;W71.5083;N42.0039;12;
3;USA;Rhode Island;Providence;Sockanosset;W71.4642;N41.7528;12;
3;USA;Rhode Island;Providence;South Foster;W71.7036;N41.8228;12;
3;USA;Rhode Island;Providence;Spragueville;W71.5411;N41.8906;12;
3;USA;Rhode Island;Providence;Spring Grove;W71.6525;N41.9131;12;
3;USA;Rhode Island;Providence;Stillwater;W71.5225;N41.9078;12;
3;USA;Rhode Island;Providence;Tarkiln;W71.6061;N41.955;12;
3;USA;Rhode Island;Providence;Thornton;W71.4783;N41.7942;12;
3;USA;Rhode Island;Providence;Union Village;W71.5392;N41.9911;12;
3;USA;Rhode Island;Providence;Valley Falls;W71.3906;N41.9067;12;
3;USA;Rhode Island;Providence;Vernon;W71.7172;N41.7192;12;
3;USA;Rhode Island;Providence;Vue de l'eau;W71.3692;N41.7878;12;
3;USA;Rhode Island;Providence;Waldron Corners;W71.6028;N41.8739;12;
3;USA;Rhode Island;Providence;Wanskuck;W71.4367;N41.8533;12;
3;USA;Rhode Island;Providence;Waterford;W71.5383;N42.0125;12;
3;USA;Rhode Island;Providence;Wayland;W71.4667;N41.7764;12;
3;USA;Rhode Island;Providence;Wescott Beach;W71.6897;N41.8864;12;
3;USA;Rhode Island;Providence;West Glocester;W71.7922;N41.9167;12;
3;USA;Rhode Island;Providence;West Greenville;W71.5714;N41.8775;12;
3;USA;Rhode Island;Providence;Whipple;W71.6569;N41.9642;12;
3;USA;Rhode Island;Providence;Woodlawn;W71.3992;N41.8667;12;
3;USA;Rhode Island;Providence;Woodville;W71.4458;N41.8622;12;
3;USA;Rhode Island;Providence;Woonsocket;W71.5147;N42.0028;12;
3;USA;Rhode Island;Washington;Allenton;W71.4678;N41.5439;12;
3;USA;Rhode Island;Washington;Alton;W71.7172;N41.4375;12;
3;USA;Rhode Island;Washington;Annaquatucket;W71.4481;N41.5514;12;
3;USA;Rhode Island;Washington;Arcadia;W71.6967;N41.5556;12;
3;USA;Rhode Island;Washington;Ashaway;W71.7856;N41.4233;12;
3;USA;Rhode Island;Washington;Austin;W71.655;N41.5906;12;
3;USA;Rhode Island;Washington;Avondale;W71.8353;N41.3344;12;
3;USA;Rhode Island;Washington;Barberville;W71.6986;N41.5392;12;
3;USA;Rhode Island;Washington;Belleville;W71.4686;N41.5539;12;
3;USA;Rhode Island;Washington;Bethel;W71.7906;N41.4286;12;
3;USA;Rhode Island;Washington;Black Plain;W71.6522;N41.5844;12;
3;USA;Rhode Island;Washington;Bonnet Shores;W71.4214;N41.4825;12;
3;USA;Rhode Island;Washington;Bradford;W71.7369;N41.3989;12;
3;USA;Rhode Island;Washington;Bridgetown;W71.445;N41.4872;12;
3;USA;Rhode Island;Washington;Brudickville;W71.7297;N41.4178;12;
3;USA;Rhode Island;Washington;Burdickville;W71.7328;N41.4181;12;
3;USA;Rhode Island;Washington;Canonchet;W71.7328;N41.49;12;
3;USA;Rhode Island;Washington;Carolina;W71.6633;N41.4569;12;
3;USA;Rhode Island;Washington;Centerville;W71.7464;N41.5222;12;
3;USA;Rhode Island;Washington;Charlestown Beach;W71.6278;N41.3681;12;
3;USA;Rhode Island;Washington;Charlestown;W71.6417;N41.3831;12;
3;USA;Rhode Island;Washington;Cold Spring Beach;W71.4433;N41.5667;12;
3;USA;Rhode Island;Washington;Columbia Heights;W71.6381;N41.4422;12;
3;USA;Rhode Island;Washington;Curtis Corner;W71.5283;N41.4539;12;
3;USA;Rhode Island;Washington;Davisville;W71.4753;N41.6133;12;
3;USA;Rhode Island;Washington;Dunn Corner;W71.7686;N41.3514;12;
3;USA;Rhode Island;Washington;Dunn Landing;W71.6064;N41.1814;12;
3;USA;Rhode Island;Washington;Ellis Flats;W71.6981;N41.4558;12;
3;USA;Rhode Island;Washington;Exeter;W71.5375;N41.5775;12;
3;USA;Rhode Island;Washington;Fisherville;W71.5622;N41.5647;12;
3;USA;Rhode Island;Washington;Fort Ninigret;W71.6492;N41.3806;12;
3;USA;Rhode Island;Washington;Galilee;W71.5114;N41.3769;12;
3;USA;Rhode Island;Washington;Galilee;W71.5131;N41.3767;12;
3;USA;Rhode Island;Washington;Gardners Corner;W71.5333;N41.5472;12;
3;USA;Rhode Island;Washington;Glen Rock;W71.6022;N41.5167;12;
3;USA;Rhode Island;Washington;Gould;W71.5203;N41.4583;12;
3;USA;Rhode Island;Washington;Green Hill;W71.5947;N41.3678;12;
3;USA;Rhode Island;Washington;Hamilton;W71.4411;N41.5483;12;
3;USA;Rhode Island;Washington;Haversham;W71.7367;N41.3472;12;
3;USA;Rhode Island;Washington;Hillsdale;W71.6403;N41.5214;12;
3;USA;Rhode Island;Washington;Hope Valley;W71.7161;N41.5075;12;
3;USA;Rhode Island;Washington;Hopkinton;W71.7775;N41.4611;12;
3;USA;Rhode Island;Washington;Indian Lake Shores;W71.4608;N41.4747;12;
3;USA;Rhode Island;Washington;Isaacs Corner;W71.58;N41.1642;12;
3;USA;Rhode Island;Washington;Jerusalem;W71.5175;N41.3767;12;
3;USA;Rhode Island;Washington;Kenyon;W71.6256;N41.4469;12;
3;USA;Rhode Island;Washington;Kiefer Park;W71.4342;N41.5894;12;
3;USA;Rhode Island;Washington;Kingston Station;W71.5619;N41.4839;12;
3;USA;Rhode Island;Washington;Kingston;W71.5225;N41.4803;12;
3;USA;Rhode Island;Washington;Lafayette;W71.4772;N41.5706;12;
3;USA;Rhode Island;Washington;Langworthy Corner;W71.7686;N41.3419;12;
3;USA;Rhode Island;Washington;Lewis City;W71.7106;N41.5975;12;
3;USA;Rhode Island;Washington;Liberty;W71.5733;N41.54;12;
3;USA;Rhode Island;Washington;Locustville;W71.7119;N41.51;12;
3;USA;Rhode Island;Washington;Matunuck;W71.5458;N41.3783;12;
3;USA;Rhode Island;Washington;McGowan Corners;W71.7617;N41.3789;12;
3;USA;Rhode Island;Washington;Millville;W71.6819;N41.5742;12;
3;USA;Rhode Island;Washington;Misquamicut;W71.8161;N41.3222;12;
3;USA;Rhode Island;Washington;Mooresfield;W71.4878;N41.4906;12;
3;USA;Rhode Island;Washington;Moscow;W71.7414;N41.5228;12;
3;USA;Rhode Island;Washington;Mount View;W71.4106;N41.6356;12;
3;USA;Rhode Island;Washington;Narragansett Beach;W71.4511;N41.4372;12;
3;USA;Rhode Island;Washington;Narragansett Pier;W71.4564;N41.4322;12;
3;USA;Rhode Island;Washington;Narragansett;W71.4494;N41.45;12;
3;USA;Rhode Island;Washington;New Shoreham Center;W71.5772;N41.1714;12;
3;USA;Rhode Island;Washington;New Shoreham;W71.5578;N41.1722;12;
3;USA;Rhode Island;Washington;North Kingston Beach;W71.4147;N41.6097;12;
3;USA;Rhode Island;Washington;North Kingstown;W71.4661;N41.55;12;
3;USA;Rhode Island;Washington;North Quidnessett;W71.4189;N41.6386;12;
3;USA;Rhode Island;Washington;Old Harbor Landing;W71.5486;N41.1661;12;
3;USA;Rhode Island;Washington;Peace Dale;W71.4986;N41.4511;12;
3;USA;Rhode Island;Washington;Perryville;W71.5611;N41.3997;12;
3;USA;Rhode Island;Washington;Pettaquamscutt Lake Shores;W71.4458;N41.4931;12;
3;USA;Rhode Island;Washington;Pine Hill;W71.6272;N41.5778;12;
3;USA;Rhode Island;Washington;Plum Beach;W71.4158;N41.5242;12;
3;USA;Rhode Island;Washington;Plum Point;W71.4222;N41.5306;12;
3;USA;Rhode Island;Washington;Point Judith;W71.4867;N41.3653;12;
3;USA;Rhode Island;Washington;Potter Hill;W71.7989;N41.4136;12;
3;USA;Rhode Island;Washington;Quidnessett;W71.4533;N41.6272;12;
3;USA;Rhode Island;Washington;Quonochontaug Beach;W71.7217;N41.3317;12;
3;USA;Rhode Island;Washington;Quonochontaug;W71.7083;N41.3356;12;
3;USA;Rhode Island;Washington;Rockville;W71.7611;N41.5197;12;
3;USA;Rhode Island;Washington;Rocky Brook;W71.5033;N41.4536;12;
3;USA;Rhode Island;Washington;Saunderstown;W71.4244;N41.5078;12;
3;USA;Rhode Island;Washington;Scarborough Hills;W71.4772;N41.3886;12;
3;USA;Rhode Island;Washington;Seaweed Beach;W71.4897;N41.3708;12;
3;USA;Rhode Island;Washington;Shady Harbor;W71.7208;N41.3486;12;
3;USA;Rhode Island;Washington;Shannock;W71.6367;N41.4483;12;
3;USA;Rhode Island;Washington;Shelter Harbor;W71.73;N41.3417;12;
3;USA;Rhode Island;Washington;Shore Acres;W71.4361;N41.5825;12;
3;USA;Rhode Island;Washington;Slocum;W71.5161;N41.5306;12;
3;USA;Rhode Island;Washington;Snug Harbor;W71.52;N41.3889;12;
3;USA;Rhode Island;Washington;South Ferry;W71.4211;N41.4922;12;
3;USA;Rhode Island;Washington;South Hopkinton;W71.7586;N41.4119;12;
3;USA;Rhode Island;Washington;Stillmanville;W71.8228;N41.3914;12;
3;USA;Rhode Island;Washington;Tripps Corner;W71.6008;N41.5425;12;
3;USA;Rhode Island;Washington;Tuckertown Four Corners;W71.5592;N41.4283;12;
3;USA;Rhode Island;Washington;Tuckertown;W71.5425;N41.4303;12;
3;USA;Rhode Island;Washington;Tug Hollow;W71.645;N41.5597;12;
3;USA;Rhode Island;Washington;Usquepaug;W71.6089;N41.5031;12;
3;USA;Rhode Island;Washington;Wakefield;W71.5014;N41.4372;12;
3;USA;Rhode Island;Washington;Watch Hill;W71.8497;N41.3136;12;
3;USA;Rhode Island;Washington;Weekapaug Beach;W71.6953;N41.3303;12;
3;USA;Rhode Island;Washington;Weekapaug;W71.755;N41.3308;12;
3;USA;Rhode Island;Washington;West Kingston;W71.5514;N41.4831;12;
3;USA;Rhode Island;Washington;Westerly;W71.8272;N41.3775;12;
3;USA;Rhode Island;Washington;White Rock;W71.8386;N41.4003;12;
3;USA;Rhode Island;Washington;Wickford Junction;W71.4914;N41.5792;12;
3;USA;Rhode Island;Washington;Wickford;W71.4614;N41.5739;12;
3;USA;Rhode Island;Washington;Wood River Junction;W71.6944;N41.4361;12;
3;USA;Rhode Island;Washington;Woodville;W71.7186;N41.4594;12;
3;USA;Rhode Island;Washington;Wyoming;W71.7014;N41.5153;12;
