2;USA;Vermont;Addison;;W73.1161;N44.05;9;
2;USA;Vermont;Bennington;;W73.0994;N43.0333;9;
2;USA;Vermont;Caledonia;;W72.0994;N44.45;9;
2;USA;Vermont;Chittenden;;W73.0494;N44.45;9;
2;USA;Vermont;Essex;;W71.75;N44.6833;9;
2;USA;Vermont;Franklin;;W72.8661;N44.85;9;
2;USA;Vermont;Grand Isle;;W73.2994;N44.8167;9;
2;USA;Vermont;Lamoille;;W72.6328;N44.5833;9;
2;USA;Vermont;Orange;;W72.4494;N44.0006;9;
2;USA;Vermont;Orleans;;W72.2328;N44.8167;9;
2;USA;Vermont;Rutland;;W73.0161;N43.6167;9;
2;USA;Vermont;Washington;;W72.6161;N44.1167;9;
2;USA;Vermont;Windham;;W72.7328;N42.9833;9;
2;USA;Vermont;Windsor;;W72.5661;N43.55;9;
3;USA;Vermont;Addison;Addison;W73.3025;N44.0886;12;
3;USA;Vermont;Addison;Barnumtown;W73.1633;N44.2081;12;
3;USA;Vermont;Addison;Beldens;W73.1753;N44.0511;12;
3;USA;Vermont;Addison;Birdport;W73.3125;N43.985;12;
3;USA;Vermont;Addison;Bread Loaf;W72.9925;N43.9533;12;
3;USA;Vermont;Addison;Bristol;W73.0789;N44.1333;12;
3;USA;Vermont;Addison;Brooksville;W73.1728;N44.0656;12;
3;USA;Vermont;Addison;Chimney Point;W73.4181;N44.0361;12;
3;USA;Vermont;Addison;Coleman Corner;W73.2217;N44.2586;12;
3;USA;Vermont;Addison;Cornwall;W73.2103;N43.9608;12;
3;USA;Vermont;Addison;Cream Hill;W73.3397;N43.9314;12;
3;USA;Vermont;Addison;Downingville;W72.9822;N44.1331;12;
3;USA;Vermont;Addison;East Granville;W72.7594;N44.0169;12;
3;USA;Vermont;Addison;East Middlebury;W73.1061;N43.9733;12;
3;USA;Vermont;Addison;East Monkton;W73.1144;N44.2089;12;
3;USA;Vermont;Addison;East Shoreham;W73.2528;N43.8603;12;
3;USA;Vermont;Addison;Ecole Champlain;W73.2964;N44.2417;12;
3;USA;Vermont;Addison;Farmingdale;W73.135;N43.9647;12;
3;USA;Vermont;Addison;Fernville;W73.0678;N43.8608;12;
3;USA;Vermont;Addison;Ferrisburgh;W73.2461;N44.2056;12;
3;USA;Vermont;Addison;Goodrich Corner;W73.3789;N44.0964;12;
3;USA;Vermont;Addison;Goshen;W73.0219;N43.8494;12;
3;USA;Vermont;Addison;Granville;W72.8461;N43.9847;12;
3;USA;Vermont;Addison;Hancock;W72.8411;N43.9261;12;
3;USA;Vermont;Addison;Hough Crossing;W73.3175;N43.8264;12;
3;USA;Vermont;Addison;Jerusalem;W72.9703;N44.1697;12;
3;USA;Vermont;Addison;Lake Dunmore;W73.0869;N43.9089;12;
3;USA;Vermont;Addison;Leicester Junction;W73.1503;N43.8558;12;
3;USA;Vermont;Addison;Leicester;W73.1078;N43.8667;12;
3;USA;Vermont;Addison;Lincoln;W72.9969;N44.1058;12;
3;USA;Vermont;Addison;Lower Granville;W72.8428;N43.9683;12;
3;USA;Vermont;Addison;Middlebury;W73.1672;N44.0153;12;
3;USA;Vermont;Addison;Monkton Boro;W73.1439;N44.2375;12;
3;USA;Vermont;Addison;Monkton Ridge;W73.1242;N44.2544;12;
3;USA;Vermont;Addison;New Haven Junction;W73.1836;N44.1233;12;
3;USA;Vermont;Addison;New Haven Mills;W73.1086;N44.0917;12;
3;USA;Vermont;Addison;New Haven;W73.1536;N44.1244;12;
3;USA;Vermont;Addison;North Ferrisburgh;W73.2111;N44.2594;12;
3;USA;Vermont;Addison;Orwell;W73.2978;N43.8039;12;
3;USA;Vermont;Addison;Palmer Corner;W73.3731;N44.0044;12;
3;USA;Vermont;Addison;Panton;W73.3403;N44.1486;12;
3;USA;Vermont;Addison;Piper Crossing;W73.1647;N43.9689;12;
3;USA;Vermont;Addison;Richville;W73.2717;N43.8739;12;
3;USA;Vermont;Addison;Ripton;W73.0339;N43.9736;12;
3;USA;Vermont;Addison;Rock Landing;W73.315;N44.1989;12;
3;USA;Vermont;Addison;Rockville;W73.0642;N44.2456;12;
3;USA;Vermont;Addison;Rocky Dale;W73.0489;N44.1292;12;
3;USA;Vermont;Addison;Salisbury Station;W73.1608;N43.9181;12;
3;USA;Vermont;Addison;Salisbury;W73.0997;N43.8964;12;
3;USA;Vermont;Addison;Satans Kingdom;W73.0642;N43.8764;12;
3;USA;Vermont;Addison;Shoreham;W73.3158;N43.8936;12;
3;USA;Vermont;Addison;South Lincoln;W72.9725;N44.0714;12;
3;USA;Vermont;Addison;South Starksboro;W73.0136;N44.1625;12;
3;USA;Vermont;Addison;Starksboro;W73.0572;N44.2272;12;
3;USA;Vermont;Addison;Vergennes;W73.2539;N44.1672;12;
3;USA;Vermont;Addison;West Addison;W73.3942;N44.0817;12;
3;USA;Vermont;Addison;West Bridport;W73.3958;N43.9567;12;
3;USA;Vermont;Addison;West Cornwall;W73.2344;N43.9436;12;
3;USA;Vermont;Addison;West Lincoln;W73.02;N44.1189;12;
3;USA;Vermont;Addison;West Salisbury;W73.1511;N43.9228;12;
3;USA;Vermont;Addison;Weybridge Hill;W73.2131;N44.0383;12;
3;USA;Vermont;Addison;Weybridge;W73.2156;N44.0664;12;
3;USA;Vermont;Addison;Whiting;W73.2003;N43.8639;12;
3;USA;Vermont;Addison;Willow Point;W73.4;N44.0225;12;
3;USA;Vermont;Bennington;Arlington;W73.1539;N43.0747;12;
3;USA;Vermont;Bennington;Barnumville;W73.0211;N43.1897;12;
3;USA;Vermont;Bennington;Beartown;W73.1294;N43.1897;12;
3;USA;Vermont;Bennington;Bennington;W73.1967;N42.8781;12;
3;USA;Vermont;Bennington;Bondville;W72.8756;N43.1447;12;
3;USA;Vermont;Bennington;Bouplon Corner;W73.2664;N42.9947;12;
3;USA;Vermont;Bennington;Bromley Village;W72.9431;N43.2119;12;
3;USA;Vermont;Bennington;Chiselville;W73.1344;N43.0711;12;
3;USA;Vermont;Bennington;Cozy Meadow Mobile Home Park;W73.22;N42.8;12;
3;USA;Vermont;Bennington;Dorset;W73.0986;N43.2547;12;
3;USA;Vermont;Bennington;East Arlington;W73.1406;N43.0603;12;
3;USA;Vermont;Bennington;East Dorset;W73.0092;N43.2397;12;
3;USA;Vermont;Bennington;East Kansas;W73.1183;N43.0578;12;
3;USA;Vermont;Bennington;East Rupert;W73.125;N43.2731;12;
3;USA;Vermont;Bennington;Fayville;W73.1114;N43.0061;12;
3;USA;Vermont;Bennington;Forest Farms;W72.8769;N43.1278;12;
3;USA;Vermont;Bennington;Freedleyville;W73.0078;N43.2575;12;
3;USA;Vermont;Bennington;French Hollow;W72.8817;N43.1792;12;
3;USA;Vermont;Bennington;Glastenbury;W73.0828;N43.0003;12;
3;USA;Vermont;Bennington;Heartwellville;W72.9875;N42.8297;12;
3;USA;Vermont;Bennington;Hidden Valley;W73.1961;N43.0008;12;
3;USA;Vermont;Bennington;Intervale;W72.8886;N43.1442;12;
3;USA;Vermont;Bennington;Kansas;W73.1308;N43.0578;12;
3;USA;Vermont;Bennington;Landgrove Town Center;W72.8647;N43.2367;12;
3;USA;Vermont;Bennington;MacIntyre;W73.0711;N43.0239;12;
3;USA;Vermont;Bennington;Manchester Center;W73.0569;N43.1769;12;
3;USA;Vermont;Bennington;Manchester Depot;W73.0356;N43.1739;12;
3;USA;Vermont;Bennington;Manchester;W73.0722;N43.1636;12;
3;USA;Vermont;Bennington;North Bennington;W73.2425;N42.9303;12;
3;USA;Vermont;Bennington;North Dorset;W73.0022;N43.2839;12;
3;USA;Vermont;Bennington;North Landgrove;W72.8486;N43.2597;12;
3;USA;Vermont;Bennington;North Pownal;W73.2644;N42.7975;12;
3;USA;Vermont;Bennington;North Rupert;W73.1456;N43.2994;12;
3;USA;Vermont;Bennington;Old Bennington;W73.2133;N42.8833;12;
3;USA;Vermont;Bennington;Paper Mill Village;W73.2356;N42.9117;12;
3;USA;Vermont;Bennington;Peru;W72.8978;N43.2297;12;
3;USA;Vermont;Bennington;Piper Ridge;W72.8864;N43.1489;12;
3;USA;Vermont;Bennington;Pownal Center;W73.2231;N42.7964;12;
3;USA;Vermont;Bennington;Pownal;W73.2358;N42.7656;12;
3;USA;Vermont;Bennington;Readsboro Falls;W72.9747;N42.8033;12;
3;USA;Vermont;Bennington;Readsboro;W72.9472;N42.7717;12;
3;USA;Vermont;Bennington;Richville;W73.0517;N43.1558;12;
3;USA;Vermont;Bennington;Rupert;W73.2228;N43.2597;12;
3;USA;Vermont;Bennington;Sandgate;W73.1989;N43.1481;12;
3;USA;Vermont;Bennington;Searsburg;W72.9522;N42.8903;12;
3;USA;Vermont;Bennington;Shaftsbury Center;W73.2064;N42.9825;12;
3;USA;Vermont;Bennington;Shaftsbury;W73.1911;N43.0086;12;
3;USA;Vermont;Bennington;Sodom;W73.2656;N42.9361;12;
3;USA;Vermont;Bennington;South Dorset;W73.0733;N43.2225;12;
3;USA;Vermont;Bennington;South Shaftsbury;W73.2106;N42.9464;12;
3;USA;Vermont;Bennington;Stamford;W73.0678;N42.7561;12;
3;USA;Vermont;Bennington;Stocker Acres;W72.8739;N43.1278;12;
3;USA;Vermont;Bennington;Stratton Acres;W72.8811;N43.1383;12;
3;USA;Vermont;Bennington;Stratton Mountain;W72.9064;N43.1167;12;
3;USA;Vermont;Bennington;Stratton Valley;W72.8953;N43.1356;12;
3;USA;Vermont;Bennington;Strattonwald;W72.8814;N43.1539;12;
3;USA;Vermont;Bennington;Sunderland;W73.1031;N43.1133;12;
3;USA;Vermont;Bennington;Vermont Ventures;W72.8933;N43.1689;12;
3;USA;Vermont;Bennington;Village of Alpenwald;W73.0325;N42.8206;12;
3;USA;Vermont;Bennington;West Arlington;W73.2125;N43.1033;12;
3;USA;Vermont;Bennington;West Rupert;W73.2428;N43.2386;12;
3;USA;Vermont;Bennington;West Sandgate;W73.2458;N43.1628;12;
3;USA;Vermont;Bennington;Woodford;W73.0794;N42.8803;12;
3;USA;Vermont;Caledonia;Barnet;W72.0492;N44.2969;12;
3;USA;Vermont;Caledonia;Burke Hollow;W71.9494;N44.6225;12;
3;USA;Vermont;Caledonia;Coles Corner;W72.0575;N44.4936;12;
3;USA;Vermont;Caledonia;Danville Center;W72.1203;N44.42;12;
3;USA;Vermont;Caledonia;Danville;W72.1392;N44.4111;12;
3;USA;Vermont;Caledonia;Dows Crossing;W72.2867;N44.5008;12;
3;USA;Vermont;Caledonia;East Barnet Inwood Station;W72.0375;N44.3267;12;
3;USA;Vermont;Caledonia;East Burke;W71.9403;N44.5892;12;
3;USA;Vermont;Caledonia;East Hardwick;W72.3086;N44.5217;12;
3;USA;Vermont;Caledonia;East Lyndon;W71.9578;N44.5197;12;
3;USA;Vermont;Caledonia;East Peacham;W72.1572;N44.3381;12;
3;USA;Vermont;Caledonia;East Ryegate;W72.0611;N44.205;12;
3;USA;Vermont;Caledonia;East Saint Johnsbury;W71.9456;N44.4386;12;
3;USA;Vermont;Caledonia;Egypt;W71.9872;N44.5742;12;
3;USA;Vermont;Caledonia;Ewells Mills;W72.1714;N44.36;12;
3;USA;Vermont;Caledonia;Folsom;W71.9803;N44.5842;12;
3;USA;Vermont;Caledonia;Goslants Mill;W72.2192;N44.4644;12;
3;USA;Vermont;Caledonia;Green Bay;W72.2022;N44.3047;12;
3;USA;Vermont;Caledonia;Greenbank Hollow;W72.1211;N44.3772;12;
3;USA;Vermont;Caledonia;Groton;W72.1953;N44.2103;12;
3;USA;Vermont;Caledonia;Hardwick Center;W72.3369;N44.5297;12;
3;USA;Vermont;Caledonia;Hardwick Street;W72.2994;N44.5497;12;
3;USA;Vermont;Caledonia;Hardwick;W72.3681;N44.5047;12;
3;USA;Vermont;Caledonia;Harvey Hollow;W72.1433;N44.3833;12;
3;USA;Vermont;Caledonia;Lakeside;W72.2622;N44.2517;12;
3;USA;Vermont;Caledonia;Lower Waterford;W71.9069;N44.3544;12;
3;USA;Vermont;Caledonia;Lyndon Center;W72.0125;N44.5394;12;
3;USA;Vermont;Caledonia;Lyndon Center;W72.0128;N44.5372;12;
3;USA;Vermont;Caledonia;Lyndon;W72.0108;N44.5142;12;
3;USA;Vermont;Caledonia;Lyndonville;W72.0031;N44.5336;12;
3;USA;Vermont;Caledonia;Mackville;W72.3681;N44.49;12;
3;USA;Vermont;Caledonia;McIndoe Falls;W72.0625;N44.2614;12;
3;USA;Vermont;Caledonia;Morses Mills;W72.0919;N44.38;12;
3;USA;Vermont;Caledonia;Mosquitoville;W72.1439;N44.2703;12;
3;USA;Vermont;Caledonia;Nevesville;W72.2225;N44.45;12;
3;USA;Vermont;Caledonia;Newark Hollow;W71.9289;N44.6997;12;
3;USA;Vermont;Caledonia;North Danville;W72.0939;N44.4589;12;
3;USA;Vermont;Caledonia;North Kirby;W71.9389;N44.5158;12;
3;USA;Vermont;Caledonia;North Walden;W72.2631;N44.505;12;
3;USA;Vermont;Caledonia;Passumpsic;W72.0275;N44.3767;12;
3;USA;Vermont;Caledonia;Peacham Corner;W72.2683;N44.34;12;
3;USA;Vermont;Caledonia;Peacham;W72.1689;N44.3289;12;
3;USA;Vermont;Caledonia;Perry;W72.0861;N44.6961;12;
3;USA;Vermont;Caledonia;Ramsey Corner;W72.1106;N44.5706;12;
3;USA;Vermont;Caledonia;Ricker Mills;W72.2392;N44.2386;12;
3;USA;Vermont;Caledonia;Ryegate Corner;W72.1036;N44.2083;12;
3;USA;Vermont;Caledonia;Saint Johnsbury Center;W72.0156;N44.4567;12;
3;USA;Vermont;Caledonia;Saint Johnsbury;W72.015;N44.4192;12;
3;USA;Vermont;Caledonia;Sheffield Square;W72.1567;N44.6225;12;
3;USA;Vermont;Caledonia;Sheffield;W72.1139;N44.6019;12;
3;USA;Vermont;Caledonia;Smith Corner;W72.2711;N44.4667;12;
3;USA;Vermont;Caledonia;South Kirby;W71.9022;N44.4703;12;
3;USA;Vermont;Caledonia;South Peacham;W72.1658;N44.3147;12;
3;USA;Vermont;Caledonia;South Ryegate;W72.1408;N44.1883;12;
3;USA;Vermont;Caledonia;South Walden;W72.2897;N44.4744;12;
3;USA;Vermont;Caledonia;Stannard;W72.2142;N44.5422;12;
3;USA;Vermont;Caledonia;Summit;W72.0564;N44.6894;12;
3;USA;Vermont;Caledonia;Sunmit;W72.0572;N44.6903;12;
3;USA;Vermont;Caledonia;Sutton;W72.0256;N44.6331;12;
3;USA;Vermont;Caledonia;Taylor Bridge;W72.2925;N44.4842;12;
3;USA;Vermont;Caledonia;Walden Heights;W72.2569;N44.4522;12;
3;USA;Vermont;Caledonia;Walden;W72.2231;N44.4497;12;
3;USA;Vermont;Caledonia;West Barnet;W72.1372;N44.31;12;
3;USA;Vermont;Caledonia;West Burke;W71.9786;N44.6414;12;
3;USA;Vermont;Caledonia;West Danville;W72.195;N44.4094;12;
3;USA;Vermont;Caledonia;West Groton;W72.2433;N44.2181;12;
3;USA;Vermont;Caledonia;West Waterford;W71.9556;N44.3575;12;
3;USA;Vermont;Caledonia;Wheelock;W72.0883;N44.5881;12;
3;USA;Vermont;Chittenden;Bernard J Leddy Park;W73.2575;N44.5039;12;
3;USA;Vermont;Chittenden;Bolton;W72.8806;N44.3728;12;
3;USA;Vermont;Chittenden;Bowman Corners;W73.0569;N44.5736;12;
3;USA;Vermont;Chittenden;Brookside;W73.0419;N44.5936;12;
3;USA;Vermont;Chittenden;Burlington;W73.2119;N44.4758;12;
3;USA;Vermont;Chittenden;Butlers Corners;W73.0839;N44.5103;12;
3;USA;Vermont;Chittenden;Cedar Beach;W73.3028;N44.2917;12;
3;USA;Vermont;Chittenden;Charlotte;W73.2608;N44.3097;12;
3;USA;Vermont;Chittenden;Checkerberry Village;W73.1439;N44.6292;12;
3;USA;Vermont;Chittenden;Chimney Corner;W73.1661;N44.5881;12;
3;USA;Vermont;Chittenden;Cloverdale;W72.9311;N44.6064;12;
3;USA;Vermont;Chittenden;Colchester;W73.1478;N44.5439;12;
3;USA;Vermont;Chittenden;Cozy Corner;W73.1178;N44.6236;12;
3;USA;Vermont;Chittenden;East Charlotte;W73.1886;N44.3197;12;
3;USA;Vermont;Chittenden;Essex Center;W73.0594;N44.5119;12;
3;USA;Vermont;Chittenden;Essex Junction;W73.1108;N44.4906;12;
3;USA;Vermont;Chittenden;Fays Corner;W73.0411;N44.4017;12;
3;USA;Vermont;Chittenden;Hanksville;W72.9619;N44.2478;12;
3;USA;Vermont;Chittenden;Hinesburg;W73.1106;N44.3292;12;
3;USA;Vermont;Chittenden;Huntington Center;W72.9675;N44.2969;12;
3;USA;Vermont;Chittenden;Huntington;W72.9872;N44.3253;12;
3;USA;Vermont;Chittenden;Jericho Center;W72.9722;N44.4689;12;
3;USA;Vermont;Chittenden;Jericho;W72.9975;N44.5039;12;
3;USA;Vermont;Chittenden;Jonesville;W72.9375;N44.3839;12;
3;USA;Vermont;Chittenden;Kirby Corner;W73.1231;N44.455;12;
3;USA;Vermont;Chittenden;Malletts Bay;W73.2153;N44.5444;12;
3;USA;Vermont;Chittenden;Mechanicsville;W73.1053;N44.3439;12;
3;USA;Vermont;Chittenden;Milton;W73.1103;N44.6397;12;
3;USA;Vermont;Chittenden;Miltonboro;W73.1869;N44.6967;12;
3;USA;Vermont;Chittenden;Nashville;W72.9383;N44.4519;12;
3;USA;Vermont;Chittenden;North Underhill;W72.9322;N44.5853;12;
3;USA;Vermont;Chittenden;North Williston;W73.0461;N44.4669;12;
3;USA;Vermont;Chittenden;Nourses Corner;W73.1908;N44.5547;12;
3;USA;Vermont;Chittenden;Oakledge Park;W73.2294;N44.4531;12;
3;USA;Vermont;Chittenden;Pages Corner;W73.0747;N44.5347;12;
3;USA;Vermont;Chittenden;Prindle Corners;W73.1617;N44.3014;12;
3;USA;Vermont;Chittenden;Queen City Park;W73.22;N44.4433;12;
3;USA;Vermont;Chittenden;Redstone Park;W73.2297;N44.4492;12;
3;USA;Vermont;Chittenden;Rhode Island Corner;W73.0739;N44.3611;12;
3;USA;Vermont;Chittenden;Richmond;W72.9928;N44.4053;12;
3;USA;Vermont;Chittenden;Riverside;W72.9475;N44.5203;12;
3;USA;Vermont;Chittenden;Shelburne Falls;W73.2153;N44.3706;12;
3;USA;Vermont;Chittenden;Shelburne;W73.2275;N44.3806;12;
3;USA;Vermont;Chittenden;Shipman Hill;W73.2064;N44.5269;12;
3;USA;Vermont;Chittenden;South Burlington;W73.1708;N44.4669;12;
3;USA;Vermont;Chittenden;South Hinesburg;W73.0697;N44.2922;12;
3;USA;Vermont;Chittenden;Starr Farm Beach;W73.2733;N44.5103;12;
3;USA;Vermont;Chittenden;Stevensville;W72.8664;N44.505;12;
3;USA;Vermont;Chittenden;Tafts Corner;W73.1103;N44.4497;12;
3;USA;Vermont;Chittenden;Thayer Beach;W73.2597;N44.5508;12;
3;USA;Vermont;Chittenden;Twin Orchards;W73.21;N44.4372;12;
3;USA;Vermont;Chittenden;Underhill Center;W72.8994;N44.5075;12;
3;USA;Vermont;Chittenden;Underhill;W72.945;N44.5258;12;
3;USA;Vermont;Chittenden;Walnut Ledge;W73.1969;N44.6;12;
3;USA;Vermont;Chittenden;West Bolton;W72.8978;N44.4456;12;
3;USA;Vermont;Chittenden;West Milton;W73.1717;N44.6306;12;
3;USA;Vermont;Chittenden;West View;W73.1364;N44.6256;12;
3;USA;Vermont;Chittenden;Westford;W73.0086;N44.6119;12;
3;USA;Vermont;Chittenden;Williston;W73.0681;N44.4375;12;
3;USA;Vermont;Chittenden;Winooski;W73.1856;N44.4914;12;
3;USA;Vermont;Essex;Arlins;W71.5111;N44.9228;12;
3;USA;Vermont;Essex;Averill;W71.7103;N44.9981;12;
3;USA;Vermont;Essex;Baptist Hill;W71.7239;N44.4419;12;
3;USA;Vermont;Essex;Beecher Falls;W71.5078;N45.0081;12;
3;USA;Vermont;Essex;Bloomfield;W71.6322;N44.7539;12;
3;USA;Vermont;Essex;Browns Mill;W71.6344;N44.6856;12;
3;USA;Vermont;Essex;Brunswick Springs;W71.6322;N44.7364;12;
3;USA;Vermont;Essex;Bullthroat;W71.6483;N44.6639;12;
3;USA;Vermont;Essex;Canaan;W71.5383;N44.9961;12;
3;USA;Vermont;Essex;Concord Corner;W71.8614;N44.4014;12;
3;USA;Vermont;Essex;Concord;W71.89;N44.4289;12;
3;USA;Vermont;Essex;Damon Crossing;W71.8183;N44.5278;12;
3;USA;Vermont;Essex;East Brighton;W71.8069;N44.7858;12;
3;USA;Vermont;Essex;East Concord;W71.7536;N44.4247;12;
3;USA;Vermont;Essex;East Haven;W71.8883;N44.6642;12;
3;USA;Vermont;Essex;Gallup Mills;W71.7842;N44.575;12;
3;USA;Vermont;Essex;Gilman;W71.7222;N44.4122;12;
3;USA;Vermont;Essex;Granby;W71.7586;N44.5706;12;
3;USA;Vermont;Essex;Guildhall;W71.5597;N44.565;12;
3;USA;Vermont;Essex;Hartwellville;W71.8931;N44.6467;12;
3;USA;Vermont;Essex;Island Pond;W71.8803;N44.8147;12;
3;USA;Vermont;Essex;Lennington;W71.5508;N44.8581;12;
3;USA;Vermont;Essex;Lost Nation;W71.8436;N44.6969;12;
3;USA;Vermont;Essex;Lunenburg;W71.6819;N44.4631;12;
3;USA;Vermont;Essex;Maidstone;W71.5719;N44.6486;12;
3;USA;Vermont;Essex;Miles Pond;W71.7964;N44.4472;12;
3;USA;Vermont;Essex;Mill Village;W71.6597;N44.4975;12;
3;USA;Vermont;Essex;Moccasin Mill;W71.8014;N44.6003;12;
3;USA;Vermont;Essex;North Concord;W71.8553;N44.4683;12;
3;USA;Vermont;Essex;Norton;W71.7947;N45.01;12;
3;USA;Vermont;Essex;Ralston Corner;W71.8336;N44.4292;12;
3;USA;Vermont;Essex;Simms Hill;W71.5881;N44.8603;12;
3;USA;Vermont;Essex;South Lunenburg;W71.6792;N44.4292;12;
3;USA;Vermont;Essex;Stevens;W71.5606;N44.5981;12;
3;USA;Vermont;Essex;Texas;W71.8244;N44.4178;12;
3;USA;Vermont;Essex;Victory;W71.8458;N44.5094;12;
3;USA;Vermont;Essex;Wallace Pond;W71.6203;N45.0092;12;
3;USA;Vermont;Essex;Wenlock;W71.7531;N44.7764;12;
3;USA;Vermont;Essex;Whites Corner;W71.8844;N44.4122;12;
3;USA;Vermont;Franklin;Bakersfield;W72.8028;N44.7819;12;
3;USA;Vermont;Franklin;Beattys Four Corners;W72.8622;N44.9394;12;
3;USA;Vermont;Franklin;Beaulieus Corner;W73.0156;N44.9467;12;
3;USA;Vermont;Franklin;Berkshire;W72.7753;N44.9717;12;
3;USA;Vermont;Franklin;Binghamville;W72.9233;N44.675;12;
3;USA;Vermont;Franklin;Bordoville;W72.8186;N44.8433;12;
3;USA;Vermont;Franklin;Browns Corners;W72.9686;N44.9683;12;
3;USA;Vermont;Franklin;Camp Grounds;W72.8833;N44.9089;12;
3;USA;Vermont;Franklin;Camp Maquam;W73.1656;N44.9028;12;
3;USA;Vermont;Franklin;East Berkshire;W72.7092;N44.9353;12;
3;USA;Vermont;Franklin;East Enosburg;W72.7361;N44.8631;12;
3;USA;Vermont;Franklin;East Fairfield;W72.8583;N44.7844;12;
3;USA;Vermont;Franklin;East Fletcher;W72.8378;N44.7131;12;
3;USA;Vermont;Franklin;East Franklin;W72.8319;N44.9961;12;
3;USA;Vermont;Franklin;East Georgia;W73.0831;N44.68;12;
3;USA;Vermont;Franklin;East Highgate;W72.9878;N44.9272;12;
3;USA;Vermont;Franklin;East Richford;W72.5858;N45.0111;12;
3;USA;Vermont;Franklin;East Sheldon;W72.8739;N44.8989;12;
3;USA;Vermont;Franklin;Enosburg Center;W72.7547;N44.8833;12;
3;USA;Vermont;Franklin;Enosburg Falls;W72.8064;N44.9069;12;
3;USA;Vermont;Franklin;Fairfax Falls;W72.9878;N44.6503;12;
3;USA;Vermont;Franklin;Fairfax;W73.0086;N44.6653;12;
3;USA;Vermont;Franklin;Fairfield;W72.9456;N44.8019;12;
3;USA;Vermont;Franklin;Fletcher;W72.9136;N44.6833;12;
3;USA;Vermont;Franklin;Fonda;W73.0975;N44.8714;12;
3;USA;Vermont;Franklin;Franklin;W72.9161;N44.9819;12;
3;USA;Vermont;Franklin;Georgia Center;W73.1175;N44.7275;12;
3;USA;Vermont;Franklin;Georgia Plains;W73.1639;N44.7211;12;
3;USA;Vermont;Franklin;Gilberts Tannery;W72.76;N44.8625;12;
3;USA;Vermont;Franklin;Greens Corners;W73.0322;N44.8603;12;
3;USA;Vermont;Franklin;Hectorville;W72.6083;N44.8383;12;
3;USA;Vermont;Franklin;Highgate Center;W73.0433;N44.9389;12;
3;USA;Vermont;Franklin;Highgate Falls;W73.0497;N44.9275;12;
3;USA;Vermont;Franklin;Highgate Springs;W73.1053;N44.9794;12;
3;USA;Vermont;Franklin;Hubbard Corner;W73.1128;N44.7464;12;
3;USA;Vermont;Franklin;Huntsville;W72.9842;N44.6997;12;
3;USA;Vermont;Franklin;Maquam;W73.1608;N44.9175;12;
3;USA;Vermont;Franklin;Melville Landing;W73.1653;N44.7614;12;
3;USA;Vermont;Franklin;Montgomery;W72.6381;N44.9025;12;
3;USA;Vermont;Franklin;Morses Line;W72.9781;N45.0122;12;
3;USA;Vermont;Franklin;North Enosburg;W72.7572;N44.9203;12;
3;USA;Vermont;Franklin;North Fairfax;W73.0622;N44.7606;12;
3;USA;Vermont;Franklin;North Sheldon;W72.9069;N44.9106;12;
3;USA;Vermont;Franklin;Oakland;W73.085;N44.7431;12;
3;USA;Vermont;Franklin;Richford;W72.6711;N44.9969;12;
3;USA;Vermont;Franklin;Saint Albans Bay;W73.1392;N44.8078;12;
3;USA;Vermont;Franklin;Saint Albans;W73.0831;N44.8108;12;
3;USA;Vermont;Franklin;Saint Rocks;W72.9442;N44.8508;12;
3;USA;Vermont;Franklin;Samsonville;W72.7325;N44.9236;12;
3;USA;Vermont;Franklin;Sanderson Corner;W72.9736;N44.6711;12;
3;USA;Vermont;Franklin;Shawville;W72.9656;N44.9197;12;
3;USA;Vermont;Franklin;Sheldon Junction;W72.9475;N44.9017;12;
3;USA;Vermont;Franklin;Sheldon Springs;W72.9775;N44.9061;12;
3;USA;Vermont;Franklin;Sheldon;W72.9428;N44.8817;12;
3;USA;Vermont;Franklin;Skeels Corner;W73.0664;N44.8989;12;
3;USA;Vermont;Franklin;South Franklin;W72.8467;N44.9417;12;
3;USA;Vermont;Franklin;South Franklin;W72.8661;N44.9114;12;
3;USA;Vermont;Franklin;South Richford;W72.6517;N44.9342;12;
3;USA;Vermont;Franklin;Swanton Junction;W73.0986;N44.8778;12;
3;USA;Vermont;Franklin;Swanton;W73.1242;N44.9181;12;
3;USA;Vermont;Franklin;West Berkshire;W72.8136;N44.9892;12;
3;USA;Vermont;Franklin;West Enosburg;W72.7978;N44.8719;12;
3;USA;Vermont;Franklin;West Fletcher;W72.9367;N44.705;12;
3;USA;Vermont;Franklin;West Georgia;W73.1539;N44.7025;12;
3;USA;Vermont;Franklin;West Hill;W72.6594;N44.8647;12;
3;USA;Vermont;Franklin;West Swanton;W73.2122;N44.9689;12;
3;USA;Vermont;Grand Isle;Adams Landing;W73.3319;N44.7361;12;
3;USA;Vermont;Grand Isle;Alburg Center;W73.2697;N44.9536;12;
3;USA;Vermont;Grand Isle;Alburg Springs;W73.2228;N44.9919;12;
3;USA;Vermont;Grand Isle;Alburg Travel Trailer Park;W73.2481;N44.9622;12;
3;USA;Vermont;Grand Isle;Alburg;W73.3;N44.975;12;
3;USA;Vermont;Grand Isle;East Alburg;W73.2294;N44.9731;12;
3;USA;Vermont;Grand Isle;Gordon Landing;W73.3467;N44.6886;12;
3;USA;Vermont;Grand Isle;Grand Isle Station;W73.3292;N44.7006;12;
3;USA;Vermont;Grand Isle;Grand Isle;W73.2922;N44.7225;12;
3;USA;Vermont;Grand Isle;Isle la Motte;W73.3386;N44.8769;12;
3;USA;Vermont;Grand Isle;Keeler Bay;W73.3194;N44.6597;12;
3;USA;Vermont;Grand Isle;North Hero;W73.2892;N44.8175;12;
3;USA;Vermont;Grand Isle;Pearl;W73.3267;N44.6875;12;
3;USA;Vermont;Grand Isle;South Alburg;W73.2783;N44.8875;12;
3;USA;Vermont;Grand Isle;South Hero;W73.3022;N44.6453;12;
3;USA;Vermont;Lamoille;Belvidere Center;W72.6911;N44.75;12;
3;USA;Vermont;Lamoille;Belvidere Junction;W72.7425;N44.7369;12;
3;USA;Vermont;Lamoille;Cadys Falls;W72.6117;N44.5781;12;
3;USA;Vermont;Lamoille;Cambridge Junction;W72.8133;N44.6492;12;
3;USA;Vermont;Lamoille;Cambridge;W72.8761;N44.6447;12;
3;USA;Vermont;Lamoille;Centerville;W72.5861;N44.6192;12;
3;USA;Vermont;Lamoille;Cleveland Corners;W72.5625;N44.5936;12;
3;USA;Vermont;Lamoille;East Johnson;W72.6614;N44.64;12;
3;USA;Vermont;Lamoille;Eden Mills;W72.53;N44.7133;12;
3;USA;Vermont;Lamoille;Eden;W72.5456;N44.7072;12;
3;USA;Vermont;Lamoille;Garfield;W72.5361;N44.6025;12;
3;USA;Vermont;Lamoille;Hyde Park;W72.6164;N44.5939;12;
3;USA;Vermont;Lamoille;Ithiel Falls;W72.7244;N44.6492;12;
3;USA;Vermont;Lamoille;Jeffersonville;W72.8292;N44.6439;12;
3;USA;Vermont;Lamoille;Johnson;W72.6803;N44.6356;12;
3;USA;Vermont;Lamoille;Lake Elmore;W72.5253;N44.5425;12;
3;USA;Vermont;Lamoille;Lower Village;W72.6942;N44.4561;12;
3;USA;Vermont;Lamoille;Morristown;W72.6236;N44.5572;12;
3;USA;Vermont;Lamoille;Morrisville;W72.5983;N44.5617;12;
3;USA;Vermont;Lamoille;Morses Mill;W72.7914;N44.5883;12;
3;USA;Vermont;Lamoille;Moscow;W72.7153;N44.4414;12;
3;USA;Vermont;Lamoille;North Cambridge;W72.8569;N44.6869;12;
3;USA;Vermont;Lamoille;North Hyde Park;W72.5981;N44.6706;12;
3;USA;Vermont;Lamoille;North Wolcott;W72.4603;N44.6111;12;
3;USA;Vermont;Lamoille;Pleasant Valley;W72.8625;N44.5925;12;
3;USA;Vermont;Lamoille;Pottersville;W72.4525;N44.5389;12;
3;USA;Vermont;Lamoille;South Cambridge;W72.8103;N44.61;12;
3;USA;Vermont;Lamoille;Stowe Fork;W72.7561;N44.5022;12;
3;USA;Vermont;Lamoille;Stowe;W72.6844;N44.4653;12;
3;USA;Vermont;Lamoille;Waterville;W72.7689;N44.6903;12;
3;USA;Vermont;Lamoille;West Branch;W72.7158;N44.4742;12;
3;USA;Vermont;Lamoille;West Settlement;W72.7211;N44.62;12;
3;USA;Vermont;Lamoille;Wolcott;W72.4583;N44.5464;12;
3;USA;Vermont;Orange;Beanville;W72.2808;N43.9144;12;
3;USA;Vermont;Orange;Beanville;W72.6558;N43.9008;12;
3;USA;Vermont;Orange;Boltonville;W72.0997;N44.1708;12;
3;USA;Vermont;Orange;Bradford Center;W72.1706;N44.0131;12;
3;USA;Vermont;Orange;Bradford;W72.1289;N43.9925;12;
3;USA;Vermont;Orange;Braintree Hill;W72.6883;N43.9694;12;
3;USA;Vermont;Orange;Brimstone Corner;W72.2656;N43.9378;12;
3;USA;Vermont;Orange;Brookfield Center;W72.6044;N44.0203;12;
3;USA;Vermont;Orange;Brookfield;W72.6033;N44.0422;12;
3;USA;Vermont;Orange;Campbell Corner;W72.3108;N43.8336;12;
3;USA;Vermont;Orange;Chelsea;W72.4475;N43.9897;12;
3;USA;Vermont;Orange;Cookville;W72.2897;N44.0236;12;
3;USA;Vermont;Orange;Copper Flat;W72.3339;N43.835;12;
3;USA;Vermont;Orange;Corinth Corner;W72.2725;N44.0222;12;
3;USA;Vermont;Orange;Corinth Corners;W72.3489;N44.01;12;
3;USA;Vermont;Orange;Dowdey Corner;W72.6269;N43.8914;12;
3;USA;Vermont;Orange;East Braintree;W72.6514;N43.9958;12;
3;USA;Vermont;Orange;East Brookfield;W72.5714;N44.0275;12;
3;USA;Vermont;Orange;East Corinth;W72.2222;N44.0639;12;
3;USA;Vermont;Orange;East Orange;W72.3414;N44.0947;12;
3;USA;Vermont;Orange;East Randolph;W72.555;N43.94;12;
3;USA;Vermont;Orange;East Thetford;W72.1886;N43.8117;12;
3;USA;Vermont;Orange;East Topsham;W72.2328;N44.1211;12;
3;USA;Vermont;Orange;Ely;W72.1764;N43.8764;12;
3;USA;Vermont;Orange;Fairlee;W72.1433;N43.9075;12;
3;USA;Vermont;Orange;Foxville;W72.4822;N44.1372;12;
3;USA;Vermont;Orange;Goshen;W72.1481;N44.0492;12;
3;USA;Vermont;Orange;Jackson Corner;W72.5169;N44.0872;12;
3;USA;Vermont;Orange;Kennedy Corners;W72.43;N44.0153;12;
3;USA;Vermont;Orange;Mill Village;W72.2989;N43.9606;12;
3;USA;Vermont;Orange;Newbury Center;W72.1483;N44.1236;12;
3;USA;Vermont;Orange;Newbury;W72.0583;N44.0792;12;
3;USA;Vermont;Orange;North Randolph;W72.5558;N43.9739;12;
3;USA;Vermont;Orange;North Thetford;W72.1856;N43.8431;12;
3;USA;Vermont;Orange;North Tunbridge;W72.4783;N43.9147;12;
3;USA;Vermont;Orange;Old City;W72.3678;N43.8803;12;
3;USA;Vermont;Orange;Orange;W72.4025;N44.1483;12;
3;USA;Vermont;Orange;Peach Four Corners;W72.0931;N44.0664;12;
3;USA;Vermont;Orange;Peth;W72.6678;N43.97;12;
3;USA;Vermont;Orange;Post Mills;W72.2606;N43.8856;12;
3;USA;Vermont;Orange;Randolph Center;W72.6075;N43.9408;12;
3;USA;Vermont;Orange;Randolph;W72.6658;N43.925;12;
3;USA;Vermont;Orange;Rices Mills;W72.2858;N43.8247;12;
3;USA;Vermont;Orange;South Corinth;W72.2325;N44.0161;12;
3;USA;Vermont;Orange;South Newbury;W72.0847;N44.0461;12;
3;USA;Vermont;Orange;South Randolph;W72.5761;N43.8947;12;
3;USA;Vermont;Orange;South Strafford;W72.3661;N43.8353;12;
3;USA;Vermont;Orange;South Tunbridge;W72.5028;N43.8553;12;
3;USA;Vermont;Orange;South Vershire;W72.3167;N43.9222;12;
3;USA;Vermont;Orange;South Washington;W72.4128;N44.0281;12;
3;USA;Vermont;Orange;Strafford;W72.3778;N43.8664;12;
3;USA;Vermont;Orange;Thetford Center;W72.2461;N43.8286;12;
3;USA;Vermont;Orange;Thetford Hill;W72.2286;N43.8194;12;
3;USA;Vermont;Orange;Topsham Four Corners;W72.2244;N44.0989;12;
3;USA;Vermont;Orange;Tunbridge;W72.4911;N43.8908;12;
3;USA;Vermont;Orange;Union Village;W72.2553;N43.7886;12;
3;USA;Vermont;Orange;Vershire Center;W72.3375;N43.9528;12;
3;USA;Vermont;Orange;Vershire Heights;W72.3689;N43.9875;12;
3;USA;Vermont;Orange;Vershire;W72.3225;N43.9697;12;
3;USA;Vermont;Orange;Waits River;W72.2819;N44.0894;12;
3;USA;Vermont;Orange;Washington Heights;W72.4589;N44.0897;12;
3;USA;Vermont;Orange;Washington;W72.4325;N44.1056;12;
3;USA;Vermont;Orange;Wells River;W72.0469;N44.1542;12;
3;USA;Vermont;Orange;West Braintree;W72.7467;N43.9722;12;
3;USA;Vermont;Orange;West Brookfield;W72.6719;N44.0208;12;
3;USA;Vermont;Orange;West Corinth;W72.3358;N44.0414;12;
3;USA;Vermont;Orange;West Fairlee Center;W72.2253;N43.9433;12;
3;USA;Vermont;Orange;West Fairlee;W72.2631;N43.9092;12;
3;USA;Vermont;Orange;West Newbury;W72.1247;N44.0644;12;
3;USA;Vermont;Orange;West Topsham;W72.3117;N44.115;12;
3;USA;Vermont;Orange;Williamstown;W72.5414;N44.1217;12;
3;USA;Vermont;Orleans;Albany Center;W72.3494;N44.7367;12;
3;USA;Vermont;Orleans;Albany;W72.3797;N44.7308;12;
3;USA;Vermont;Orleans;Barton;W72.1761;N44.7481;12;
3;USA;Vermont;Orleans;Beebe Plain;W72.1406;N45.0053;12;
3;USA;Vermont;Orleans;Brownington Center;W72.1481;N44.8228;12;
3;USA;Vermont;Orleans;Brownington Village;W72.1717;N44.8308;12;
3;USA;Vermont;Orleans;Campbells Corner;W72.3314;N44.5917;12;
3;USA;Vermont;Orleans;Coventry;W72.2647;N44.8656;12;
3;USA;Vermont;Orleans;Craftsbury Common;W72.3819;N44.6542;12;
3;USA;Vermont;Orleans;Craftsbury;W72.3725;N44.6367;12;
3;USA;Vermont;Orleans;Derby Center;W72.1328;N44.9478;12;
3;USA;Vermont;Orleans;Derby Line;W72.0989;N45.005;12;
3;USA;Vermont;Orleans;East Albany;W72.3161;N44.7311;12;
3;USA;Vermont;Orleans;East Brownington;W72.0856;N44.8008;12;
3;USA;Vermont;Orleans;East Charleston;W71.9894;N44.8381;12;
3;USA;Vermont;Orleans;East Craftsbury;W72.3431;N44.6425;12;
3;USA;Vermont;Orleans;East Greensboro;W72.2506;N44.5714;12;
3;USA;Vermont;Orleans;Evansville;W72.1303;N44.8031;12;
3;USA;Vermont;Orleans;Gebbie Corner;W72.2847;N44.6319;12;
3;USA;Vermont;Orleans;Glover;W72.2136;N44.7044;12;
3;USA;Vermont;Orleans;Greensboro Bend;W72.2647;N44.5489;12;
3;USA;Vermont;Orleans;Greensboro;W72.2956;N44.5764;12;
3;USA;Vermont;Orleans;Holland;W72.0022;N44.9669;12;
3;USA;Vermont;Orleans;Hutchins;W72.6097;N44.8594;12;
3;USA;Vermont;Orleans;Irasburg;W72.2794;N44.8033;12;
3;USA;Vermont;Orleans;Jay;W72.4369;N44.9475;12;
3;USA;Vermont;Orleans;Lake Park;W72.1942;N44.9944;12;
3;USA;Vermont;Orleans;Lindsay Beach;W72.1886;N44.9708;12;
3;USA;Vermont;Orleans;Lowell;W72.4481;N44.7992;12;
3;USA;Vermont;Orleans;Merrill Corner;W72.3386;N44.7033;12;
3;USA;Vermont;Orleans;Mill Village;W72.3753;N44.6661;12;
3;USA;Vermont;Orleans;Montgomery Center;W72.6022;N44.8781;12;
3;USA;Vermont;Orleans;Morgan Center;W71.9789;N44.9092;12;
3;USA;Vermont;Orleans;Morgan;W72.0142;N44.9136;12;
3;USA;Vermont;Orleans;Newport Center;W72.3064;N44.9508;12;
3;USA;Vermont;Orleans;Newport;W72.205;N44.9364;12;
3;USA;Vermont;Orleans;North Derby;W72.1711;N45.0056;12;
3;USA;Vermont;Orleans;North Troy;W72.3997;N44.9944;12;
3;USA;Vermont;Orleans;Orleans;W72.2328;N44.8167;12;
3;USA;Vermont;Orleans;South Albany;W72.3119;N44.6914;12;
3;USA;Vermont;Orleans;South Newport;W72.3356;N44.8803;12;
3;USA;Vermont;Orleans;Stevens Mills;W72.6139;N44.9953;12;
3;USA;Vermont;Orleans;The Four Corners;W72.2292;N44.5942;12;
3;USA;Vermont;Orleans;Tice;W72.035;N44.9797;12;
3;USA;Vermont;Orleans;Tillotson Mill;W72.5175;N44.7819;12;
3;USA;Vermont;Orleans;Tolman Corner;W72.3067;N44.5675;12;
3;USA;Vermont;Orleans;Troy;W72.4014;N44.9014;12;
3;USA;Vermont;Orleans;West Charleston;W72.0594;N44.8989;12;
3;USA;Vermont;Orleans;West Glover;W72.2239;N44.7283;12;
3;USA;Vermont;Orleans;Westfield;W72.4283;N44.8894;12;
3;USA;Vermont;Orleans;Westmore;W72.0547;N44.7714;12;
3;USA;Vermont;Orleans;Willoughby;W72.1086;N44.7039;12;
3;USA;Vermont;Rutland;Alfrecha;W72.9725;N43.5642;12;
3;USA;Vermont;Rutland;Avalon Beach;W73.225;N43.64;12;
3;USA;Vermont;Rutland;Bassett Development;W72.9444;N43.6203;12;
3;USA;Vermont;Rutland;Belmont;W72.8222;N43.4156;12;
3;USA;Vermont;Rutland;Benson Landing;W73.3675;N43.7283;12;
3;USA;Vermont;Rutland;Benson;W73.3111;N43.7069;12;
3;USA;Vermont;Rutland;Billings Mobile Manor;W72.9594;N43.5919;12;
3;USA;Vermont;Rutland;Blissville;W73.2297;N43.5931;12;
3;USA;Vermont;Rutland;Blue Ridge Acres;W72.9619;N43.6339;12;
3;USA;Vermont;Rutland;Bomoseen;W73.1986;N43.6436;12;
3;USA;Vermont;Rutland;Bowlsville;W72.8519;N43.4478;12;
3;USA;Vermont;Rutland;Brandon;W73.0875;N43.7981;12;
3;USA;Vermont;Rutland;Brewers Corner;W72.8767;N43.6192;12;
3;USA;Vermont;Rutland;Brookside Trailer Park;W72.9642;N43.5936;12;
3;USA;Vermont;Rutland;Brookwood Estates;W72.9319;N43.6133;12;
3;USA;Vermont;Rutland;Burnham Hollow;W73.1472;N43.4842;12;
3;USA;Vermont;Rutland;Butternut;W73.2022;N43.3753;12;
3;USA;Vermont;Rutland;Castleton Corners;W73.2078;N43.6083;12;
3;USA;Vermont;Rutland;Castleton;W73.1797;N43.6106;12;
3;USA;Vermont;Rutland;Center Rutland;W73.0114;N43.6044;12;
3;USA;Vermont;Rutland;Chasanna Acres;W72.9597;N43.6431;12;
3;USA;Vermont;Rutland;Chippenhook;W73.0139;N43.5183;12;
3;USA;Vermont;Rutland;Chittenden;W72.9481;N43.7078;12;
3;USA;Vermont;Rutland;Clarendon Springs;W73.0222;N43.5478;12;
3;USA;Vermont;Rutland;Clarendon;W72.9697;N43.5161;12;
3;USA;Vermont;Rutland;Cold River;W72.875;N43.5394;12;
3;USA;Vermont;Rutland;Cold Spring;W73.4067;N43.6714;12;
3;USA;Vermont;Rutland;Colonial Estates;W72.9669;N43.6544;12;
3;USA;Vermont;Rutland;Countryside Estates;W72.9719;N43.6428;12;
3;USA;Vermont;Rutland;Crystal Beach;W73.19;N43.6594;12;
3;USA;Vermont;Rutland;Cuttingsville;W72.8822;N43.4883;12;
3;USA;Vermont;Rutland;Danby Four Corners;W73.0467;N43.3547;12;
3;USA;Vermont;Rutland;Danby;W72.9953;N43.3461;12;
3;USA;Vermont;Rutland;Durgy Hill Heights;W73.0478;N43.6108;12;
3;USA;Vermont;Rutland;East Clarendon;W72.9389;N43.5247;12;
3;USA;Vermont;Rutland;East Hubbardton;W73.1381;N43.6931;12;
3;USA;Vermont;Rutland;East Pittsford;W72.9428;N43.6711;12;
3;USA;Vermont;Rutland;East Poultney;W73.2044;N43.5264;12;
3;USA;Vermont;Rutland;East Wallingford;W72.8758;N43.4494;12;
3;USA;Vermont;Rutland;East Wells;W73.1411;N43.4217;12;
3;USA;Vermont;Rutland;Eastridge Acres;W72.9314;N43.6108;12;
3;USA;Vermont;Rutland;Fair Haven;W73.2656;N43.5947;12;
3;USA;Vermont;Rutland;Florence;W73.0614;N43.7164;12;
3;USA;Vermont;Rutland;Forest Dale;W73.0536;N43.8278;12;
3;USA;Vermont;Rutland;Gorhamtown;W73.1906;N43.5728;12;
3;USA;Vermont;Rutland;Grandview Acres;W72.9431;N43.6122;12;
3;USA;Vermont;Rutland;Grangerville;W73.0056;N43.7233;12;
3;USA;Vermont;Rutland;Green Acres;W72.9397;N43.6244;12;
3;USA;Vermont;Rutland;Healdville;W72.7656;N43.4314;12;
3;USA;Vermont;Rutland;Heritage Hill Development;W72.9442;N43.6233;12;
3;USA;Vermont;Rutland;Hortonia;W73.2231;N43.7453;12;
3;USA;Vermont;Rutland;Hortonville;W72.8047;N43.4697;12;
3;USA;Vermont;Rutland;Hubbardton;W73.1842;N43.7072;12;
3;USA;Vermont;Rutland;Hyde Manor;W73.2025;N43.7833;12;
3;USA;Vermont;Rutland;Hydeville;W73.2281;N43.6056;12;
3;USA;Vermont;Rutland;Ira;W73.0619;N43.5344;12;
3;USA;Vermont;Rutland;Killington Heights;W72.9431;N43.6047;12;
3;USA;Vermont;Rutland;Killington Village;W72.7933;N43.64;12;
3;USA;Vermont;Rutland;Killington;W72.7797;N43.6775;12;
3;USA;Vermont;Rutland;Marolin Acres;W72.9672;N43.6211;12;
3;USA;Vermont;Rutland;Mendon;W72.9269;N43.6514;12;
3;USA;Vermont;Rutland;Michigan;W72.8847;N43.7894;12;
3;USA;Vermont;Rutland;Middletown Springs;W73.1181;N43.4856;12;
3;USA;Vermont;Rutland;Mount Holly Heights;W72.7672;N43.4378;12;
3;USA;Vermont;Rutland;Mount Holly;W72.8247;N43.4522;12;
3;USA;Vermont;Rutland;Mount Pleasant;W73.0889;N43.8083;12;
3;USA;Vermont;Rutland;Mount Tabor;W72.9825;N43.3506;12;
3;USA;Vermont;Rutland;Mountain View Estates;W72.9939;N43.6636;12;
3;USA;Vermont;Rutland;Neshobe Beach;W73.2083;N43.6392;12;
3;USA;Vermont;Rutland;North Chittenden;W72.9758;N43.7403;12;
3;USA;Vermont;Rutland;North Clarendon;W72.9653;N43.5667;12;
3;USA;Vermont;Rutland;North Pawlet;W73.2039;N43.3828;12;
3;USA;Vermont;Rutland;North Sherburne;W72.8272;N43.7103;12;
3;USA;Vermont;Rutland;North Shrewsbury;W72.8269;N43.5289;12;
3;USA;Vermont;Rutland;Pawlet;W73.1761;N43.3467;12;
3;USA;Vermont;Rutland;Pierces Corner;W72.9539;N43.5411;12;
3;USA;Vermont;Rutland;Pinecrest Acres;W72.9558;N43.6536;12;
3;USA;Vermont;Rutland;Pinnacle Ridge;W72.9983;N43.66;12;
3;USA;Vermont;Rutland;Pittsfield;W72.8128;N43.7722;12;
3;USA;Vermont;Rutland;Pittsford;W73.0281;N43.7067;12;
3;USA;Vermont;Rutland;Point of Pines;W73.2306;N43.6228;12;
3;USA;Vermont;Rutland;Poultney;W73.2361;N43.5169;12;
3;USA;Vermont;Rutland;Proctor;W73.0356;N43.6606;12;
3;USA;Vermont;Rutland;Prospect Hill;W72.9736;N43.6569;12;
3;USA;Vermont;Rutland;Ransomvale;W73.1314;N43.6575;12;
3;USA;Vermont;Rutland;Russellville;W72.8414;N43.3819;12;
3;USA;Vermont;Rutland;Rutland;W72.9725;N43.6106;12;
3;USA;Vermont;Rutland;Scottsville;W73.0078;N43.3925;12;
3;USA;Vermont;Rutland;Sherburne Center;W72.7739;N43.6592;12;
3;USA;Vermont;Rutland;Shrewsbury;W72.8667;N43.5089;12;
3;USA;Vermont;Rutland;South End;W72.9925;N43.3172;12;
3;USA;Vermont;Rutland;South Poultney;W73.2358;N43.4756;12;
3;USA;Vermont;Rutland;South Sherburne;W72.7522;N43.6053;12;
3;USA;Vermont;Rutland;South Wallingford;W72.9925;N43.4128;12;
3;USA;Vermont;Rutland;Stacy Crossroads;W73.3094;N43.755;12;
3;USA;Vermont;Rutland;Sudbury;W73.2044;N43.7992;12;
3;USA;Vermont;Rutland;Sugar Hollow;W73.0228;N43.7619;12;
3;USA;Vermont;Rutland;Sugarwood Hill;W72.9856;N43.6653;12;
3;USA;Vermont;Rutland;Tarbellville;W72.8411;N43.4086;12;
3;USA;Vermont;Rutland;Telemark Village;W72.8042;N43.6686;12;
3;USA;Vermont;Rutland;The Woods;W72.7931;N43.6608;12;
3;USA;Vermont;Rutland;Tinmouth;W73.0494;N43.4486;12;
3;USA;Vermont;Rutland;Tupper;W72.7847;N43.8072;12;
3;USA;Vermont;Rutland;Wallingford;W72.9772;N43.4717;12;
3;USA;Vermont;Rutland;Wells;W73.2042;N43.4172;12;
3;USA;Vermont;Rutland;West Castleton;W73.2317;N43.6589;12;
3;USA;Vermont;Rutland;West Haven;W73.3472;N43.6514;12;
3;USA;Vermont;Rutland;West Pawlet;W73.2519;N43.3536;12;
3;USA;Vermont;Rutland;West Rutland;W73.045;N43.5931;12;
3;USA;Vermont;Rutland;West Tinmouth;W73.1192;N43.4189;12;
3;USA;Vermont;Washington;Adamant;W72.5028;N44.3292;12;
3;USA;Vermont;Washington;Alpine Village;W72.8342;N44.0686;12;
3;USA;Vermont;Washington;Barre;W72.5019;N44.1969;12;
3;USA;Vermont;Washington;Berlin Corners;W72.5758;N44.21;12;
3;USA;Vermont;Washington;Cabot;W72.3122;N44.4014;12;
3;USA;Vermont;Washington;Colbyville;W72.7422;N44.3503;12;
3;USA;Vermont;Washington;Dowsville;W72.8242;N44.2725;12;
3;USA;Vermont;Washington;Duxbury;W72.7525;N44.3269;12;
3;USA;Vermont;Washington;East Barre;W72.4503;N44.1581;12;
3;USA;Vermont;Washington;East Cabot;W72.2511;N44.3897;12;
3;USA;Vermont;Washington;East Calais;W72.4297;N44.3664;12;
3;USA;Vermont;Washington;East Montpelier Center;W72.5253;N44.2836;12;
3;USA;Vermont;Washington;East Montpelier;W72.4869;N44.2711;12;
3;USA;Vermont;Washington;East Roxbury;W72.6517;N44.0797;12;
3;USA;Vermont;Washington;East Warren;W72.8197;N44.1094;12;
3;USA;Vermont;Washington;Edgewater;W72.3342;N44.3236;12;
3;USA;Vermont;Washington;Graniteville;W72.4928;N44.1511;12;
3;USA;Vermont;Washington;Irasville;W72.8403;N44.1814;12;
3;USA;Vermont;Washington;Kents Corners;W72.485;N44.3686;12;
3;USA;Vermont;Washington;Lanesboro;W72.3111;N44.3072;12;
3;USA;Vermont;Washington;Lower Cabot;W72.3325;N44.3903;12;
3;USA;Vermont;Washington;Lower Websterville;W72.4781;N44.1681;12;
3;USA;Vermont;Washington;Maple Corner;W72.4947;N44.3758;12;
3;USA;Vermont;Washington;Marshfield;W72.3539;N44.3508;12;
3;USA;Vermont;Washington;Middlesex;W72.6792;N44.2928;12;
3;USA;Vermont;Washington;Mill Village;W72.7478;N44.3414;12;
3;USA;Vermont;Washington;Montpelier Junction;W72.6078;N44.2569;12;
3;USA;Vermont;Washington;Montpelier;W72.5753;N44.26;12;
3;USA;Vermont;Washington;Moretown;W72.7608;N44.2508;12;
3;USA;Vermont;Washington;North Calais;W72.4464;N44.39;12;
3;USA;Vermont;Washington;North Duxbury;W72.8289;N44.3583;12;
3;USA;Vermont;Washington;North Fayston;W72.8381;N44.2419;12;
3;USA;Vermont;Washington;North Montpelier;W72.4464;N44.3036;12;
3;USA;Vermont;Washington;North Moretown;W72.7447;N44.3242;12;
3;USA;Vermont;Washington;Northfield Center;W72.6608;N44.1347;12;
3;USA;Vermont;Washington;Northfield Falls;W72.6508;N44.1719;12;
3;USA;Vermont;Washington;Northfield;W72.6564;N44.1511;12;
3;USA;Vermont;Washington;Perkinsville;W72.3981;N44.2208;12;
3;USA;Vermont;Washington;Plainfield;W72.4264;N44.2781;12;
3;USA;Vermont;Washington;Putnamville;W72.5658;N44.3417;12;
3;USA;Vermont;Washington;Roxbury;W72.7328;N44.0942;12;
3;USA;Vermont;Washington;Shady Rill;W72.5892;N44.3442;12;
3;USA;Vermont;Washington;South Barre;W72.5056;N44.1769;12;
3;USA;Vermont;Washington;South Cabot;W72.2756;N44.3675;12;
3;USA;Vermont;Washington;South Duxbury;W72.7864;N44.2486;12;
3;USA;Vermont;Washington;South Northfield;W72.6542;N44.1153;12;
3;USA;Vermont;Washington;South Woodbury;W72.4214;N44.415;12;
3;USA;Vermont;Washington;Sugarbush Village;W72.8956;N44.1414;12;
3;USA;Vermont;Washington;Upper Graniteville;W72.4764;N44.1417;12;
3;USA;Vermont;Washington;Waitsfield Common;W72.7975;N44.19;12;
3;USA;Vermont;Washington;Waitsfield;W72.8247;N44.19;12;
3;USA;Vermont;Washington;Warren;W72.8558;N44.1119;12;
3;USA;Vermont;Washington;Waterbury Center;W72.7158;N44.3781;12;
3;USA;Vermont;Washington;Waterbury;W72.7561;N44.3378;12;
3;USA;Vermont;Washington;Websterville;W72.4694;N44.1606;12;
3;USA;Vermont;Washington;West Berlin;W72.6328;N44.2;12;
3;USA;Vermont;Washington;Woodbury;W72.4164;N44.4408;12;
3;USA;Vermont;Washington;Worcester;W72.5497;N44.3736;12;
3;USA;Vermont;Washington;Wrightsville;W72.5786;N44.3114;12;
3;USA;Vermont;Windham;Ames Hill;W72.6875;N42.8547;12;
3;USA;Vermont;Windham;Athens;W72.5678;N43.1336;12;
3;USA;Vermont;Windham;Bartonsville;W72.5356;N43.2256;12;
3;USA;Vermont;Windham;Bellows Falls;W72.4439;N43.1333;12;
3;USA;Vermont;Windham;Brattleboro;W72.5578;N42.8508;12;
3;USA;Vermont;Windham;Brockways Mills;W72.5161;N43.2069;12;
3;USA;Vermont;Windham;Brookline;W72.6014;N43.0317;12;
3;USA;Vermont;Windham;Brookside;W72.7531;N42.945;12;
3;USA;Vermont;Windham;Cambridgeport;W72.5603;N43.1514;12;
3;USA;Vermont;Windham;Dover;W72.8039;N42.9436;12;
3;USA;Vermont;Windham;Dummerston Center;W72.5722;N42.9367;12;
3;USA;Vermont;Windham;East Dover;W72.7689;N42.9511;12;
3;USA;Vermont;Windham;East Dummerston;W72.5531;N42.9322;12;
3;USA;Vermont;Windham;East Jamaica;W72.7347;N43.0739;12;
3;USA;Vermont;Windham;East Putney;W72.4833;N42.9939;12;
3;USA;Vermont;Windham;Fairview Village;W72.5664;N42.8403;12;
3;USA;Vermont;Windham;Goose City;W72.7914;N42.9611;12;
3;USA;Vermont;Windham;Grafton;W72.6061;N43.1717;12;
3;USA;Vermont;Windham;Green River;W72.6681;N42.7758;12;
3;USA;Vermont;Windham;Grove;W72.71;N42.7528;12;
3;USA;Vermont;Windham;Guilford Center;W72.6247;N42.7922;12;
3;USA;Vermont;Windham;Guilford;W72.5764;N42.8178;12;
3;USA;Vermont;Windham;Halifax;W72.7453;N42.7697;12;
3;USA;Vermont;Windham;Harmonyville;W72.6625;N43.0383;12;
3;USA;Vermont;Windham;Harrisville;W72.7422;N42.8156;12;
3;USA;Vermont;Windham;Houghtonville;W72.6458;N43.1972;12;
3;USA;Vermont;Windham;Houghtonville;W72.6472;N43.1983;12;
3;USA;Vermont;Windham;Jacksonville;W72.8217;N42.7969;12;
3;USA;Vermont;Windham;Jamaica;W72.7783;N43.1003;12;
3;USA;Vermont;Windham;Londonderry;W72.8064;N43.2264;12;
3;USA;Vermont;Windham;Marlboro;W72.7258;N42.8594;12;
3;USA;Vermont;Windham;Medburyville;W72.9203;N42.8703;12;
3;USA;Vermont;Windham;Mountain Home Trailer Park;W72.6122;N42.87;12;
3;USA;Vermont;Windham;Newfane;W72.6558;N42.9856;12;
3;USA;Vermont;Windham;North Vernon;W72.5236;N42.7822;12;
3;USA;Vermont;Windham;North Westminster;W72.455;N43.1189;12;
3;USA;Vermont;Windham;North Windham;W72.7397;N43.2175;12;
3;USA;Vermont;Windham;Packer Corner;W72.6431;N42.7389;12;
3;USA;Vermont;Windham;Pikes Falls;W72.855;N43.0969;12;
3;USA;Vermont;Windham;Podunk;W72.8586;N43.0086;12;
3;USA;Vermont;Windham;Putney;W72.5217;N42.9747;12;
3;USA;Vermont;Windham;Rawsonville;W72.8403;N43.1458;12;
3;USA;Vermont;Windham;Reid Hollow;W72.7186;N42.8103;12;
3;USA;Vermont;Windham;Rockingham;W72.4889;N43.1875;12;
3;USA;Vermont;Windham;Saxtons River;W72.5097;N43.1378;12;
3;USA;Vermont;Windham;Sherwood Forest;W72.8406;N43.2283;12;
3;USA;Vermont;Windham;Simpsonville;W72.6497;N43.0725;12;
3;USA;Vermont;Windham;Somerset;W72.9864;N42.9503;12;
3;USA;Vermont;Windham;South Londonderry;W72.8142;N43.1928;12;
3;USA;Vermont;Windham;South Newfane;W72.7053;N42.9381;12;
3;USA;Vermont;Windham;South Vernon;W72.4644;N42.7275;12;
3;USA;Vermont;Windham;South Wardsboro;W72.7833;N43.0114;12;
3;USA;Vermont;Windham;South Windham;W72.7111;N43.1281;12;
3;USA;Vermont;Windham;Stratton;W72.9108;N43.0428;12;
3;USA;Vermont;Windham;Thompsonburg;W72.78;N43.2078;12;
3;USA;Vermont;Windham;Townshend;W72.6675;N43.0472;12;
3;USA;Vermont;Windham;Vernon;W72.5133;N42.7619;12;
3;USA;Vermont;Windham;Wardsboro Center;W72.8078;N43.0361;12;
3;USA;Vermont;Windham;Wardsboro;W72.7911;N43.0417;12;
3;USA;Vermont;Windham;West Brattleboro;W72.6031;N42.8558;12;
3;USA;Vermont;Windham;West Dover;W72.8528;N42.9392;12;
3;USA;Vermont;Windham;West Dummerston;W72.6153;N42.9264;12;
3;USA;Vermont;Windham;West Guilford;W72.6633;N42.8083;12;
3;USA;Vermont;Windham;West Halifax;W72.7706;N42.7872;12;
3;USA;Vermont;Windham;West Jamaica;W72.8514;N43.0683;12;
3;USA;Vermont;Windham;West Townshend;W72.7117;N43.0842;12;
3;USA;Vermont;Windham;West Wardsboro;W72.8525;N43.0294;12;
3;USA;Vermont;Windham;Westminster Station;W72.4392;N43.0856;12;
3;USA;Vermont;Windham;Westminster West;W72.5406;N43.0639;12;
3;USA;Vermont;Windham;Westminster;W72.4586;N43.0678;12;
3;USA;Vermont;Windham;Whitingham;W72.885;N42.7892;12;
3;USA;Vermont;Windham;Whitneyville;W72.7428;N42.7939;12;
3;USA;Vermont;Windham;Williamsville Station;W72.6414;N42.9469;12;
3;USA;Vermont;Windham;Williamsville;W72.6789;N42.9467;12;
3;USA;Vermont;Windham;Wilmington;W72.8714;N42.8683;12;
3;USA;Vermont;Windham;Windham;W72.7258;N43.1792;12;
3;USA;Vermont;Windsor;Amsden;W72.5058;N43.4058;12;
3;USA;Vermont;Windsor;Andover;W72.6967;N43.2772;12;
3;USA;Vermont;Windsor;Ascutney;W72.4069;N43.4069;12;
3;USA;Vermont;Windsor;Bailey Mills;W72.5697;N43.5053;12;
3;USA;Vermont;Windsor;Baileys Mills;W72.6047;N43.2978;12;
3;USA;Vermont;Windsor;Baltimore;W72.5731;N43.3603;12;
3;USA;Vermont;Windsor;Barnard;W72.6189;N43.7286;12;
3;USA;Vermont;Windsor;Bethel;W72.6339;N43.8333;12;
3;USA;Vermont;Windsor;Bragg;W72.3389;N43.7197;12;
3;USA;Vermont;Windsor;Bridgewater Center;W72.6592;N43.6164;12;
3;USA;Vermont;Windsor;Bridgewater Corners;W72.6558;N43.5883;12;
3;USA;Vermont;Windsor;Bridgewater;W72.625;N43.5881;12;
3;USA;Vermont;Windsor;Brownsville;W72.4708;N43.4686;12;
3;USA;Vermont;Windsor;Camp Brook;W72.6931;N43.8503;12;
3;USA;Vermont;Windsor;Cavendish Center;W72.6056;N43.41;12;
3;USA;Vermont;Windsor;Cavendish;W72.6081;N43.3819;12;
3;USA;Vermont;Windsor;Centertown;W72.3811;N43.6608;12;
3;USA;Vermont;Windsor;Centerville;W72.3864;N43.6764;12;
3;USA;Vermont;Windsor;Chateauguay;W72.6947;N43.6603;12;
3;USA;Vermont;Windsor;Chester;W72.595;N43.2628;12;
3;USA;Vermont;Windsor;Deweys Mills;W72.405;N43.6414;12;
3;USA;Vermont;Windsor;Dothan;W72.3431;N43.6972;12;
3;USA;Vermont;Windsor;Downers;W72.5142;N43.4003;12;
3;USA;Vermont;Windsor;East Barnard;W72.5428;N43.7458;12;
3;USA;Vermont;Windsor;East Bethel;W72.5842;N43.8733;12;
3;USA;Vermont;Windsor;Emerson;W72.7969;N43.8408;12;
3;USA;Vermont;Windsor;Felchville;W72.5378;N43.4564;12;
3;USA;Vermont;Windsor;Fieldsville;W72.4433;N43.5386;12;
3;USA;Vermont;Windsor;Gassetts;W72.6067;N43.3244;12;
3;USA;Vermont;Windsor;Gaysville;W72.6989;N43.7783;12;
3;USA;Vermont;Windsor;Goodrich Four Corners;W72.2792;N43.755;12;
3;USA;Vermont;Windsor;Goulds Mill;W72.4492;N43.2711;12;
3;USA;Vermont;Windsor;Grahamville;W72.7067;N43.4197;12;
3;USA;Vermont;Windsor;Greenbush;W72.5178;N43.4169;12;
3;USA;Vermont;Windsor;Hammondsville;W72.5531;N43.4903;12;
3;USA;Vermont;Windsor;Hardscrabble Corner;W72.4758;N43.2617;12;
3;USA;Vermont;Windsor;Hartford;W72.3383;N43.6606;12;
3;USA;Vermont;Windsor;Hartland Four Corners;W72.4244;N43.5464;12;
3;USA;Vermont;Windsor;Hartland;W72.3989;N43.5406;12;
3;USA;Vermont;Windsor;Hewitts Corners;W72.4986;N43.7233;12;
3;USA;Vermont;Windsor;Jenneville;W72.4892;N43.5344;12;
3;USA;Vermont;Windsor;Jericho;W72.3731;N43.7028;12;
3;USA;Vermont;Windsor;Jerusalem;W72.7736;N43.8383;12;
3;USA;Vermont;Windsor;Kendricks Corner;W72.5211;N43.3456;12;
3;USA;Vermont;Windsor;Lewiston;W72.3;N43.7039;12;
3;USA;Vermont;Windsor;Lilliesville;W72.6939;N43.8194;12;
3;USA;Vermont;Windsor;Ludlow;W72.7006;N43.3958;12;
3;USA;Vermont;Windsor;Lympus;W72.7189;N43.8222;12;
3;USA;Vermont;Windsor;Middletown;W72.73;N43.2839;12;
3;USA;Vermont;Windsor;Millbrook;W72.4561;N43.7244;12;
3;USA;Vermont;Windsor;Morgan Corners;W72.6425;N43.7361;12;
3;USA;Vermont;Windsor;Nelsons Corner;W72.4894;N43.4103;12;
3;USA;Vermont;Windsor;New Boston;W72.7642;N43.8208;12;
3;USA;Vermont;Windsor;North Chester;W72.5892;N43.2728;12;
3;USA;Vermont;Windsor;North Hartland;W72.3517;N43.5928;12;
3;USA;Vermont;Windsor;North Pomfret;W72.4797;N43.7228;12;
3;USA;Vermont;Windsor;North Royalton;W72.5664;N43.8272;12;
3;USA;Vermont;Windsor;North Springfield;W72.5253;N43.3328;12;
3;USA;Vermont;Windsor;Norwich;W72.3078;N43.7153;12;
3;USA;Vermont;Windsor;Notown;W72.7181;N43.695;12;
3;USA;Vermont;Windsor;Olcot Falls Mobile Home Park;W72.3078;N43.6814;12;
3;USA;Vermont;Windsor;Perkinsville;W72.5136;N43.3736;12;
3;USA;Vermont;Windsor;Plymouth Union;W72.7386;N43.53;12;
3;USA;Vermont;Windsor;Plymouth;W72.7214;N43.5358;12;
3;USA;Vermont;Windsor;Pomfret;W72.5158;N43.7047;12;
3;USA;Vermont;Windsor;Pompanoosuc;W72.2308;N43.7556;12;
3;USA;Vermont;Windsor;Proctorsville;W72.6383;N43.3822;12;
3;USA;Vermont;Windsor;Prosper;W72.5603;N43.6492;12;
3;USA;Vermont;Windsor;Quechee;W72.4183;N43.6461;12;
3;USA;Vermont;Windsor;Reedville;W72.6578;N43.2619;12;
3;USA;Vermont;Windsor;Riverside;W72.7233;N43.7592;12;
3;USA;Vermont;Windsor;Robinson;W72.8722;N43.8592;12;
3;USA;Vermont;Windsor;Rochester;W72.8078;N43.8744;12;
3;USA;Vermont;Windsor;Royalton;W72.5456;N43.8158;12;
3;USA;Vermont;Windsor;Russtown;W72.355;N43.6169;12;
3;USA;Vermont;Windsor;Sharon;W72.4542;N43.7844;12;
3;USA;Vermont;Windsor;Sheddsville;W72.4967;N43.4892;12;
3;USA;Vermont;Windsor;Simonsville;W72.7158;N43.2578;12;
3;USA;Vermont;Windsor;Smithville;W72.6678;N43.3881;12;
3;USA;Vermont;Windsor;South Pomfret;W72.5394;N43.665;12;
3;USA;Vermont;Windsor;South Reading;W72.5892;N43.4742;12;
3;USA;Vermont;Windsor;South Royalton;W72.5211;N43.8208;12;
3;USA;Vermont;Windsor;South Woodstock;W72.5322;N43.5656;12;
3;USA;Vermont;Windsor;Spoonerville;W72.5464;N43.3119;12;
3;USA;Vermont;Windsor;Springfield;W72.4822;N43.2983;12;
3;USA;Vermont;Windsor;Stockbridge;W72.7536;N43.7861;12;
3;USA;Vermont;Windsor;Taftsville;W72.4689;N43.6306;12;
3;USA;Vermont;Windsor;Talcville;W72.8053;N43.8586;12;
3;USA;Vermont;Windsor;The Island;W72.7947;N43.2544;12;
3;USA;Vermont;Windsor;Tyson;W72.705;N43.4653;12;
3;USA;Vermont;Windsor;Weathersfield Bow;W72.4072;N43.3539;12;
3;USA;Vermont;Windsor;West Bethel;W72.6939;N43.85;12;
3;USA;Vermont;Windsor;West Bridgewater;W72.7486;N43.6;12;
3;USA;Vermont;Windsor;West Hartford;W72.4175;N43.7122;12;
3;USA;Vermont;Windsor;West Norwich;W72.3728;N43.7633;12;
3;USA;Vermont;Windsor;West Springfield;W72.5217;N43.2911;12;
3;USA;Vermont;Windsor;West Woodstock;W72.5419;N43.6169;12;
3;USA;Vermont;Windsor;Weston;W72.7931;N43.2911;12;
3;USA;Vermont;Windsor;White River Junction;W72.3192;N43.6489;12;
3;USA;Vermont;Windsor;Whitesville;W72.5942;N43.3917;12;
3;USA;Vermont;Windsor;Wilder;W72.3086;N43.6728;12;
3;USA;Vermont;Windsor;Windsor;W72.3847;N43.4803;12;
3;USA;Vermont;Windsor;Woodstock;W72.5183;N43.6242;12;
