"Level";"Country";"State";"Place";"void";"Longitude";"Latitude";"ZoomLevel";"Icon"
1;AUS;Western AUS;;;122.5;-25.7;6;
2;AUS;Western AUS;Abbotts;;118.3833333;-26.3166667;6;
2;AUS;Western AUS;Agnew;;120.5;-28.0833333;6;
2;AUS;Western AUS;Ajana;;114.6333333;-27.95;6;
2;AUS;Western AUS;Albany;;117.8916667;-35.0169444;6;
2;AUS;Western AUS;Aldersyde;;117.2666667;-32.3833333;6;
2;AUS;Western AUS;Allanson;;116.1;-33.3333333;6;
2;AUS;Western AUS;Amery;;117.0833333;-31.15;6;
2;AUS;Western AUS;Amphion;;116.2;-32.7666667;6;
2;AUS;Western AUS;Ardath;;118.1;-32.0333333;6;
2;AUS;Western AUS;Armadale;;116;-32.15;6;
2;AUS;Western AUS;Arrino;;115.6166667;-29.4333333;6;
2;AUS;Western AUS;Arthur River;;117.0333333;-33.3333333;6;
2;AUS;Western AUS;Arumvale;;115.0833333;-34.1666667;6;
2;AUS;Western AUS;Attadale;;115.7958333;-32.0236111;6;
2;AUS;Western AUS;Augusta;;115.1666667;-34.3166667;6;
2;AUS;Western AUS;Australind;;115.7166667;-33.2666667;6;
2;AUS;Western AUS;Baandee;;117.9666667;-31.5833333;6;
2;AUS;Western AUS;Babakin;;118.0166667;-32.1166667;6;
2;AUS;Western AUS;Baddera;;114.6333333;-28.2833333;6;
2;AUS;Western AUS;Badgebup;;117.9;-33.6333333;6;
2;AUS;Western AUS;Badjaling;;117.5;-32;6;
2;AUS;Western AUS;Bakers Hill;;116.45;-31.75;6;
2;AUS;Western AUS;Baladjie;;118.9333333;-30.9833333;6;
2;AUS;Western AUS;Balbarrup;;116.2;-34.2333333;6;
2;AUS;Western AUS;Balgarri;;121.1166667;-30.4833333;6;
2;AUS;Western AUS;Balgo Hill;;127.9666667;-20.15;6;
2;AUS;Western AUS;Balgo;;127.9666667;-20.15;6;
2;AUS;Western AUS;Balingup;;115.9666667;-33.8;6;
2;AUS;Western AUS;Balkuling;;117.1333333;-31.9833333;6;
2;AUS;Western AUS;Ballaying;;117.55;-33.3;6;
2;AUS;Western AUS;Ballidu;;116.7666667;-30.6;6;
2;AUS;Western AUS;Bally Bally;;117.1;-32.1666667;6;
2;AUS;Western AUS;Bamboo Creek;;120.2166667;-20.9333333;6;
2;AUS;Western AUS;Bamboo Mining Centre;;120.2166667;-20.9333333;6;
2;AUS;Western AUS;Bamboo;;120.2166667;-20.9333333;6;
2;AUS;Western AUS;Bangemall Mining Centre;;116.4666667;-24.2;6;
2;AUS;Western AUS;Bangemall;;116.4666667;-24.2;6;
2;AUS;Western AUS;Banksiadale;;116.0833333;-32.65;6;
2;AUS;Western AUS;Bannister North;;116.4333333;-32.5833333;6;
2;AUS;Western AUS;Barbalin;;118.1166667;-30.8833333;6;
2;AUS;Western AUS;Barberton;;116.0333333;-30.75;6;
2;AUS;Western AUS;Bardoc;;121.2833333;-30.3333333;6;
2;AUS;Western AUS;Barrambie;;119.1166667;-27.4333333;6;
2;AUS;Western AUS;Barronhurst;;116.0666667;-34.4166667;6;
2;AUS;Western AUS;Bartons Mill;;116.2;-32.0666667;6;
2;AUS;Western AUS;Bassendean;;115.95;-31.9;6;
2;AUS;Western AUS;Beacon;;117.85;-30.4333333;6;
2;AUS;Western AUS;Bedfordale;;116.05;-32.1833333;6;
2;AUS;Western AUS;Beechina;;116.3166667;-31.85;6;
2;AUS;Western AUS;Beelerup;;115.85;-33.5666667;6;
2;AUS;Western AUS;Beenong;;118.5833333;-33.05;6;
2;AUS;Western AUS;Beermullah;;115.7666667;-31.2666667;6;
2;AUS;Western AUS;Beete;;121.55;-32.75;6;
2;AUS;Western AUS;Bejoording;;116.5;-31.4;6;
2;AUS;Western AUS;Belka;;118.1833333;-31.7333333;6;
2;AUS;Western AUS;Bellevue;;116.0166667;-31.9;6;
2;AUS;Western AUS;Belmunging;;117.0666667;-31.8166667;6;
2;AUS;Western AUS;Bencubbin;;117.8666667;-30.8;6;
2;AUS;Western AUS;Bendering West;;118.1666667;-32.35;6;
2;AUS;Western AUS;Bendering;;118.3166667;-32.3833333;6;
2;AUS;Western AUS;Benger;;115.85;-33.1666667;6;
2;AUS;Western AUS;Benjinup;;116.3166667;-33.7666667;6;
2;AUS;Western AUS;Bentley;;115.9166667;-32;6;
2;AUS;Western AUS;Berakin;;116.3166667;-32.0833333;6;
2;AUS;Western AUS;Beraking;;116.3166667;-32.0833333;6;
2;AUS;Western AUS;Berkshire Valley;;116.1666667;-30.55;6;
2;AUS;Western AUS;Beverley;;116.9166667;-32.1166667;6;
2;AUS;Western AUS;Bickley;;116.0833333;-32;6;
2;AUS;Western AUS;Bicton;;115.7833333;-32.0277778;6;
2;AUS;Western AUS;Big Bell;;117.6666667;-27.35;6;
2;AUS;Western AUS;Billaricay;;118.3333333;-32.3;6;
2;AUS;Western AUS;Bindi Bindi;;116.3666667;-30.6333333;6;
2;AUS;Western AUS;Binningup;;115.6833333;-33.15;6;
2;AUS;Western AUS;Binnu;;114.65;-28.0333333;6;
2;AUS;Western AUS;Black Flag;;121.2333333;-30.5666667;6;
2;AUS;Western AUS;Blue Spec;;120.2833333;-21.8;6;
2;AUS;Western AUS;Bodallin;;118.8666667;-31.3666667;6;
2;AUS;Western AUS;Boddalin;;118.8666667;-31.3666667;6;
2;AUS;Western AUS;Boddington;;116.4666667;-32.8;6;
2;AUS;Western AUS;Bokal;;116.9;-33.5;6;
2;AUS;Western AUS;Bolgart;;116.5;-31.2666667;6;
2;AUS;Western AUS;Bonnie Rock;;118.35;-30.5333333;6;
2;AUS;Western AUS;Bonnie Vale;;121.1666667;-30.85;6;
2;AUS;Western AUS;Boodarockin;;118.8166667;-31.0166667;6;
2;AUS;Western AUS;Boogardie;;117.7833333;-28.0333333;6;
2;AUS;Western AUS;Boondi;;120.3833333;-31.1833333;6;
2;AUS;Western AUS;Booraan;;118.3833333;-31.45;6;
2;AUS;Western AUS;Boorabbin;;120.3;-31.2;6;
2;AUS;Western AUS;Boorara;;121.6333333;-30.8166667;6;
2;AUS;Western AUS;Bootenal;;114.7166667;-28.8666667;6;
2;AUS;Western AUS;Borden;;118.2666667;-34.0833333;6;
2;AUS;Western AUS;Bornholm;;117.5833333;-35.05;6;
2;AUS;Western AUS;Boscabel;;117.05;-33.6666667;6;
2;AUS;Western AUS;Botherling;;116.8;-31.1333333;6;
2;AUS;Western AUS;Boulder;;121.4833333;-30.7833333;6;
2;AUS;Western AUS;Boundain;;117.3166667;-32.95;6;
2;AUS;Western AUS;Bowelling;;116.5;-33.4166667;6;
2;AUS;Western AUS;Bowes;;114.6666667;-28.3833333;6;
2;AUS;Western AUS;Bowgada;;116.1666667;-29.3333333;6;
2;AUS;Western AUS;Boya;;116.05;-31.9333333;6;
2;AUS;Western AUS;Boyanup;;115.7333333;-33.4833333;6;
2;AUS;Western AUS;Boyup Brook;;116.4;-33.8333333;6;
2;AUS;Western AUS;Bramley;;115.1;-33.9;6;
2;AUS;Western AUS;Bridgetown;;116.1333333;-33.95;6;
2;AUS;Western AUS;Bringo;;114.8333333;-28.7333333;6;
2;AUS;Western AUS;Broad Arrow;;121.45;-30.3333333;6;
2;AUS;Western AUS;Bromus;;121.6333333;-32.5;6;
2;AUS;Western AUS;Brookdale;;115.95;-32.7;6;
2;AUS;Western AUS;Brookton;;117.0166667;-32.3666667;6;
2;AUS;Western AUS;Broome;;122.2333333;-17.9666667;6;
2;AUS;Western AUS;Broomehill;;117.65;-33.85;6;
2;AUS;Western AUS;Brown Hill;;121.5;-30.7666667;6;
2;AUS;Western AUS;Bruce Rock;;118.15;-31.8833333;6;
2;AUS;Western AUS;Brunswick Junction;;115.8333333;-33.25;6;
2;AUS;Western AUS;Buckingham;;116.3333333;-33.4;6;
2;AUS;Western AUS;Buckinghams Mill;;116.3333333;-33.4;6;
2;AUS;Western AUS;Bulading;;116.6166667;-33.3666667;6;
2;AUS;Western AUS;Bullabulling;;120.5333333;-31.0166667;6;
2;AUS;Western AUS;Bullaring;;117.7333333;-32.5;6;
2;AUS;Western AUS;Bullfinch;;119.1;-30.9833333;6;
2;AUS;Western AUS;Bullsbrook;;116;-31.6666667;6;
2;AUS;Western AUS;Bulong;;121.8;-30.75;6;
2;AUS;Western AUS;Bulyee;;117.5166667;-32.3666667;6;
2;AUS;Western AUS;Bunbury;;115.6333333;-33.3333333;6;
2;AUS;Western AUS;Bundera Bundera;;113.8;-22.4;6;
2;AUS;Western AUS;Bungulluping;;118.2333333;-31.9666667;6;
2;AUS;Western AUS;Buniche;;118.8166667;-33;6;
2;AUS;Western AUS;Bunjil;;116.3666667;-29.65;6;
2;AUS;Western AUS;Bunketch;;117.1666667;-30.4333333;6;
2;AUS;Western AUS;Buntine;;116.5666667;-29.9833333;6;
2;AUS;Western AUS;Burabadji;;116.8;-31.2166667;6;
2;AUS;Western AUS;Burakin;;117.1666667;-30.5166667;6;
2;AUS;Western AUS;Burbanks;;121.1333333;-31.05;6;
2;AUS;Western AUS;Burbidge;;119.5666667;-31.55;6;
2;AUS;Western AUS;Burekup;;115.8166667;-33.3;6;
2;AUS;Western AUS;Burges;;116.7833333;-31.8166667;6;
2;AUS;Western AUS;Burngup;;118.7;-33.0333333;6;
2;AUS;Western AUS;Burracoppin;;118.4833333;-31.3833333;6;
2;AUS;Western AUS;Burran Rock;;118;-31.25;6;
2;AUS;Western AUS;Burtville;;122.65;-28.7833333;6;
2;AUS;Western AUS;Busselton;;115.3333333;-33.65;6;
2;AUS;Western AUS;Byford;;116;-32.2166667;6;
2;AUS;Western AUS;Cadoux;;117.1333333;-30.7833333;6;
2;AUS;Western AUS;Caitup;;121.85;-33.75;6;
2;AUS;Western AUS;Calcarra;;116.4666667;-31.1333333;6;
2;AUS;Western AUS;Calingiri;;116.45;-31.1;6;
2;AUS;Western AUS;Campion;;118.4833333;-31.0333333;6;
2;AUS;Western AUS;Cancanning;;117.5666667;-33.1333333;6;
2;AUS;Western AUS;Canna;;115.85;-28.9;6;
2;AUS;Western AUS;Cannington;;115.95;-32.0166667;6;
2;AUS;Western AUS;Capel;;115.55;-33.5666667;6;
2;AUS;Western AUS;Capercup;;116.7333333;-33.5166667;6;
2;AUS;Western AUS;Carani;;116.4;-30.9833333;6;
2;AUS;Western AUS;Carbarup;;117.7;-34.5166667;6;
2;AUS;Western AUS;Carbine;;120.9;-30.4833333;6;
2;AUS;Western AUS;Carbunup;;115.1833333;-33.7;6;
2;AUS;Western AUS;Cardup;;116;-32.25;6;
2;AUS;Western AUS;Carilla;;116.1333333;-32.0333333;6;
2;AUS;Western AUS;Carinyah;;116.1666667;-32.0833333;6;
2;AUS;Western AUS;Carlecatup;;117.3333333;-33.8333333;6;
2;AUS;Western AUS;Carmel;;116.1;-32.0166667;6;
2;AUS;Western AUS;Carnage;;120.9333333;-30.3833333;6;
2;AUS;Western AUS;Carnamah;;115.8833333;-29.7;6;
2;AUS;Western AUS;Carnarvon;;113.6333333;-24.8666667;6;
2;AUS;Western AUS;Caroling;;117.5;-32.0666667;6;
2;AUS;Western AUS;Caron;;116.3;-29.5833333;6;
2;AUS;Western AUS;Carrabin;;118.6833333;-31.3833333;6;
2;AUS;Western AUS;Carrolup;;117.4333333;-33.75;6;
2;AUS;Western AUS;Cartacup;;119.8166667;-33.5666667;6;
2;AUS;Western AUS;Cartmeticup;;117.5333333;-33.4666667;6;
2;AUS;Western AUS;Caversham;;115.9666667;-31.8833333;6;
2;AUS;Western AUS;Celebration;;121.5833333;-31.0166667;6;
2;AUS;Western AUS;Cervantes;;115.0638889;-30.5005556;6;
2;AUS;Western AUS;Chadoora;;116.2166667;-32.7666667;6;
2;AUS;Western AUS;Chedaring;;116.3666667;-31.7833333;6;
2;AUS;Western AUS;Cheritons Find;;119.6333333;-31.8166667;6;
2;AUS;Western AUS;Cherry Tree Pool;;117.2833333;-33.75;6;
2;AUS;Western AUS;Chillilup;;118.6166667;-34.3333333;6;
2;AUS;Western AUS;Chinocup;;118.3833333;-33.5333333;6;
2;AUS;Western AUS;Chinokup;;118.3833333;-33.5333333;6;
2;AUS;Western AUS;Chittering;;116.1;-31.4833333;6;
2;AUS;Western AUS;Chorkerup;;117.7;-34.8166667;6;
2;AUS;Western AUS;Chowerup;;116.6666667;-34.1;6;
2;AUS;Western AUS;Circle Valley;;121.6833333;-33.0833333;6;
2;AUS;Western AUS;Clackline;;116.5333333;-31.7333333;6;
2;AUS;Western AUS;Clampton;;119.1;-29.9333333;6;
2;AUS;Western AUS;Claremont;;115.7861111;-31.9875;6;
2;AUS;Western AUS;Cleary;;117.6333333;-30.4333333;6;
2;AUS;Western AUS;Coates;;116.4;-31.75;6;
2;AUS;Western AUS;Collanilling;;117.5;-33.2666667;6;
2;AUS;Western AUS;Collgar;;118.3666667;-31.55;6;
2;AUS;Western AUS;Collie Burn;;116.1833333;-33.4;6;
2;AUS;Western AUS;Collie Cardiff;;116.2;-33.4333333;6;
2;AUS;Western AUS;Collie;;116.15;-33.3666667;6;
2;AUS;Western AUS;Comet Vale;;121.1166667;-29.95;6;
2;AUS;Western AUS;Comet;;119.7166667;-21.2333333;6;
2;AUS;Western AUS;Condon;;119.3666667;-20.0166667;6;
2;AUS;Western AUS;Congelin;;116.8833333;-32.8333333;6;
2;AUS;Western AUS;Contine;;116.9666667;-32.8666667;6;
2;AUS;Western AUS;Coogee;;115.7666667;-32.1166667;6;
2;AUS;Western AUS;Cooglegong;;119.4;-21.5;6;
2;AUS;Western AUS;Cookernup;;115.8833333;-32.9833333;6;
2;AUS;Western AUS;Coolboogin;;117.5166667;-30.95;6;
2;AUS;Western AUS;Coolgardie;;121.1666667;-30.95;6;
2;AUS;Western AUS;Coolimba;;114.9958333;-29.8583333;6;
2;AUS;Western AUS;Coolup;;115.8666667;-32.75;6;
2;AUS;Western AUS;Coomberdale;;116.0333333;-30.4666667;6;
2;AUS;Western AUS;Coonana;;123.1166667;-31.0166667;6;
2;AUS;Western AUS;Coondle;;116.4333333;-31.4833333;6;
2;AUS;Western AUS;Coorow;;116.0166667;-29.8833333;6;
2;AUS;Western AUS;Cordering;;116.6666667;-33.5166667;6;
2;AUS;Western AUS;Corinthian;;119.2166667;-31.1166667;6;
2;AUS;Western AUS;Corrigin;;117.8666667;-32.35;6;
2;AUS;Western AUS;Cosmo Newberry;;122.9;-28;6;
2;AUS;Western AUS;Cosmo Newbery;;122.9;-28;6;
2;AUS;Western AUS;Cossack;;117.2;-20.7;6;
2;AUS;Western AUS;Cottesloe;;115.7666667;-32;6;
2;AUS;Western AUS;Courtlea;;116.65;-30.3166667;6;
2;AUS;Western AUS;Cowaramup;;115.0833333;-33.8666667;6;
2;AUS;Western AUS;Cowcowing;;117.45;-30.9833333;6;
2;AUS;Western AUS;Cowerdup;;119.9666667;-33.8166667;6;
2;AUS;Western AUS;Cramphorne;;118.55;-31.8333333;6;
2;AUS;Western AUS;Crampthorne;;118.55;-31.8333333;6;
2;AUS;Western AUS;Cranbrook;;117.3333333;-34.25;6;
2;AUS;Western AUS;Crawley-Nedlands;;115.8;-31.9833333;6;
2;AUS;Western AUS;Crossman;;116.6;-32.7833333;6;
2;AUS;Western AUS;Cuballing;;117.1833333;-32.8333333;6;
2;AUS;Western AUS;Cuddingwarra;;117.7833333;-27.35;6;
2;AUS;Western AUS;Cue;;117.9;-27.4166667;6;
2;AUS;Western AUS;Culbin;;116.8333333;-33.1666667;6;
2;AUS;Western AUS;Culham;;116.4666667;-31.4166667;6;
2;AUS;Western AUS;Cunderdin North;;117.2166667;-31.5333333;6;
2;AUS;Western AUS;Cunderdin;;117.25;-31.65;6;
2;AUS;Western AUS;Cunjardine;;116.7833333;-31.4666667;6;
2;AUS;Western AUS;Curara;;115.5666667;-28.5833333;6;
2;AUS;Western AUS;Cuthbert;;117.7983333;-35.0158333;6;
2;AUS;Western AUS;Daadenning Creek;;117.7833333;-31.7666667;6;
2;AUS;Western AUS;Dale Bridge;;116.8166667;-32.0833333;6;
2;AUS;Western AUS;Dalkeith;;115.7958333;-31.9958333;6;
2;AUS;Western AUS;Dalton Mining Centre;;119.2333333;-21.4833333;6;
2;AUS;Western AUS;Dalton;;119.2333333;-21.4833333;6;
2;AUS;Western AUS;Dalwallinu;;116.6666667;-30.2833333;6;
2;AUS;Western AUS;Damboring;;116.7;-30.5166667;6;
2;AUS;Western AUS;Dampier;;116.7;-20.6666667;6;
2;AUS;Western AUS;Dandaragan;;115.7;-30.6666667;6;
2;AUS;Western AUS;Dandarragan;;115.7;-30.6666667;6;
2;AUS;Western AUS;Dangin;;117.3166667;-32.05;6;
2;AUS;Western AUS;Daniell;;121.6166667;-32.6;6;
2;AUS;Western AUS;Dardadine;;116.8333333;-33.2333333;6;
2;AUS;Western AUS;Dardanup;;115.75;-33.4;6;
2;AUS;Western AUS;Darkan;;116.7333333;-33.3333333;6;
2;AUS;Western AUS;Darkin;;116.2666667;-32.05;6;
2;AUS;Western AUS;Darlington;;116.0833333;-31.9166667;6;
2;AUS;Western AUS;Datatine;;117.9166667;-33.4666667;6;
2;AUS;Western AUS;Daveyhurst;;120.6333333;-30.05;6;
2;AUS;Western AUS;Davyhurst;;120.6333333;-30.05;6;
2;AUS;Western AUS;Day Dawn;;117.85;-27.4833333;6;
2;AUS;Western AUS;Deanmill;;116.0833333;-34.25;6;
2;AUS;Western AUS;Deeside Homestead;;116.4166667;-34.4;6;
2;AUS;Western AUS;Deeside;;116.4166667;-34.4;6;
2;AUS;Western AUS;Denham;;113.5422222;-25.9333333;6;
2;AUS;Western AUS;Denison;;114.9166667;-29.2833333;6;
2;AUS;Western AUS;Denmark;;117.35;-34.95;6;
2;AUS;Western AUS;Derby;;123.9666667;-17.3;6;
2;AUS;Western AUS;Desmond;;120.1833333;-33.6333333;6;
2;AUS;Western AUS;Devan Find Mining Centre;;119.4;-22.9;6;
2;AUS;Western AUS;Devans Find Mining Centre;;119.4;-22.9;6;
2;AUS;Western AUS;Devans Find;;119.4;-22.9;6;
2;AUS;Western AUS;Dewars Pool;;116.4333333;-31.4833333;6;
2;AUS;Western AUS;Dindiloa;;114.8;-28.45;6;
2;AUS;Western AUS;Dinninup;;116.55;-33.8166667;6;
2;AUS;Western AUS;Doconing;;116.3;-31.85;6;
2;AUS;Western AUS;Dongara;;114.9333333;-29.25;6;
2;AUS;Western AUS;Dongarra;;114.9333333;-29.25;6;
2;AUS;Western AUS;Dongolocking;;117.8166667;-33.1333333;6;
2;AUS;Western AUS;Donnybrook;;115.8166667;-33.5833333;6;
2;AUS;Western AUS;Doodenanning;;117.15;-31.8666667;6;
2;AUS;Western AUS;Doodlakine;;117.85;-31.5833333;6;
2;AUS;Western AUS;Doombup;;122.0333333;-33.8166667;6;
2;AUS;Western AUS;Dornock;;118.5833333;-32.8;6;
2;AUS;Western AUS;Dowak;;121.55;-32.9;6;
2;AUS;Western AUS;Dowerin;;117.0333333;-31.2;6;
2;AUS;Western AUS;Drummond Cove;;114.6116667;-28.6716667;6;
2;AUS;Western AUS;Dryandra;;116.9666667;-32.7666667;6;
2;AUS;Western AUS;Dudawa;;115.7166667;-29.3833333;6;
2;AUS;Western AUS;Dudinin;;117.9;-32.8833333;6;
2;AUS;Western AUS;Duggan;;118.15;-33.15;6;
2;AUS;Western AUS;Dukin;;117.4166667;-30.95;6;
2;AUS;Western AUS;Dulbelling;;117.2666667;-32.05;6;
2;AUS;Western AUS;Dumbleyung;;117.7333333;-33.3166667;6;
2;AUS;Western AUS;Dundas;;121.7666667;-32.4;6;
2;AUS;Western AUS;Dunnsville;;120.8833333;-30.6333333;6;
2;AUS;Western AUS;Dunsborough;;115.0833333;-33.5833333;6;
2;AUS;Western AUS;Duranillin;;116.7833333;-33.5166667;6;
2;AUS;Western AUS;Duranilling;;116.7833333;-33.5166667;6;
2;AUS;Western AUS;Duri;;120.2;-31.2166667;6;
2;AUS;Western AUS;Dwarda;;116.6666667;-32.7666667;6;
2;AUS;Western AUS;Dwellingup;;116.0666667;-32.7166667;6;
2;AUS;Western AUS;East Arthur;;117.05;-33.4333333;6;
2;AUS;Western AUS;East Beverley;;117.0166667;-32.0333333;6;
2;AUS;Western AUS;East Fremantle;;115.7666667;-32.0388889;6;
2;AUS;Western AUS;East Kirup Mill;;116.05;-33.7;6;
2;AUS;Western AUS;East Knodut;;116.9;-30.6833333;6;
2;AUS;Western AUS;East Popanyinning;;117.25;-32.6333333;6;
2;AUS;Western AUS;East Wickepin;;117.65;-32.7833333;6;
2;AUS;Western AUS;East Witchcliffe;;115.1166667;-34.0166667;6;
2;AUS;Western AUS;Eastbrook;;116.1;-34.4;6;
2;AUS;Western AUS;Eastern Creek Mining Centre;;120.6166667;-21.6833333;6;
2;AUS;Western AUS;Eastern Creek;;120.6166667;-21.6833333;6;
2;AUS;Western AUS;Eaton;;115.7166667;-33.3166667;6;
2;AUS;Western AUS;Ejanding;;117.1166667;-31.0333333;6;
2;AUS;Western AUS;Elabbin;;118.1333333;-31.2333333;6;
2;AUS;Western AUS;Elleker;;117.7302778;-35.0091667;6;
2;AUS;Western AUS;Elphin;;116.6666667;-30.85;6;
2;AUS;Western AUS;Emu Hill;;118.35;-32.1166667;6;
2;AUS;Western AUS;Emu Point;;117.9380556;-34.9983333;6;
2;AUS;Western AUS;Esperance;;121.9;-33.8666667;6;
2;AUS;Western AUS;Eucla Telegraph Office;;128.8666667;-31.7166667;6;
2;AUS;Western AUS;Eucla;;128.8666667;-31.7166667;6;
2;AUS;Western AUS;Eujinyn;;118.05;-31.9;6;
2;AUS;Western AUS;Eundyne;;121.8;-31.7833333;6;
2;AUS;Western AUS;Eundynie;;121.8;-31.7833333;6;
2;AUS;Western AUS;Ewlyamartup;;117.7333333;-33.7;6;
2;AUS;Western AUS;Exmouth;;114.1333333;-21.9333333;6;
2;AUS;Western AUS;Eyre;;126.3;-32.25;6;
2;AUS;Western AUS;Falcondale;;118.2833333;-33.3;6;
2;AUS;Western AUS;Field Finds;;117.2666667;-29.0333333;6;
2;AUS;Western AUS;Fields Find;;117.2666667;-29.0333333;6;
2;AUS;Western AUS;Fitzroy Crossing;;125.5833333;-18.1833333;6;
2;AUS;Western AUS;Fitzroy;;125.5833333;-18.1833333;6;
2;AUS;Western AUS;Flat Rocks;;117.3833333;-33.95;6;
2;AUS;Western AUS;Flinders Bay;;115.1666667;-34.35;6;
2;AUS;Western AUS;Forest Grove;;115.0833333;-34.0666667;6;
2;AUS;Western AUS;Formby;;118.05;-33.9666667;6;
2;AUS;Western AUS;Forrest;;128.1;-30.85;6;
2;AUS;Western AUS;Frankland;;117.0666667;-34.3666667;6;
2;AUS;Western AUS;Fremantle;;115.7666667;-32.05;6;
2;AUS;Western AUS;Gabalong;;116.3833333;-30.7166667;6;
2;AUS;Western AUS;Gabanintha;;118.6333333;-26.9333333;6;
2;AUS;Western AUS;Gabbin;;117.6833333;-30.8;6;
2;AUS;Western AUS;Galena;;114.6833333;-27.8333333;6;
2;AUS;Western AUS;Garden Gully;;118.45;-26.4666667;6;
2;AUS;Western AUS;Garratt;;119.25;-31.2666667;6;
2;AUS;Western AUS;Gascoyne Junction;;115.2166667;-25.05;6;
2;AUS;Western AUS;Geeralying;;117.0333333;-32.9833333;6;
2;AUS;Western AUS;Geraldton;;114.6;-28.7666667;6;
2;AUS;Western AUS;Ghooli;;119.45;-31.25;6;
2;AUS;Western AUS;Gibson;;121.8;-33.65;6;
2;AUS;Western AUS;Gilgai;;119.9333333;-31.25;6;
2;AUS;Western AUS;Gilgering;;116.8;-32.0166667;6;
2;AUS;Western AUS;Gillingarra;;116.05;-30.9333333;6;
2;AUS;Western AUS;Gingin;;115.9;-31.35;6;
2;AUS;Western AUS;Gladstone;;114.25;-25.9333333;6;
2;AUS;Western AUS;Glenlynn;;116.15;-34;6;
2;AUS;Western AUS;Gnarming;;118.2;-32.6166667;6;
2;AUS;Western AUS;Gnowangerup;;117.9833333;-33.9333333;6;
2;AUS;Western AUS;Gnows Nest;;116.8666667;-28.5666667;6;
2;AUS;Western AUS;Goldsworthy;;119.5333333;-20.35;6;
2;AUS;Western AUS;Goodia;;121.6833333;-32.4;6;
2;AUS;Western AUS;Goomalling;;116.8166667;-31.3166667;6;
2;AUS;Western AUS;Goomarin;;118.4;-31.2333333;6;
2;AUS;Western AUS;Goongarrie;;121.15;-30.05;6;
2;AUS;Western AUS;Gooseberry Hill;;116.05;-31.95;6;
2;AUS;Western AUS;Gorge Rock;;117.9333333;-32.45;6;
2;AUS;Western AUS;Gosnells;;116;-32.0833333;6;
2;AUS;Western AUS;Graball;;118.5666667;-32.0333333;6;
2;AUS;Western AUS;Gramphorne;;118.55;-31.8333333;6;
2;AUS;Western AUS;Grants Patch;;121.1166667;-30.45;6;
2;AUS;Western AUS;Grasmere;;117.7555556;-35.0180556;6;
2;AUS;Western AUS;Grass Patch;;121.7166667;-33.2333333;6;
2;AUS;Western AUS;Grass Valley;;116.8;-31.65;6;
2;AUS;Western AUS;Grassmere;;117.7555556;-35.0180556;6;
2;AUS;Western AUS;Green Head;;114.9672222;-30.0716667;6;
2;AUS;Western AUS;Greenbushes;;116.05;-33.85;6;
2;AUS;Western AUS;Greenhills;;116.9666667;-31.9333333;6;
2;AUS;Western AUS;Greenmount;;116.05;-31.9;6;
2;AUS;Western AUS;Greenough;;114.7333333;-28.95;6;
2;AUS;Western AUS;Greylands;;115.7791667;-31.9736111;6;
2;AUS;Western AUS;Gudarra;;121.3333333;-30.4833333;6;
2;AUS;Western AUS;Guilderton;;115.5013889;-31.35;6;
2;AUS;Western AUS;Guildford;;115.9666667;-31.9;6;
2;AUS;Western AUS;Gunyidi;;116.0666667;-30.1333333;6;
2;AUS;Western AUS;Gutha;;115.9333333;-28.9833333;6;
2;AUS;Western AUS;Gwambygine;;116.8;-31.9833333;6;
2;AUS;Western AUS;Haig;;126.0833333;-31.0166667;6;
2;AUS;Western AUS;Hakea;;116.2833333;-32.9333333;6;
2;AUS;Western AUS;Halls Creek;;127.7666667;-18.2666667;6;
2;AUS;Western AUS;Hamel;;115.9166667;-32.8833333;6;
2;AUS;Western AUS;Hamelin Bay;;115.0166667;-34.225;6;
2;AUS;Western AUS;Hamersley;;116.7166667;-31.7666667;6;
2;AUS;Western AUS;Harewood;;117.25;-34.9166667;6;
2;AUS;Western AUS;Harrismith;;117.8666667;-32.9333333;6;
2;AUS;Western AUS;Harvey;;115.9;-33.0833333;6;
2;AUS;Western AUS;Haynesdale;;117.0833333;-34.2833333;6;
2;AUS;Western AUS;Hedges;;118.35;-32.1666667;6;
2;AUS;Western AUS;Herne Hill;;116.0166667;-31.8333333;6;
2;AUS;Western AUS;Hester;;116.15;-33.9;6;
2;AUS;Western AUS;Higginsville;;121.7166667;-31.75;6;
2;AUS;Western AUS;Highbury;;117.25;-33.0666667;6;
2;AUS;Western AUS;Hines Hill;;118.0833333;-31.5333333;6;
2;AUS;Western AUS;Hoddy Well;;116.4833333;-31.6333333;6;
2;AUS;Western AUS;Hoffmans Mill;;116.0833333;-33;6;
2;AUS;Western AUS;Holdens Find;;118.5666667;-25.9166667;6;
2;AUS;Western AUS;Holleton;;119.0333333;-31.95;6;
2;AUS;Western AUS;Holly;;117.4833333;-33.8;6;
2;AUS;Western AUS;Holt Rock;;119.4166667;-32.6666667;6;
2;AUS;Western AUS;Holyoake;;116.0833333;-32.7166667;6;
2;AUS;Western AUS;Hopes Hill;;119.2;-31.1833333;6;
2;AUS;Western AUS;Hopetoun;;120.1166667;-33.95;6;
2;AUS;Western AUS;Hopetown;;120.1166667;-33.95;6;
2;AUS;Western AUS;Horrocks;;114.43;-28.3861111;6;
2;AUS;Western AUS;Horse Shoe;;118.5833333;-25.45;6;
2;AUS;Western AUS;Hotham;;116.3;-32.8;6;
2;AUS;Western AUS;Hovea;;116.1;-31.8833333;6;
2;AUS;Western AUS;Howatharra;;114.6166667;-28.5333333;6;
2;AUS;Western AUS;Huntly;;116.0666667;-32.5833333;6;
2;AUS;Western AUS;Hutt;;114.65;-28.1166667;6;
2;AUS;Western AUS;Hyden;;118.8833333;-32.45;6;
2;AUS;Western AUS;Illawong;;114.9583333;-29.7;6;
2;AUS;Western AUS;Inglehope;;116.1666667;-32.7666667;6;
2;AUS;Western AUS;Irwin;;115.0666667;-29.2;6;
2;AUS;Western AUS;Isseka;;114.6333333;-28.4333333;6;
2;AUS;Western AUS;Ives Find;;120.7666667;-26.9166667;6;
2;AUS;Western AUS;Ives;;120.7666667;-26.9166667;6;
2;AUS;Western AUS;Jacobs Well;;117.2;-32.0333333;6;
2;AUS;Western AUS;Jacup;;119.2666667;-33.8166667;6;
2;AUS;Western AUS;Jaloran;;117.4333333;-33.15;6;
2;AUS;Western AUS;Jardee;;116.1166667;-34.2833333;6;
2;AUS;Western AUS;Jarrahdale;;116.0666667;-32.35;6;
2;AUS;Western AUS;Jarrahwood;;115.6666667;-33.8;6;
2;AUS;Western AUS;Jaurdi;;120.1666667;-30.8166667;6;
2;AUS;Western AUS;Jennaberring;;117.4833333;-31.9;6;
2;AUS;Western AUS;Jennacubbine;;116.7333333;-31.45;6;
2;AUS;Western AUS;Jennapullin;;116.7;-31.5333333;6;
2;AUS;Western AUS;Jilakin;;118.3333333;-32.6666667;6;
2;AUS;Western AUS;Jimble Bar Mining Centre;;120.1833333;-23.4666667;6;
2;AUS;Western AUS;Jimblebar;;120.1833333;-23.4666667;6;
2;AUS;Western AUS;Jingalup;;117.0333333;-33.9666667;6;
2;AUS;Western AUS;Jingymia;;117.4166667;-30.4666667;6;
2;AUS;Western AUS;Jitarning;;117.9833333;-32.8;6;
2;AUS;Western AUS;Juendine;;116.75;-31.5833333;6;
2;AUS;Western AUS;Jura;;118.1833333;-31.8166667;6;
2;AUS;Western AUS;Juradine;;116.75;-31.5833333;6;
2;AUS;Western AUS;Jurien;;115.0375;-30.3041667;6;
2;AUS;Western AUS;Kalannie;;117.1166667;-30.35;6;
2;AUS;Western AUS;Kalbarri;;114.1666667;-27.6666667;6;
2;AUS;Western AUS;Kalgan;;118.0130556;-34.8847222;6;
2;AUS;Western AUS;Kalgoorlie;;121.4666667;-30.75;6;
2;AUS;Western AUS;Kalguddering;;116.75;-30.9666667;6;
2;AUS;Western AUS;Kambalda;;121.6666667;-31.2;6;
2;AUS;Western AUS;Kanowna;;121.6;-30.6;6;
2;AUS;Western AUS;Karlgarin;;118.7;-32.5;6;
2;AUS;Western AUS;Karnilbinia;;122.1666667;-31.05;6;
2;AUS;Western AUS;Karnup;;115.8166667;-32.3666667;6;
2;AUS;Western AUS;Karonie;;122.5333333;-30.9666667;6;
2;AUS;Western AUS;Karping;;117.0833333;-32.6;6;
2;AUS;Western AUS;Karragullen;;116.1333333;-32.1;6;
2;AUS;Western AUS;Karranadgin;;116.75;-31.2333333;6;
2;AUS;Western AUS;Karranadjin;;116.75;-31.2333333;6;
2;AUS;Western AUS;Karridale;;115.0833333;-34.2166667;6;
2;AUS;Western AUS;Katanning;;117.55;-33.7;6;
2;AUS;Western AUS;Keane;;119.1833333;-31.2666667;6;
2;AUS;Western AUS;Kebaringup;;118.15;-34.0333333;6;
2;AUS;Western AUS;Kellandi;;119.75;-31.3;6;
2;AUS;Western AUS;Kellerberrin;;117.7166667;-31.6333333;6;
2;AUS;Western AUS;Kelmscott;;116.0166667;-32.1166667;6;
2;AUS;Western AUS;Kendenup;;117.65;-34.4833333;6;
2;AUS;Western AUS;Kennyville;;119.3666667;-31.3;6;
2;AUS;Western AUS;Kent River;;117.0166667;-34.95;6;
2;AUS;Western AUS;Kentdale;;117.05;-34.9;6;
2;AUS;Western AUS;Kenwick;;115.9666667;-32.0333333;6;
2;AUS;Western AUS;Key Farm;;116.4666667;-31.5833333;6;
2;AUS;Western AUS;Keysbrook;;115.9666667;-32.4333333;6;
2;AUS;Western AUS;King River;;117.9127778;-34.9297222;6;
2;AUS;Western AUS;Kings Find;;117.3;-29.2833333;6;
2;AUS;Western AUS;Kintore;;121.0166667;-30.6;6;
2;AUS;Western AUS;Kirup;;115.9;-33.7;6;
2;AUS;Western AUS;Kirwan;;117.1666667;-30.6;6;
2;AUS;Western AUS;Kitchener;;124.1833333;-31.0333333;6;
2;AUS;Western AUS;Kodj Kodjin;;117.8333333;-31.2833333;6;
2;AUS;Western AUS;Kojarena;;114.85;-28.7333333;6;
2;AUS;Western AUS;Kojonup;;117.15;-33.8333333;6;
2;AUS;Western AUS;Kokardine;;117.1666667;-30.7;6;
2;AUS;Western AUS;Kondinin;;118.2666667;-32.5;6;
2;AUS;Western AUS;Kondut East;;116.9;-30.6833333;6;
2;AUS;Western AUS;Kondut;;116.7666667;-30.7166667;6;
2;AUS;Western AUS;Konnongorring;;116.7833333;-31.0833333;6;
2;AUS;Western AUS;Koojan;;116.0166667;-30.8166667;6;
2;AUS;Western AUS;Koojedda;;116.4333333;-31.75;6;
2;AUS;Western AUS;Kookynie;;121.4833333;-29.3333333;6;
2;AUS;Western AUS;Koolanooka;;116.0666667;-29.25;6;
2;AUS;Western AUS;Koomberkine;;117.0333333;-31.1;6;
2;AUS;Western AUS;Koonadgin;;118.5166667;-31.6;6;
2;AUS;Western AUS;Koorarawalyee;;120.0166667;-31.25;6;
2;AUS;Western AUS;Koorda;;117.4833333;-30.8333333;6;
2;AUS;Western AUS;Korbel;;118.1666667;-31.65;6;
2;AUS;Western AUS;Korraling;;116.7166667;-30.7833333;6;
2;AUS;Western AUS;Korrelocking;;117.4666667;-31.2;6;
2;AUS;Western AUS;Kronkup;;117.6241667;-35.0369444;6;
2;AUS;Western AUS;Kudardup;;115.1;-34.2833333;6;
2;AUS;Western AUS;Kuender;;118.5333333;-32.95;6;
2;AUS;Western AUS;Kukerin;;118.0833333;-33.1833333;6;
2;AUS;Western AUS;Kuliba;;120.1666667;-33.8333333;6;
2;AUS;Western AUS;Kulikup;;116.6833333;-33.8166667;6;
2;AUS;Western AUS;Kulin;;118.1666667;-32.6666667;6;
2;AUS;Western AUS;Kulja;;117.2666667;-30.4833333;6;
2;AUS;Western AUS;Kumarina Mining Centre;;119.5333333;-24.7;6;
2;AUS;Western AUS;Kumarina;;119.5333333;-24.7;6;
2;AUS;Western AUS;Kumarl;;121.55;-32.7833333;6;
2;AUS;Western AUS;Kunanalling;;121.0666667;-30.6833333;6;
2;AUS;Western AUS;Kundana;;121.2333333;-30.7;6;
2;AUS;Western AUS;Kundip;;120.1666667;-33.7;6;
2;AUS;Western AUS;Kunjin;;117.7666667;-32.35;6;
2;AUS;Western AUS;Kununurra;;128.7333333;-15.7666667;6;
2;AUS;Western AUS;Kuringup;;118.3166667;-33.5166667;6;
2;AUS;Western AUS;Kurnalpi;;122.2333333;-30.5333333;6;
2;AUS;Western AUS;Kurrawang;;121.35;-30.8166667;6;
2;AUS;Western AUS;Kurrenkutten;;118.2166667;-32.25;6;
2;AUS;Western AUS;Kweda;;117.4333333;-32.3666667;6;
2;AUS;Western AUS;Kwobrup;;117.9666667;-33.6166667;6;
2;AUS;Western AUS;Kwolyin;;117.7666667;-31.9166667;6;
2;AUS;Western AUS;Kybelup;;119.95;-33.7666667;6;
2;AUS;Western AUS;Kybulup;;119.95;-33.7666667;6;
2;AUS;Western AUS;Lake Biddy;;118.95;-33;6;
2;AUS;Western AUS;Lake Brown;;118.3333333;-30.95;6;
2;AUS;Western AUS;Lake Camm;;119.5833333;-32.9833333;6;
2;AUS;Western AUS;Lake Grace;;118.4666667;-33.1;6;
2;AUS;Western AUS;Lake King;;119.6666667;-33.0833333;6;
2;AUS;Western AUS;Lake Varley;;119.45;-32.7666667;6;
2;AUS;Western AUS;Lakewood;;121.5333333;-30.8;6;
2;AUS;Western AUS;Lalla Rookh Mining Centre;;119.2666667;-21.05;6;
2;AUS;Western AUS;Lalla Rookh;;119.2666667;-21.05;6;
2;AUS;Western AUS;Lancelin;;115.3319444;-31.0233333;6;
2;AUS;Western AUS;Lancing;;118.95;-33.0833333;6;
2;AUS;Western AUS;Larkinville;;121.5;-31.4333333;6;
2;AUS;Western AUS;Latham;;116.4333333;-29.75;6;
2;AUS;Western AUS;Laurier;;118.35;-34.05;6;
2;AUS;Western AUS;Laverton;;122.4166667;-28.6333333;6;
2;AUS;Western AUS;Lawlers;;120.5166667;-28.0833333;6;
2;AUS;Western AUS;Lawnswood;;116.5166667;-31.7;6;
2;AUS;Western AUS;Learmonth;;114.0833333;-22.25;6;
2;AUS;Western AUS;Leeman;;114.9805556;-29.9458333;6;
2;AUS;Western AUS;Lennonville;;117.8333333;-27.9666667;6;
2;AUS;Western AUS;Leonora;;121.3166667;-28.8833333;6;
2;AUS;Western AUS;Lilliginni;;120.7666667;-31.05;6;
2;AUS;Western AUS;Linden;;122.4166667;-29.3;6;
2;AUS;Western AUS;Lionel;;120.1166667;-21.65;6;
2;AUS;Western AUS;Lloyd Crossing;;116.4833333;-31.5666667;6;
2;AUS;Western AUS;Logans Find;;121.3833333;-31.3666667;6;
2;AUS;Western AUS;Lomos;;117.6166667;-32.3666667;6;
2;AUS;Western AUS;Londonderry;;121.1333333;-31.0833333;6;
2;AUS;Western AUS;Loongana;;127.0333333;-30.95;6;
2;AUS;Western AUS;Lowden;;115.9666667;-33.5333333;6;
2;AUS;Western AUS;Lower Chittering;;116.1166667;-31.5833333;6;
2;AUS;Western AUS;Lower Chittertering;;116.1166667;-31.5833333;6;
2;AUS;Western AUS;Lower King;;117.9383333;-34.9577778;6;
2;AUS;Western AUS;Ludlow;;115.4666667;-33.6;6;
2;AUS;Western AUS;Lumeah;;117.2333333;-33.9833333;6;
2;AUS;Western AUS;Lyons Camp;;116.3166667;-30.5333333;6;
2;AUS;Western AUS;Mackies Crossing;;116.8;-31.8333333;6;
2;AUS;Western AUS;Maddington;;115.9833333;-32.05;6;
2;AUS;Western AUS;Mahogany Creek;;116.1333333;-31.9;6;
2;AUS;Western AUS;Mainland;;117.9166667;-27.5833333;6;
2;AUS;Western AUS;Mainnerup;;119.75;-33.7;6;
2;AUS;Western AUS;Malcolm;;121.5;-28.9333333;6;
2;AUS;Western AUS;Malyalling;;117.5333333;-32.7;6;
2;AUS;Western AUS;Mambenup;;121.55;-33.7833333;6;
2;AUS;Western AUS;Mandiga;;117.75;-30.8;6;
2;AUS;Western AUS;Mandurah;;115.7;-32.55;6;
2;AUS;Western AUS;Manjimup;;116.15;-34.2333333;6;
2;AUS;Western AUS;Manmanning;;117.1;-30.85;6;
2;AUS;Western AUS;Manning;;115.85;-32;6;
2;AUS;Western AUS;Manxman;;119.1;-30.9166667;6;
2;AUS;Western AUS;Manypeaks;;118.1666667;-34.8333333;6;
2;AUS;Western AUS;Marbellup;;117.7333333;-34.9675;6;
2;AUS;Western AUS;Marbelup;;117.7333333;-34.9675;6;
2;AUS;Western AUS;Marble Bar;;119.7333333;-21.1833333;6;
2;AUS;Western AUS;Marchagee;;116.0666667;-30.05;6;
2;AUS;Western AUS;Marda;;119.2833333;-30.2166667;6;
2;AUS;Western AUS;Mardella;;115.9833333;-32.3333333;6;
2;AUS;Western AUS;Margaret River;;115.0666667;-33.95;6;
2;AUS;Western AUS;Marindo;;117.75;-30.4333333;6;
2;AUS;Western AUS;Marks;;116.9;-34.9833333;6;
2;AUS;Western AUS;Marracoonda;;117.4166667;-33.65;6;
2;AUS;Western AUS;Marradong;;116.4333333;-32.8666667;6;
2;AUS;Western AUS;Marrinup;;116.0166667;-32.7;6;
2;AUS;Western AUS;Marvel Loch;;119.4666667;-31.4666667;6;
2;AUS;Western AUS;Marvel Lock;;119.4666667;-31.4666667;6;
2;AUS;Western AUS;Maya;;116.5;-29.8666667;6;
2;AUS;Western AUS;Mayanup;;116.45;-33.95;6;
2;AUS;Western AUS;Maylands;;115.8833333;-31.9333333;6;
2;AUS;Western AUS;McPhees Patch Mining Centre;;118.9333333;-21.0333333;6;
2;AUS;Western AUS;McPhees Patch;;118.9333333;-21.0333333;6;
2;AUS;Western AUS;Meckering;;117.0166667;-31.6333333;6;
2;AUS;Western AUS;Medina;;115.7833333;-32.2333333;6;
2;AUS;Western AUS;Meekatharra;;118.4833333;-26.6;6;
2;AUS;Western AUS;Meelon;;115.9333333;-32.7;6;
2;AUS;Western AUS;Meenar;;116.8833333;-31.6333333;6;
2;AUS;Western AUS;Melville;;116.7333333;-28.1833333;6;
2;AUS;Western AUS;Menzies;;121.0333333;-29.6833333;6;
2;AUS;Western AUS;Merilup;;118.1666667;-33.2666667;6;
2;AUS;Western AUS;Merredin;;118.2666667;-31.4833333;6;
2;AUS;Western AUS;Metricup;;115.1166667;-33.7833333;6;
2;AUS;Western AUS;Metzke Find;;120.0666667;-29.2833333;6;
2;AUS;Western AUS;Middle Creek Mining Centre;;120.2666667;-21.8833333;6;
2;AUS;Western AUS;Middle Creek;;120.2666667;-21.8833333;6;
2;AUS;Western AUS;Middle Swan;;116.0166667;-31.85;6;
2;AUS;Western AUS;Midland Junction;;116;-31.9;6;
2;AUS;Western AUS;Miling;;116.35;-30.5;6;
2;AUS;Western AUS;Millendon;;116.0333333;-31.8166667;6;
2;AUS;Western AUS;Mingenew;;115.4333333;-29.1833333;6;
2;AUS;Western AUS;Minniging;;117.05;-32.8666667;6;
2;AUS;Western AUS;Minnivale;;117.1833333;-31.1333333;6;
2;AUS;Western AUS;Mobrup Homestead;;116.9166667;-34.1166667;6;
2;AUS;Western AUS;Mobrup;;116.9166667;-34.1166667;6;
2;AUS;Western AUS;Mogumber;;116.05;-31.05;6;
2;AUS;Western AUS;Mollerin;;117.5166667;-30.45;6;
2;AUS;Western AUS;Monkey Mia;;113.7166667;-25.8;6;
2;AUS;Western AUS;Mooliabeenee;;116.0166667;-31.3333333;6;
2;AUS;Western AUS;Mooliabeenie;;116.0166667;-31.3333333;6;
2;AUS;Western AUS;Moolyella Tin Field;;119.9;-21.1333333;6;
2;AUS;Western AUS;Moolyella;;119.9;-21.1333333;6;
2;AUS;Western AUS;Moondon;;118.2333333;-30.5;6;
2;AUS;Western AUS;Moonies Hill;;117.5166667;-34.0833333;6;
2;AUS;Western AUS;Moonijin;;117.0833333;-30.95;6;
2;AUS;Western AUS;Moonyoonooka;;114.7166667;-28.7833333;6;
2;AUS;Western AUS;Moora;;116.0166667;-30.65;6;
2;AUS;Western AUS;Moorine Rock;;119.1666667;-31.3;6;
2;AUS;Western AUS;Moornaming;;118.0666667;-33.5833333;6;
2;AUS;Western AUS;Mooterdine;;116.8;-32.7666667;6;
2;AUS;Western AUS;Morawa;;116;-29.2166667;6;
2;AUS;Western AUS;Morbinning;;117.15;-32.1;6;
2;AUS;Western AUS;Morgans;;122.0666667;-28.7666667;6;
2;AUS;Western AUS;Mornington Mills;;115.9333333;-33.15;6;
2;AUS;Western AUS;Morowa;;116;-29.2166667;6;
2;AUS;Western AUS;Mortigallup;;117.5166667;-34.4666667;6;
2;AUS;Western AUS;Mosman Park;;115.75;-32;6;
2;AUS;Western AUS;Mosquito Creek Mining Centre;;120.5;-21.8166667;6;
2;AUS;Western AUS;Mosquito Creek;;120.5;-21.8166667;6;
2;AUS;Western AUS;Moulyinning;;117.9333333;-33.25;6;
2;AUS;Western AUS;Mounena;;119.4833333;-24.2666667;6;
2;AUS;Western AUS;Mount Barker;;117.6666667;-34.6333333;6;
2;AUS;Western AUS;Mount Hardey;;116.8666667;-31.9;6;
2;AUS;Western AUS;Mount Helena;;116.2;-31.8833333;6;
2;AUS;Western AUS;Mount Ida;;120.5;-29.05;6;
2;AUS;Western AUS;Mount Kokeby;;116.9666667;-32.2166667;6;
2;AUS;Western AUS;Mount Madden;;119.7833333;-33.2666667;6;
2;AUS;Western AUS;Mount Magnet;;117.8166667;-28.0666667;6;
2;AUS;Western AUS;Mount Morgans;;122.0666667;-28.7666667;6;
2;AUS;Western AUS;Mount Newman;;119.7333333;-23.3666667;6;
2;AUS;Western AUS;Mount Palmer;;119.6833333;-31.4;6;
2;AUS;Western AUS;Muchea;;115.9833333;-31.5833333;6;
2;AUS;Western AUS;Mudiarrup;;116.7833333;-33.6;6;
2;AUS;Western AUS;Mukinbudin;;118.2166667;-30.9166667;6;
2;AUS;Western AUS;Mulgarrie;;121.5;-30.3833333;6;
2;AUS;Western AUS;Mullalloo Beach;;115.7333333;-31.7833333;6;
2;AUS;Western AUS;Mullalyup;;115.9333333;-33.7333333;6;
2;AUS;Western AUS;Mullewa;;115.5166667;-28.5333333;6;
2;AUS;Western AUS;Mummballup;;116.1166667;-33.5333333;6;
2;AUS;Western AUS;Mundaring Weir;;116.1666667;-31.95;6;
2;AUS;Western AUS;Mundaring;;116.1666667;-31.9;6;
2;AUS;Western AUS;Mundawindi;;120.1666667;-23.8333333;6;
2;AUS;Western AUS;Mundijong;;115.9833333;-32.3;6;
2;AUS;Western AUS;Mundiwindi;;120.1666667;-23.8333333;6;
2;AUS;Western AUS;Muntadgin;;118.5666667;-31.75;6;
2;AUS;Western AUS;Muradup;;116.9833333;-33.8333333;6;
2;AUS;Western AUS;Muresk;;116.6666667;-31.75;6;
2;AUS;Western AUS;Murrin Murrin;;121.8166667;-28.9166667;6;
2;AUS;Western AUS;Nabawa;;114.7833333;-28.5;6;
2;AUS;Western AUS;Namban;;116.0333333;-30.3833333;6;
2;AUS;Western AUS;Nambling;;116.9666667;-31.2333333;6;
2;AUS;Western AUS;Nanamoolan;;116.4833333;-31.65;6;
2;AUS;Western AUS;Nanga Brook;;116.0666667;-32.8166667;6;
2;AUS;Western AUS;Nangeenan;;118.1666667;-31.5333333;6;
2;AUS;Western AUS;Nannine;;118.3333333;-26.8833333;6;
2;AUS;Western AUS;Nannup Mill;;115.75;-33.9833333;6;
2;AUS;Western AUS;Nannup;;115.75;-33.9833333;6;
2;AUS;Western AUS;Nanson;;114.7666667;-28.5666667;6;
2;AUS;Western AUS;Napier;;118;-34.8333333;6;
2;AUS;Western AUS;Naraling;;114.8333333;-28.4;6;
2;AUS;Western AUS;Narembeen;;118.4;-32.0666667;6;
2;AUS;Western AUS;Naretha;;124.8333333;-31;6;
2;AUS;Western AUS;Narngulu;;114.6833333;-28.8333333;6;
2;AUS;Western AUS;Narra Tarra;;114.7166667;-28.7;6;
2;AUS;Western AUS;Narrikup;;117.7333333;-34.7666667;6;
2;AUS;Western AUS;Narrogin;;117.1666667;-32.9333333;6;
2;AUS;Western AUS;Nedlands;;115.8083333;-31.9833333;6;
2;AUS;Western AUS;Needilup;;118.8166667;-33.95;6;
2;AUS;Western AUS;Neendaling;;118.3333333;-33.1166667;6;
2;AUS;Western AUS;Netherwood;;117.8666667;-33.3666667;6;
2;AUS;Western AUS;Nevoria;;119.5833333;-31.5;6;
2;AUS;Western AUS;New Norcia;;116.2166667;-30.9666667;6;
2;AUS;Western AUS;Newdegate;;119.0166667;-33.1;6;
2;AUS;Western AUS;Newdgate;;119.0166667;-33.1;6;
2;AUS;Western AUS;Newlands;;115.8666667;-33.6666667;6;
2;AUS;Western AUS;Newman;;119.7333333;-23.3666667;6;
2;AUS;Western AUS;Nippering;;117.6333333;-33.3;6;
2;AUS;Western AUS;Noggerup;;116.1666667;-33.5833333;6;
2;AUS;Western AUS;Nokaning;;118.2333333;-31.3666667;6;
2;AUS;Western AUS;Nolba;;114.8666667;-28.3666667;6;
2;AUS;Western AUS;Nomans Lake;;117.5166667;-32.9333333;6;
2;AUS;Western AUS;Noongaar;;118.9666667;-31.3333333;6;
2;AUS;Western AUS;Noongar;;118.9666667;-31.3333333;6;
2;AUS;Western AUS;Nornakin;;117.9166667;-32.25;6;
2;AUS;Western AUS;Nornalup;;116.8166667;-35;6;
2;AUS;Western AUS;Norpa;;118.4166667;-31.5833333;6;
2;AUS;Western AUS;Norseman;;121.7666667;-32.2;6;
2;AUS;Western AUS;North Banister;;116.4333333;-32.5833333;6;
2;AUS;Western AUS;North Bannister;;116.4333333;-32.5833333;6;
2;AUS;Western AUS;North Beach;;115.75;-31.8666667;6;
2;AUS;Western AUS;North Cunderdin;;117.2166667;-31.5333333;6;
2;AUS;Western AUS;North Dandalup;;115.9666667;-32.5166667;6;
2;AUS;Western AUS;North Fremantle;;115.75;-32.0333333;6;
2;AUS;Western AUS;North Karlgarin;;118.6333333;-32.45;6;
2;AUS;Western AUS;North Kellerberrin;;117.6833333;-31.5;6;
2;AUS;Western AUS;North Kununoppin;;117.95;-31.0333333;6;
2;AUS;Western AUS;North Lake Grace;;118.4666667;-32.95;6;
2;AUS;Western AUS;North Pole Mining Centre;;119.35;-21.1;6;
2;AUS;Western AUS;North Pole;;119.35;-21.1;6;
2;AUS;Western AUS;North Shaw Mining Centre;;119.3666667;-21.3333333;6;
2;AUS;Western AUS;North Shaw;;119.3666667;-21.3333333;6;
2;AUS;Western AUS;North Walgoolan;;118.6;-31.1666667;6;
2;AUS;Western AUS;Northam;;116.6666667;-31.6666667;6;
2;AUS;Western AUS;Northampton;;114.6166667;-28.35;6;
2;AUS;Western AUS;Northcliffe;;116.1166667;-34.6;6;
2;AUS;Western AUS;Northern Gully;;114.9;-28.7166667;6;
2;AUS;Western AUS;Notting;;118.2666667;-32.4666667;6;
2;AUS;Western AUS;Nugadong;;116.65;-30.1833333;6;
2;AUS;Western AUS;Nukarni;;118.2;-31.2833333;6;
2;AUS;Western AUS;Nulla Nulla;;119.0333333;-31.3;6;
2;AUS;Western AUS;Nullagine;;120.1;-21.8833333;6;
2;AUS;Western AUS;Nungarin;;118.1;-31.1833333;6;
2;AUS;Western AUS;Nunngarra;;119.25;-28.0666667;6;
2;AUS;Western AUS;Nunyle Hall;;116.5166667;-31.4833333;6;
2;AUS;Western AUS;Nunyle;;116.5166667;-31.4833333;6;
2;AUS;Western AUS;Nyabing;;118.15;-33.5333333;6;
2;AUS;Western AUS;Nyannia;;116.1166667;-31.9166667;6;
2;AUS;Western AUS;Oak Park;;116.9;-31.1666667;6;
2;AUS;Western AUS;Oakabella;;114.6166667;-28.5;6;
2;AUS;Western AUS;O'Connor;;116.1833333;-31.95;6;
2;AUS;Western AUS;Ogilvie;;114.6333333;-28.15;6;
2;AUS;Western AUS;Old Napier Downs;;124.7333333;-17.25;6;
2;AUS;Western AUS;Ongerup;;118.4833333;-33.9666667;6;
2;AUS;Western AUS;Onslow;;115.1;-21.65;6;
2;AUS;Western AUS;Ora Banda;;121.0666667;-30.3666667;6;
2;AUS;Western AUS;Paddington;;121.3333333;-30.4833333;6;
2;AUS;Western AUS;Palgarup;;116.1666667;-34.2;6;
2;AUS;Western AUS;Parker Range;;119.5833333;-31.6333333;6;
2;AUS;Western AUS;Parkers Range;;119.5833333;-31.6333333;6;
2;AUS;Western AUS;Parkerville;;116.1333333;-31.8833333;6;
2;AUS;Western AUS;Paroo;;119.55;-26.5333333;6;
2;AUS;Western AUS;Parryville;;117.1833333;-34.9833333;6;
2;AUS;Western AUS;Paynes Find;;117.6833333;-29.25;6;
2;AUS;Western AUS;Peak Hill;;118.7166667;-25.6333333;6;
2;AUS;Western AUS;Pearce;;116.0166667;-31.6666667;6;
2;AUS;Western AUS;Pederah;;118.6833333;-32.5833333;6;
2;AUS;Western AUS;Pemberton;;116.0166667;-34.4666667;6;
2;AUS;Western AUS;Peppermint Grove;;115.7638889;-32.0041667;6;
2;AUS;Western AUS;Perenjori;;116.2666667;-29.45;6;
2;AUS;Western AUS;Perilya;;119.1666667;-31.0666667;6;
2;AUS;Western AUS;Perth;;115.83;-31.93;6;
2;AUS;Western AUS;Piawaning;;116.3666667;-30.85;6;
2;AUS;Western AUS;Pickering Brook;;116.1;-32.0333333;6;
2;AUS;Western AUS;Picton Junction;;115.6833333;-33.35;6;
2;AUS;Western AUS;Picton;;115.6833333;-33.35;6;
2;AUS;Western AUS;Piesseville;;117.3;-33.2;6;
2;AUS;Western AUS;Pilbara Mining Centre;;118.3;-21.25;6;
2;AUS;Western AUS;Pilbara;;118.3;-21.25;6;
2;AUS;Western AUS;Pindalup;;116.25;-32.7833333;6;
2;AUS;Western AUS;Pindar;;115.8;-28.4833333;6;
2;AUS;Western AUS;Pingaring;;118.6166667;-32.75;6;
2;AUS;Western AUS;Pingelly;;117.0833333;-32.5333333;6;
2;AUS;Western AUS;Pingrup;;118.5166667;-33.5333333;6;
2;AUS;Western AUS;Pinjarra;;115.8833333;-32.6333333;6;
2;AUS;Western AUS;Pintharuka;;115.9833333;-29.1;6;
2;AUS;Western AUS;Pioneer;;121.7166667;-31.8;6;
2;AUS;Western AUS;Pithara;;116.6666667;-30.4;6;
2;AUS;Western AUS;Point Samson;;117.2;-20.6333333;6;
2;AUS;Western AUS;Popanyinning;;117.1333333;-32.6666667;6;
2;AUS;Western AUS;Popes Landing;;114.6166667;-28.6666667;6;
2;AUS;Western AUS;Porongorup;;117.9;-34.65;6;
2;AUS;Western AUS;Porongorups;;117.9;-34.65;6;
2;AUS;Western AUS;Porongurup;;117.9;-34.65;6;
2;AUS;Western AUS;Porongurups;;117.9;-34.65;6;
2;AUS;Western AUS;Port Denison;;114.9166667;-29.2833333;6;
2;AUS;Western AUS;Port Hedland;;118.5666667;-20.3166667;6;
2;AUS;Western AUS;Portagabra;;116.1666667;-31.95;6;
2;AUS;Western AUS;Princess Royal;;121.8;-32.1333333;6;
2;AUS;Western AUS;Quagitup;;119.9666667;-33.6333333;6;
2;AUS;Western AUS;Quairading;;117.4166667;-32.0166667;6;
2;AUS;Western AUS;Qualen;;116.8;-31.9333333;6;
2;AUS;Western AUS;Qualeup;;116.8;-33.8333333;6;
2;AUS;Western AUS;Quarram;;116.9666667;-34.9666667;6;
2;AUS;Western AUS;Quindalup;;115.1333333;-33.6666667;6;
2;AUS;Western AUS;Quindanning;;116.5666667;-33.05;6;
2;AUS;Western AUS;Quins Castle;;115.5;-31.0666667;6;
2;AUS;Western AUS;Rams Head;;118.6166667;-34.3166667;6;
2;AUS;Western AUS;Ranford;;116.5;-32.8;6;
2;AUS;Western AUS;Ravensthorpe;;120.0333333;-33.5833333;6;
2;AUS;Western AUS;Rawlinna;;125.3333333;-31.0166667;6;
2;AUS;Western AUS;Red Lake;;121.7166667;-33.15;6;
2;AUS;Western AUS;Redmond;;117.6833333;-34.8666667;6;
2;AUS;Western AUS;Reedy;;118.2666667;-27.15;6;
2;AUS;Western AUS;Ridge Hill;;116.0333333;-31.9333333;6;
2;AUS;Western AUS;Ringa;;116.4666667;-31.6;6;
2;AUS;Western AUS;Rockingham;;115.7166667;-32.2833333;6;
2;AUS;Western AUS;Rockwell;;114.9;-28.35;6;
2;AUS;Western AUS;Roebourne;;117.1333333;-20.7833333;6;
2;AUS;Western AUS;Roelands;;115.8166667;-33.2833333;6;
2;AUS;Western AUS;Roleystone;;116.0666667;-32.1166667;6;
2;AUS;Western AUS;Rosa Brook;;115.1833333;-33.95;6;
2;AUS;Western AUS;Rothsay;;116.8833333;-29.2833333;6;
2;AUS;Western AUS;Round Hill;;116.2333333;-30.5666667;6;
2;AUS;Western AUS;Rushy Pool;;117.3833333;-33.0166667;6;
2;AUS;Western AUS;Safety Bay;;115.7;-32.3;6;
2;AUS;Western AUS;Saint Ives;;121.8166667;-31.3833333;6;
2;AUS;Western AUS;Salgash Mining Centre;;119.8166667;-21.2666667;6;
2;AUS;Western AUS;Salgash;;119.8166667;-21.2666667;6;
2;AUS;Western AUS;Salmon Gums;;121.6333333;-32.9833333;6;
2;AUS;Western AUS;Salmon Guns;;121.6333333;-32.9833333;6;
2;AUS;Western AUS;Sandstone;;119.2833333;-27.9833333;6;
2;AUS;Western AUS;Sawyers Valley;;116.2;-31.9;6;
2;AUS;Western AUS;Scaddan;;121.7166667;-33.45;6;
2;AUS;Western AUS;Scarborough Beach;;115.75;-31.9;6;
2;AUS;Western AUS;Scarborough;;115.75;-31.9;6;
2;AUS;Western AUS;Seabird;;115.4444444;-31.2791667;6;
2;AUS;Western AUS;Serpentine;;115.9666667;-32.35;6;
2;AUS;Western AUS;Shackleton;;117.8333333;-31.9333333;6;
2;AUS;Western AUS;Shark Bay;;113.5422222;-25.9333333;6;
2;AUS;Western AUS;Shellborough;;119.3666667;-20.0166667;6;
2;AUS;Western AUS;Shenton Park;;115.7972222;-31.9583333;6;
2;AUS;Western AUS;Shotts;;116.2666667;-33.3833333;6;
2;AUS;Western AUS;Siberia;;120.95;-30.2333333;6;
2;AUS;Western AUS;Smailes Mill;;116.1833333;-32.1;6;
2;AUS;Western AUS;Soansville Mining Centre;;119.15;-21.5166667;6;
2;AUS;Western AUS;Soansville;;119.15;-21.5166667;6;
2;AUS;Western AUS;South Burracoppin;;118.1166667;-31.5666667;6;
2;AUS;Western AUS;South Kalamunda;;116.0666667;-31.9833333;6;
2;AUS;Western AUS;South Kulin;;118.0833333;-32.7333333;6;
2;AUS;Western AUS;South Kumminin;;118.3333333;-32.2;6;
2;AUS;Western AUS;South Lake Vasley;;119.5333333;-32.8333333;6;
2;AUS;Western AUS;South Quaisading;;117.4666667;-32.1666667;6;
2;AUS;Western AUS;South Tammin;;117.5333333;-31.8;6;
2;AUS;Western AUS;South Trayning;;117.7833333;-31.2333333;6;
2;AUS;Western AUS;South Walgoolan;;118.5833333;-31.4833333;6;
2;AUS;Western AUS;Southern Brook;;116.8333333;-31.55;6;
2;AUS;Western AUS;Southern Cross;;119.3166667;-31.2166667;6;
2;AUS;Western AUS;Spargoville;;121.4666667;-31.2333333;6;
2;AUS;Western AUS;Spearwood;;115.7833333;-32.1;6;
2;AUS;Western AUS;Speddingup;;121.75;-33.5166667;6;
2;AUS;Western AUS;Spencers Brook;;116.6333333;-31.7333333;6;
2;AUS;Western AUS;Spring Hill;;116.6833333;-31.7166667;6;
2;AUS;Western AUS;Stathams;;116.05;-31.9333333;6;
2;AUS;Western AUS;Station Peak Mining Centre;;118.1833333;-21.1666667;6;
2;AUS;Western AUS;Station Peak;;118.1833333;-21.1666667;6;
2;AUS;Western AUS;Stoneville;;116.1666667;-31.8833333;6;
2;AUS;Western AUS;Strelley Gorge;;119.05;-21.1166667;6;
2;AUS;Western AUS;Strelly Gorge;;119.05;-21.1166667;6;
2;AUS;Western AUS;Subiaco;;115.8;-31.95;6;
2;AUS;Western AUS;Sussex Mill;;115.7333333;-33.8833333;6;
2;AUS;Western AUS;Swan View;;116.05;-31.8833333;6;
2;AUS;Western AUS;Swanbourne;;115.7833333;-31.9666667;6;
2;AUS;Western AUS;Talbot Brook;;116.6833333;-32.0333333;6;
2;AUS;Western AUS;Talga Talga Mining Centre;;119.8166667;-21.0166667;6;
2;AUS;Western AUS;Talga Talga;;119.8166667;-21.0166667;6;
2;AUS;Western AUS;Tallanalla;;116.1166667;-33.1;6;
2;AUS;Western AUS;Tambellup;;117.65;-34.0333333;6;
2;AUS;Western AUS;Tambourah Mining Centre;;119.1666667;-21.75;6;
2;AUS;Western AUS;Tambourah;;119.1666667;-21.75;6;
2;AUS;Western AUS;Tammin;;117.5;-31.6666667;6;
2;AUS;Western AUS;Tandagin;;118.5666667;-31.6833333;6;
2;AUS;Western AUS;Tardun;;115.75;-28.8;6;
2;AUS;Western AUS;Tarin Rock;;118.25;-33.1;6;
2;AUS;Western AUS;Tennessee;;117.5666667;-35.05;6;
2;AUS;Western AUS;Tenterden;;117.5666667;-34.3833333;6;
2;AUS;Western AUS;Thevenard;;133.6333333;-32.15;6;
2;AUS;Western AUS;Three Springs;;115.75;-29.5333333;6;
2;AUS;Western AUS;Thundulda;;126;-32.2666667;6;
2;AUS;Western AUS;Timberfield;;120.1666667;-30.8166667;6;
2;AUS;Western AUS;Tinkurrin;;117.7666667;-32.9666667;6;
2;AUS;Western AUS;Toodyay;;116.4666667;-31.55;6;
2;AUS;Western AUS;Toolbrunup;;117.8333333;-34.0166667;6;
2;AUS;Western AUS;Toolibin;;117.6333333;-32.95;6;
2;AUS;Western AUS;Toompup;;118.45;-34.0166667;6;
2;AUS;Western AUS;Torbay Junction;;117.7302778;-35.0091667;6;
2;AUS;Western AUS;Torbay;;117.6605556;-35.0233333;6;
2;AUS;Western AUS;Toweranna;;117.8833333;-20.9666667;6;
2;AUS;Western AUS;Trafalgar;;121.5166667;-30.7833333;6;
2;AUS;Western AUS;Trayning South;;117.7833333;-31.2333333;6;
2;AUS;Western AUS;Trayning;;117.8;-31.1166667;6;
2;AUS;Western AUS;Treesville;;116.3;-33.1666667;6;
2;AUS;Western AUS;Treslove;;121.7;-33.35;6;
2;AUS;Western AUS;Trigg Island;;115.75;-31.8666667;6;
2;AUS;Western AUS;Truslove;;121.7;-33.35;6;
2;AUS;Western AUS;Tuckanarra;;118.0833333;-27.1166667;6;
2;AUS;Western AUS;Tuckannarra;;118.0833333;-27.1166667;6;
2;AUS;Western AUS;Tullis;;116.3666667;-32.8;6;
2;AUS;Western AUS;Turkey Creek;;128.2;-17.0333333;6;
2;AUS;Western AUS;Twenty Ounce Gully Mining Centre;;120.3;-21.2;6;
2;AUS;Western AUS;Twenty Ounce Gully;;120.3;-21.2;6;
2;AUS;Western AUS;Two Rocks;;115.5888889;-31.5505556;6;
2;AUS;Western AUS;Udialla;;123.75;-17.9666667;6;
2;AUS;Western AUS;Ulva;;118.2;-31.6;6;
2;AUS;Western AUS;Upper Swan;;116.0166667;-31.7666667;6;
2;AUS;Western AUS;Urakarra;;114.65;-28.7833333;6;
2;AUS;Western AUS;Utakarra;;114.65;-28.7833333;6;
2;AUS;Western AUS;Vasse;;115.25;-33.6666667;6;
2;AUS;Western AUS;Venn;;115.9;-32.5666667;6;
2;AUS;Western AUS;Vurakin;;117.1666667;-30.5166667;6;
2;AUS;Western AUS;Wadderin Hill;;118.45;-32;6;
2;AUS;Western AUS;Wadderin;;118.45;-32;6;
2;AUS;Western AUS;Waddi Forest;;116.1666667;-29.8666667;6;
2;AUS;Western AUS;Waddington;;116.25;-30.85;6;
2;AUS;Western AUS;Wagerup;;115.8833333;-32.9166667;6;
2;AUS;Western AUS;Waggrakine;;114.6166667;-28.7166667;6;
2;AUS;Western AUS;Wagin;;117.35;-33.3;6;
2;AUS;Western AUS;Walebing;;116.2166667;-30.6833333;6;
2;AUS;Western AUS;Walgoolan;;118.5666667;-31.3833333;6;
2;AUS;Western AUS;Walkaway;;114.8;-28.95;6;
2;AUS;Western AUS;Wallaberi;;125.5833333;-18.1833333;6;
2;AUS;Western AUS;Walliston;;116.0666667;-32;6;
2;AUS;Western AUS;Walpole;;116.7333333;-34.95;6;
2;AUS;Western AUS;Wamenusking;;117.5833333;-32.1166667;6;
2;AUS;Western AUS;Wandering;;116.6666667;-32.6833333;6;
2;AUS;Western AUS;Wannamal;;116.05;-31.1666667;6;
2;AUS;Western AUS;Wanneroo;;115.8;-31.75;6;
2;AUS;Western AUS;Wanneru;;115.8;-31.75;6;
2;AUS;Western AUS;Wansbrough;;117.6666667;-34.1333333;6;
2;AUS;Western AUS;Warburton;;126.5833333;-26.1333333;6;
2;AUS;Western AUS;Wardercarrin;;118.5666667;-32.8833333;6;
2;AUS;Western AUS;Warnbro;;115.7486111;-32.3361111;6;
2;AUS;Western AUS;Waroona;;115.9166667;-32.8333333;6;
2;AUS;Western AUS;Warrachuppin;;118.6666667;-31.0333333;6;
2;AUS;Western AUS;Warralackin;;118.6;-31.0333333;6;
2;AUS;Western AUS;Warralakin;;118.6;-31.0333333;6;
2;AUS;Western AUS;Warup;;117.1833333;-33.3666667;6;
2;AUS;Western AUS;Watheroo;;116.0666667;-30.2833333;6;
2;AUS;Western AUS;Wattening;;116.5166667;-31.3333333;6;
2;AUS;Western AUS;Wattleup;;115.8;-32.175;6;
2;AUS;Western AUS;Wedin;;117.6833333;-32.9666667;6;
2;AUS;Western AUS;Weira;;118.4166667;-31.0166667;6;
2;AUS;Western AUS;Welbungin;;117.9833333;-30.8166667;6;
2;AUS;Western AUS;Welcome Hill;;118.6833333;-32.0333333;6;
2;AUS;Western AUS;Weld;;114.6333333;-28.2;6;
2;AUS;Western AUS;Wellard;;115.8333333;-32.2666667;6;
2;AUS;Western AUS;Wellington Mill;;115.9;-33.4666667;6;
2;AUS;Western AUS;Wellington Mills;;115.9;-33.4666667;6;
2;AUS;Western AUS;Wembley;;115.8;-31.9333333;6;
2;AUS;Western AUS;Werribee;;116.35;-31.7666667;6;
2;AUS;Western AUS;West Bendering;;118.1666667;-32.35;6;
2;AUS;Western AUS;West Toodyay;;116.4166667;-31.5333333;6;
2;AUS;Western AUS;West Westonia;;118.6166667;-31.2833333;6;
2;AUS;Western AUS;West Yorkrakine;;117.5;-31.4;6;
2;AUS;Western AUS;Western Shaw Mining Centre;;119.2;-21.8166667;6;
2;AUS;Western AUS;Western Shaw;;119.2;-21.8166667;6;
2;AUS;Western AUS;Westfield;;115.9666667;-32.15;6;
2;AUS;Western AUS;Westonia;;118.7;-31.3;6;
2;AUS;Western AUS;Whelarra;;114.95;-28.3333333;6;
2;AUS;Western AUS;Whim Creek;;117.8333333;-20.8333333;6;
2;AUS;Western AUS;Whitehead Find;;121.75;-30.2166667;6;
2;AUS;Western AUS;Whitehead;;121.75;-30.2166667;6;
2;AUS;Western AUS;Whiteheads Find;;121.75;-30.2166667;6;
2;AUS;Western AUS;Wialki;;118.1166667;-30.4833333;6;
2;AUS;Western AUS;Wickepin;;117.5;-32.7666667;6;
2;AUS;Western AUS;Widgemooltha;;121.5666667;-31.5;6;
2;AUS;Western AUS;Widgiemooltha;;121.5666667;-31.5;6;
2;AUS;Western AUS;Wilga;;116.2333333;-33.6833333;6;
2;AUS;Western AUS;Williams;;116.8666667;-33.0166667;6;
2;AUS;Western AUS;Williamstown;;121.4833333;-30.75;6;
2;AUS;Western AUS;Wilroy;;115.6333333;-28.6333333;6;
2;AUS;Western AUS;Wiluna;;120.2166667;-26.6;6;
2;AUS;Western AUS;Winchester;;115.9166667;-29.7833333;6;
2;AUS;Western AUS;Windanya;;121.25;-30.3833333;6;
2;AUS;Western AUS;Windy Harbour;;116.0333333;-34.8333333;6;
2;AUS;Western AUS;Witchcliffe;;115.1;-34.0333333;6;
2;AUS;Western AUS;Wodgina Mining Centre;;118.6666667;-21.1833333;6;
2;AUS;Western AUS;Wodgina;;118.6666667;-21.1833333;6;
2;AUS;Western AUS;Wogarl;;118.5166667;-31.9;6;
2;AUS;Western AUS;Wokalup;;115.8666667;-33.1166667;6;
2;AUS;Western AUS;Wongamine;;116.6166667;-31.4833333;6;
2;AUS;Western AUS;Wongan Hills;;116.7;-30.8833333;6;
2;AUS;Western AUS;Wongong;;116.0166667;-32.1833333;6;
2;AUS;Western AUS;Wonnerup;;115.4333333;-33.6333333;6;
2;AUS;Western AUS;Wonyil;;116.1666667;-31.9333333;6;
2;AUS;Western AUS;Woodanilling;;117.4333333;-33.5666667;6;
2;AUS;Western AUS;Wooganup;;119.5833333;-33.7666667;6;
2;AUS;Western AUS;Woogenellup;;117.8333333;-34.5166667;6;
2;AUS;Western AUS;Woolgangie;;120.5333333;-31.1666667;6;
2;AUS;Western AUS;Wooroloo;;116.3333333;-31.8166667;6;
2;AUS;Western AUS;Worsley;;116;-33.3;6;
2;AUS;Western AUS;Wubin;;116.6333333;-30.1;6;
2;AUS;Western AUS;Wundowie;;116.3833333;-31.7666667;6;
2;AUS;Western AUS;Wungong;;116.0166667;-32.1833333;6;
2;AUS;Western AUS;Wuraming;;116.2833333;-32.8;6;
2;AUS;Western AUS;Wurarga;;116.2833333;-28.4166667;6;
2;AUS;Western AUS;Wyalkatchem;;117.3666667;-31.1666667;6;
2;AUS;Western AUS;Wyening;;116.4833333;-31.1833333;6;
2;AUS;Western AUS;Wyndham;;128.1;-15.4666667;6;
2;AUS;Western AUS;Xantippe Telegraph Office;;117.0333333;-30.0333333;6;
2;AUS;Western AUS;Xantippe;;117.0333333;-30.0333333;6;
2;AUS;Western AUS;Yalbarrin;;118.1166667;-31.95;6;
2;AUS;Western AUS;Yalgoo;;116.6833333;-28.3333333;6;
2;AUS;Western AUS;Yallingup Caves;;115.0333333;-33.65;6;
2;AUS;Western AUS;Yallingup;;115.0333333;-33.65;6;
2;AUS;Western AUS;Yanchep;;115.6833333;-31.55;6;
2;AUS;Western AUS;Yancher;;115.6833333;-31.55;6;
2;AUS;Western AUS;Yandacoogina Mining Centre;;120.1666667;-21.4166667;6;
2;AUS;Western AUS;Yandanooka;;115.55;-29.3166667;6;
2;AUS;Western AUS;Yandicoogina Mining Centre;;120.1666667;-21.4166667;6;
2;AUS;Western AUS;Yandicoogina;;120.1666667;-21.4166667;6;
2;AUS;Western AUS;Yanmah;;116.0166667;-34.1833333;6;
2;AUS;Western AUS;Yarloop;;115.9;-32.9666667;6;
2;AUS;Western AUS;Yarri;;122.35;-29.7833333;6;
2;AUS;Western AUS;Yealering;;117.6166667;-32.6;6;
2;AUS;Western AUS;Yelbeni;;117.6666667;-31.1833333;6;
2;AUS;Western AUS;Yellowdine;;119.65;-31.3;6;
2;AUS;Western AUS;Yelverton;;115.1;-33.75;6;
2;AUS;Western AUS;Yerangatup;;122.3833333;-33.8166667;6;
2;AUS;Western AUS;Yerbillon;;118.75;-31.3833333;6;
2;AUS;Western AUS;Yericoin;;116.3833333;-30.9333333;6;
2;AUS;Western AUS;Yetna;;114.7;-28.6166667;6;
2;AUS;Western AUS;Yilliminning;;117.3666667;-32.9;6;
2;AUS;Western AUS;Yoongarilup;;115.4333333;-33.7166667;6;
2;AUS;Western AUS;York;;116.7666667;-31.9;6;
2;AUS;Western AUS;Yorkrakine;;117.5833333;-31.3833333;6;
2;AUS;Western AUS;Yornaning;;117.15;-32.7333333;6;
2;AUS;Western AUS;Yornup;;116.1666667;-34.05;6;
2;AUS;Western AUS;Yoting;;117.6166667;-31.9666667;6;
2;AUS;Western AUS;Youanmi;;118.8166667;-28.6166667;6;
2;AUS;Western AUS;Youndegin;;117.3166667;-31.8;6;
2;AUS;Western AUS;Young's Siding;;117.5166667;-35.0166667;6;
2;AUS;Western AUS;Youngs;;117.5166667;-35.0166667;6;
2;AUS;Western AUS;Youraling;;116.9833333;-32.3;6;
2;AUS;Western AUS;Yoweragabbie;;117.65;-28.2166667;6;
2;AUS;Western AUS;Yuna;;115;-28.3333333;6;
2;AUS;Western AUS;Yundamindera;;122.0333333;-29.1166667;6;
2;AUS;Western AUS;Yunndaga;;121.05;-29.75;6;
2;AUS;Western AUS;Zamia;;116.15;-31.9;6;
2;AUS;Western AUS;Zanthus;;123.5666667;-31.0333333;6;
