"Level";Country;"State";"County";"Place";"Longitude";"Latitude";"ZoomLevel";"Icon"
2;FRA;Provence-Alpes-Côte d'Azur;Alpes-de-Haute-Provence;;E6.55;N44.22;10;
3;FRA;Provence-Alpes-Côte d'Azur;Alpes-de-Haute-Provence;Aiglun 04001;E6.1359;N44.0685;13;
3;FRA;Provence-Alpes-Côte d'Azur;Alpes-de-Haute-Provence;Ainac 04002=04167;E6.2133;N44.2117;13;
3;FRA;Provence-Alpes-Côte d'Azur;Alpes-de-Haute-Provence;Albiosc 04003=04081;E6.0142;N43.7417;13;
3;FRA;Provence-Alpes-Côte d'Azur;Alpes-de-Haute-Provence;Allemagne-en-Provence 04004;E6.0078;N43.7811;13;
3;FRA;Provence-Alpes-Côte d'Azur;Alpes-de-Haute-Provence;Allons 04005;E6.5961;N43.9773;13;
3;FRA;Provence-Alpes-Côte d'Azur;Alpes-de-Haute-Provence;Allos 04006;E6.6296;N44.2404;13;
3;FRA;Provence-Alpes-Côte d'Azur;Alpes-de-Haute-Provence;Angles 04007;E6.5587;N43.9424;13;
3;FRA;Provence-Alpes-Côte d'Azur;Alpes-de-Haute-Provence;Annot 04008;E6.6667;N43.9667;13;
3;FRA;Provence-Alpes-Côte d'Azur;Alpes-de-Haute-Provence;Archail 04009;E6.3341;N44.1214;13;
3;FRA;Provence-Alpes-Côte d'Azur;Alpes-de-Haute-Provence;Argens 04010=04136;E6.5167;N44.0500;13;
3;FRA;Provence-Alpes-Côte d'Azur;Alpes-de-Haute-Provence;Astoin 04011=04023;E6.1667;N44.3667;13;
3;FRA;Provence-Alpes-Côte d'Azur;Alpes-de-Haute-Provence;Aubenas-les-Alpes 04012;E5.6833;N43.9333;13;
3;FRA;Provence-Alpes-Côte d'Azur;Alpes-de-Haute-Provence;Aubignosc 04013;E5.9667;N44.1333;13;
3;FRA;Provence-Alpes-Côte d'Azur;Alpes-de-Haute-Provence;Augès 04014=04109;E5.9000;N44.0333;13;
3;FRA;Provence-Alpes-Côte d'Azur;Alpes-de-Haute-Provence;Auribeau 04015=04177;E6.1667;N44.2000;13;
3;FRA;Provence-Alpes-Côte d'Azur;Alpes-de-Haute-Provence;Authon 04016;E6.1333;N44.2333;13;
3;FRA;Provence-Alpes-Côte d'Azur;Alpes-de-Haute-Provence;Auzet 04017;E6.3000;N44.3000;13;
3;FRA;Provence-Alpes-Côte d'Azur;Alpes-de-Haute-Provence;Banon 04018;E5.6333;N44.0333;13;
3;FRA;Provence-Alpes-Côte d'Azur;Alpes-de-Haute-Provence;Barcelonnette 04019;E6.6500;N44.3833;13;
3;FRA;Provence-Alpes-Côte d'Azur;Alpes-de-Haute-Provence;Barles 04020;E6.2667;N44.2667;13;
3;FRA;Provence-Alpes-Côte d'Azur;Alpes-de-Haute-Provence;Barras 04021;E6.1167;N44.1000;13;
3;FRA;Provence-Alpes-Côte d'Azur;Alpes-de-Haute-Provence;Barrême 04022;E6.3667;N43.9500;13;
3;FRA;Provence-Alpes-Côte d'Azur;Alpes-de-Haute-Provence;Bayons 04023;E6.1667;N44.3333;13;
3;FRA;Provence-Alpes-Côte d'Azur;Alpes-de-Haute-Provence;Beaujeu 04024;E6.3667;N44.2000;13;
3;FRA;Provence-Alpes-Côte d'Azur;Alpes-de-Haute-Provence;Beauvezer 04025;E6.6000;N44.1500;13;
3;FRA;Provence-Alpes-Côte d'Azur;Alpes-de-Haute-Provence;Bellaffaire 04026;E6.1833;N44.4167;13;
3;FRA;Provence-Alpes-Côte d'Azur;Alpes-de-Haute-Provence;Bevons 04027;E5.9000;N44.1833;13;
3;FRA;Provence-Alpes-Côte d'Azur;Alpes-de-Haute-Provence;Beynes 04028;E6.2333;N43.9833;13;
3;FRA;Provence-Alpes-Côte d'Azur;Alpes-de-Haute-Provence;Blégiers 04029=04155;E6.4167;N44.1833;13;
3;FRA;Provence-Alpes-Côte d'Azur;Alpes-de-Haute-Provence;Blieux 04030;E6.3667;N43.8667;13;
3;FRA;Provence-Alpes-Côte d'Azur;Alpes-de-Haute-Provence;Bras-d'Asse 04031;E6.1167;N43.9167;13;
3;FRA;Provence-Alpes-Côte d'Azur;Alpes-de-Haute-Provence;Braux 04032;E6.6833;N43.9833;13;
3;FRA;Provence-Alpes-Côte d'Azur;Alpes-de-Haute-Provence;Brunet 04035;E6.0333;N43.9000;13;
3;FRA;Provence-Alpes-Côte d'Azur;Alpes-de-Haute-Provence;Carniol 04038=04208;E5.6000;N43.9667;13;
3;FRA;Provence-Alpes-Côte d'Azur;Alpes-de-Haute-Provence;Castellane 04039;E6.5167;N43.8500;13;
3;FRA;Provence-Alpes-Côte d'Azur;Alpes-de-Haute-Provence;Castellet-lès-Sausses 04042;E6.7667;N43.9833;13;
3;FRA;Provence-Alpes-Côte d'Azur;Alpes-de-Haute-Provence;Castillon 04044=04039;E6.5375;N43.8954;13;
3;FRA;Provence-Alpes-Côte d'Azur;Alpes-de-Haute-Provence;Céreste 04045;E5.5833;N43.8500;13;
3;FRA;Provence-Alpes-Côte d'Azur;Alpes-de-Haute-Provence;Champtercier 04047;E6.1667;N44.1000;13;
3;FRA;Provence-Alpes-Côte d'Azur;Alpes-de-Haute-Provence;Chasteuil 04048=04039;E6.4333;N43.8333;13;
3;FRA;Provence-Alpes-Côte d'Azur;Alpes-de-Haute-Provence;Château-Arnoux-Saint-Auban 04049;E6.0092;N44.0942;13;
3;FRA;Provence-Alpes-Côte d'Azur;Alpes-de-Haute-Provence;Châteaufort 04050;E6.0167;N44.2667;13;
3;FRA;Provence-Alpes-Côte d'Azur;Alpes-de-Haute-Provence;Châteauneuf-lès-Moustiers 04052=04144;E6.3500;N43.8000;13;
3;FRA;Provence-Alpes-Côte d'Azur;Alpes-de-Haute-Provence;Châteauneuf-Miravail 04051;E5.7167;N44.1500;13;
3;FRA;Provence-Alpes-Côte d'Azur;Alpes-de-Haute-Provence;Châteauneuf-Val-Saint-Donat 04053;E5.9500;N44.1000;13;
3;FRA;Provence-Alpes-Côte d'Azur;Alpes-de-Haute-Provence;Châteauredon 04054;E6.2167;N44.0167;13;
3;FRA;Provence-Alpes-Côte d'Azur;Alpes-de-Haute-Provence;Chaudon-Norante 04055;E6.3500;N43.9833;13;
3;FRA;Provence-Alpes-Côte d'Azur;Alpes-de-Haute-Provence;Chénerilles 04056=04108;E6.0701;N44.0274;13;
3;FRA;Provence-Alpes-Côte d'Azur;Alpes-de-Haute-Provence;Clamensane 04057;E6.0667;N44.3167;13;
3;FRA;Provence-Alpes-Côte d'Azur;Alpes-de-Haute-Provence;Claret 04058;E5.9500;N44.3667;13;
3;FRA;Provence-Alpes-Côte d'Azur;Alpes-de-Haute-Provence;Clumanc 04059;E6.4167;N44.0333;13;
3;FRA;Provence-Alpes-Côte d'Azur;Alpes-de-Haute-Provence;Colmars 04061;E6.6333;N44.1833;13;
3;FRA;Provence-Alpes-Côte d'Azur;Alpes-de-Haute-Provence;Corbières 04063;E5.7500;N43.7667;13;
3;FRA;Provence-Alpes-Côte d'Azur;Alpes-de-Haute-Provence;Courchons 04064=04173;E6.5061;N43.9276;13;
3;FRA;Provence-Alpes-Côte d'Azur;Alpes-de-Haute-Provence;Cruis 04065;E5.8333;N44.0667;13;
3;FRA;Provence-Alpes-Côte d'Azur;Alpes-de-Haute-Provence;Curbans 04066;E6.0333;N44.4333;13;
3;FRA;Provence-Alpes-Côte d'Azur;Alpes-de-Haute-Provence;Curel 04067;E5.6667;N44.1833;13;
3;FRA;Provence-Alpes-Côte d'Azur;Alpes-de-Haute-Provence;Dauphin 04068;E5.7833;N43.9000;13;
3;FRA;Provence-Alpes-Côte d'Azur;Alpes-de-Haute-Provence;Demandolx 04069;E6.5833;N43.8667;13;
3;FRA;Provence-Alpes-Côte d'Azur;Alpes-de-Haute-Provence;Digne-les-Bains 04070;E6.2364;N44.0933;13;
3;FRA;Provence-Alpes-Côte d'Azur;Alpes-de-Haute-Provence;Draix 04072;E6.3500;N44.1333;13;
3;FRA;Provence-Alpes-Côte d'Azur;Alpes-de-Haute-Provence;Enchastrayes 04073;E6.7000;N44.3667;13;
3;FRA;Provence-Alpes-Côte d'Azur;Alpes-de-Haute-Provence;Entrages 04074;E6.2667;N44.0500;13;
3;FRA;Provence-Alpes-Côte d'Azur;Alpes-de-Haute-Provence;Entrepierres 04075;E5.9833;N44.2000;13;
3;FRA;Provence-Alpes-Côte d'Azur;Alpes-de-Haute-Provence;Entrevaux 04076;E6.8167;N43.9500;13;
3;FRA;Provence-Alpes-Côte d'Azur;Alpes-de-Haute-Provence;Entrevennes 04077;E6.0333;N43.9333;13;
3;FRA;Provence-Alpes-Côte d'Azur;Alpes-de-Haute-Provence;Eoulx 04078=04039;E6.5500;N43.8167;13;
3;FRA;Provence-Alpes-Côte d'Azur;Alpes-de-Haute-Provence;Esclangon 04080=04097;E6.2833;N44.2167;13;
3;FRA;Provence-Alpes-Côte d'Azur;Alpes-de-Haute-Provence;Esparron-de-Verdon 04081;E5.9833;N43.7333;13;
3;FRA;Provence-Alpes-Côte d'Azur;Alpes-de-Haute-Provence;Esparron-la-Bâtie 04082=04023;E6.1500;N44.3167;13;
3;FRA;Provence-Alpes-Côte d'Azur;Alpes-de-Haute-Provence;Espinouse 04083=04046;E6.1000;N44.0167;13;
3;FRA;Provence-Alpes-Côte d'Azur;Alpes-de-Haute-Provence;Estoublon 04084;E6.1667;N43.9333;13;
3;FRA;Provence-Alpes-Côte d'Azur;Alpes-de-Haute-Provence;Faucon-de-Barcelonnette 04086;E6.6833;N44.4000;13;
3;FRA;Provence-Alpes-Côte d'Azur;Alpes-de-Haute-Provence;Faucon-du-Caire 04085;E6.1000;N44.4000;13;
3;FRA;Provence-Alpes-Côte d'Azur;Alpes-de-Haute-Provence;Fontienne 04087;E5.8000;N44.0167;13;
3;FRA;Provence-Alpes-Côte d'Azur;Alpes-de-Haute-Provence;Forcalquier 04088;E5.7833;N43.9667;13;
3;FRA;Provence-Alpes-Côte d'Azur;Alpes-de-Haute-Provence;Fours 04089=04226;E6.6272;N44.3593;13;
3;FRA;Provence-Alpes-Côte d'Azur;Alpes-de-Haute-Provence;Ganagobie 04091;E5.9167;N44.0000;13;
3;FRA;Provence-Alpes-Côte d'Azur;Alpes-de-Haute-Provence;Gigors 04093;E6.1500;N44.4167;13;
3;FRA;Provence-Alpes-Côte d'Azur;Alpes-de-Haute-Provence;Gréoux-les-Bains 04094;E5.8833;N43.7500;13;
3;FRA;Provence-Alpes-Côte d'Azur;Alpes-de-Haute-Provence;Hautes-Duyes 04177;E6.1589;N44.1800;13;
3;FRA;Provence-Alpes-Côte d'Azur;Alpes-de-Haute-Provence;Jausiers 04096;E6.7333;N44.4167;13;
3;FRA;Provence-Alpes-Côte d'Azur;Alpes-de-Haute-Provence;L'Escale 04079;E6.0333;N44.0833;13;
3;FRA;Provence-Alpes-Côte d'Azur;Alpes-de-Haute-Provence;L'Hospitalet 04095;E5.7000;N44.0833;13;
3;FRA;Provence-Alpes-Côte d'Azur;Alpes-de-Haute-Provence;La Bréole 04033;E6.3000;N44.4500;13;
3;FRA;Provence-Alpes-Côte d'Azur;Alpes-de-Haute-Provence;La Brillanne 04034;E5.8833;N43.9167;13;
3;FRA;Provence-Alpes-Côte d'Azur;Alpes-de-Haute-Provence;La Condamine-Châtelard 04062;E6.7400;N44.4530;13;
3;FRA;Provence-Alpes-Côte d'Azur;Alpes-de-Haute-Provence;La Garde 04092;E6.559;N43.8303;13;
3;FRA;Provence-Alpes-Côte d'Azur;Alpes-de-Haute-Provence;La Javie 04097;E6.3500;N44.1667;13;
3;FRA;Provence-Alpes-Côte d'Azur;Alpes-de-Haute-Provence;La Motte-du-Caire 04134;E6.0333;N44.3500;13;
3;FRA;Provence-Alpes-Côte d'Azur;Alpes-de-Haute-Provence;La Mure-Argens 04136;E6.5239;N44.0443;13;
3;FRA;Provence-Alpes-Côte d'Azur;Alpes-de-Haute-Provence;La Palud-sur-Verdon 04144;E6.3401;N43.7797;13;
3;FRA;Provence-Alpes-Côte d'Azur;Alpes-de-Haute-Provence;La Pérusse 04146=04217;E6.0824;N44.1399;13;
3;FRA;Provence-Alpes-Côte d'Azur;Alpes-de-Haute-Provence;La Robine-sur-Galabre 04167;E6.2171;N44.1704;13;
3;FRA;Provence-Alpes-Côte d'Azur;Alpes-de-Haute-Provence;La Rochegiron 04169;E5.6500;N44.0833;13;
3;FRA;Provence-Alpes-Côte d'Azur;Alpes-de-Haute-Provence;La Rochette 04170;E6.8911;N43.9156;13;
3;FRA;Provence-Alpes-Côte d'Azur;Alpes-de-Haute-Provence;Lambert 04098=04167;E6.2167;N44.2167;13;
3;FRA;Provence-Alpes-Côte d'Azur;Alpes-de-Haute-Provence;Lambruisse 04099;E6.4333;N44.0500;13;
3;FRA;Provence-Alpes-Côte d'Azur;Alpes-de-Haute-Provence;Larche 04100;E6.8500;N44.4500;13;
3;FRA;Provence-Alpes-Côte d'Azur;Alpes-de-Haute-Provence;Lardiers 04101;E5.7167;N44.0500;13;
3;FRA;Provence-Alpes-Côte d'Azur;Alpes-de-Haute-Provence;Le Brusquet 04036;E6.3000;N44.1500;13;
3;FRA;Provence-Alpes-Côte d'Azur;Alpes-de-Haute-Provence;Le Caire 04037;E6.0500;N44.3667;13;
3;FRA;Provence-Alpes-Côte d'Azur;Alpes-de-Haute-Provence;Le Castellard-Melan 04040;E6.1333;N44.1833;13;
3;FRA;Provence-Alpes-Côte d'Azur;Alpes-de-Haute-Provence;Le Castellet 04041;E5.9833;N43.9333;13;
3;FRA;Provence-Alpes-Côte d'Azur;Alpes-de-Haute-Provence;Le Chaffaut-Saint-Jurson 04046;E6.1495;N44.0377;13;
3;FRA;Provence-Alpes-Côte d'Azur;Alpes-de-Haute-Provence;Le Fugeret 04090;E6.6333;N44.0000;13;
3;FRA;Provence-Alpes-Côte d'Azur;Alpes-de-Haute-Provence;Le Lauzet-Ubaye 04102;E6.4333;N44.4333;13;
3;FRA;Provence-Alpes-Côte d'Azur;Alpes-de-Haute-Provence;Le Poil 04153=04204;E6.3000;N43.9333;13;
3;FRA;Provence-Alpes-Côte d'Azur;Alpes-de-Haute-Provence;Le Vernet 04237;E6.4000;N44.2833;13;
3;FRA;Provence-Alpes-Côte d'Azur;Alpes-de-Haute-Provence;Les Dourbes 04071=04070;E6.3500;N44.0667;13;
3;FRA;Provence-Alpes-Côte d'Azur;Alpes-de-Haute-Provence;Les Mées 04116;E5.9833;N44.0333;13;
3;FRA;Provence-Alpes-Côte d'Azur;Alpes-de-Haute-Provence;Les Omergues 04140;E5.6000;N44.1667;13;
3;FRA;Provence-Alpes-Côte d'Azur;Alpes-de-Haute-Provence;Les Thuiles 04220;E6.5667;N44.4000;13;
3;FRA;Provence-Alpes-Côte d'Azur;Alpes-de-Haute-Provence;Levens 04103=04107;E6.2933;N43.8832;13;
3;FRA;Provence-Alpes-Côte d'Azur;Alpes-de-Haute-Provence;Limans 04104;E5.7333;N43.9833;13;
3;FRA;Provence-Alpes-Côte d'Azur;Alpes-de-Haute-Provence;Lincel 04105=04192;E5.7000;N43.9000;13;
3;FRA;Provence-Alpes-Côte d'Azur;Alpes-de-Haute-Provence;Lurs 04106;E5.8833;N43.9667;13;
3;FRA;Provence-Alpes-Côte d'Azur;Alpes-de-Haute-Provence;Majastres 04107;E6.3000;N43.9167;13;
3;FRA;Provence-Alpes-Côte d'Azur;Alpes-de-Haute-Provence;Malijai 04108;E6.0333;N44.0500;13;
3;FRA;Provence-Alpes-Côte d'Azur;Alpes-de-Haute-Provence;Mallefougasse-Augès 04109;E5.8982;N44.0661;13;
3;FRA;Provence-Alpes-Côte d'Azur;Alpes-de-Haute-Provence;Mallemoisson 04110;E6.1333;N44.0500;13;
3;FRA;Provence-Alpes-Côte d'Azur;Alpes-de-Haute-Provence;Mane 04111;E5.7667;N43.9333;13;
3;FRA;Provence-Alpes-Côte d'Azur;Alpes-de-Haute-Provence;Manosque 04112;E5.7833;N43.8333;13;
3;FRA;Provence-Alpes-Côte d'Azur;Alpes-de-Haute-Provence;Marcoux 04113;E6.2833;N44.1333;13;
3;FRA;Provence-Alpes-Côte d'Azur;Alpes-de-Haute-Provence;Mariaud 04114=04155;E6.4333;N44.2500;13;
3;FRA;Provence-Alpes-Côte d'Azur;Alpes-de-Haute-Provence;Méailles 04115;E6.6333;N44.0333;13;
3;FRA;Provence-Alpes-Côte d'Azur;Alpes-de-Haute-Provence;Melan 04117=04040;E6.1333;N44.2000;13;
3;FRA;Provence-Alpes-Côte d'Azur;Alpes-de-Haute-Provence;Melve 04118;E5.9833;N44.3500;13;
3;FRA;Provence-Alpes-Côte d'Azur;Alpes-de-Haute-Provence;Méolans 04119=04161;E6.5000;N44.4000;13;
3;FRA;Provence-Alpes-Côte d'Azur;Alpes-de-Haute-Provence;Méolans-Revel 04161;E6.5185;N44.4086;13;
3;FRA;Provence-Alpes-Côte d'Azur;Alpes-de-Haute-Provence;Meyronnes 04120;E6.8000;N44.4833;13;
3;FRA;Provence-Alpes-Côte d'Azur;Alpes-de-Haute-Provence;Mézel 04121;E6.2000;N43.9833;13;
3;FRA;Provence-Alpes-Côte d'Azur;Alpes-de-Haute-Provence;Mirabeau 04122;E6.0833;N44.0667;13;
3;FRA;Provence-Alpes-Côte d'Azur;Alpes-de-Haute-Provence;Mison 04123;E5.8333;N44.2667;13;
3;FRA;Provence-Alpes-Côte d'Azur;Alpes-de-Haute-Provence;Montagnac-Montpezat 04124;E6.0882;N43.7524;13;
3;FRA;Provence-Alpes-Côte d'Azur;Alpes-de-Haute-Provence;Montblanc 04125=04043;E6.7514;N43.8881;13;
3;FRA;Provence-Alpes-Côte d'Azur;Alpes-de-Haute-Provence;Montclar 04126;E6.3333;N44.4000;13;
3;FRA;Provence-Alpes-Côte d'Azur;Alpes-de-Haute-Provence;Montfort 04127;E5.9667;N44.0667;13;
3;FRA;Provence-Alpes-Côte d'Azur;Alpes-de-Haute-Provence;Montfuron 04128;E5.7000;N43.8333;13;
3;FRA;Provence-Alpes-Côte d'Azur;Alpes-de-Haute-Provence;Montjustin 04129;E5.6333;N43.8500;13;
3;FRA;Provence-Alpes-Côte d'Azur;Alpes-de-Haute-Provence;Montlaux 04130;E5.8427;N44.0464;13;
3;FRA;Provence-Alpes-Côte d'Azur;Alpes-de-Haute-Provence;Montpezat 04131=04124;E6.1000;N43.7500;13;
3;FRA;Provence-Alpes-Côte d'Azur;Alpes-de-Haute-Provence;Montsalier 04132;E5.6089;N44.0124;13;
3;FRA;Provence-Alpes-Côte d'Azur;Alpes-de-Haute-Provence;Moriez 04133;E6.4667;N43.9500;13;
3;FRA;Provence-Alpes-Côte d'Azur;Alpes-de-Haute-Provence;Moustiers-Sainte-Marie 04135;E6.2167;N43.8500;13;
3;FRA;Provence-Alpes-Côte d'Azur;Alpes-de-Haute-Provence;Nibles 04137;E6.0167;N44.2833;13;
3;FRA;Provence-Alpes-Côte d'Azur;Alpes-de-Haute-Provence;Niozelles 04138;E5.8333;N43.9333;13;
3;FRA;Provence-Alpes-Côte d'Azur;Alpes-de-Haute-Provence;Noyers-sur-Jabron 04139;E5.8333;N44.1667;13;
3;FRA;Provence-Alpes-Côte d'Azur;Alpes-de-Haute-Provence;Ongles 04141;E5.7333;N44.0333;13;
3;FRA;Provence-Alpes-Côte d'Azur;Alpes-de-Haute-Provence;Oppedette 04142;E5.6000;N43.9333;13;
3;FRA;Provence-Alpes-Côte d'Azur;Alpes-de-Haute-Provence;Oraison 04143;E5.9167;N43.9167;13;
3;FRA;Provence-Alpes-Côte d'Azur;Alpes-de-Haute-Provence;Peipin 04145;E5.9500;N44.1333;13;
3;FRA;Provence-Alpes-Côte d'Azur;Alpes-de-Haute-Provence;Peyresq 04147=04219;E6.6174;N44.0677;13;
3;FRA;Provence-Alpes-Côte d'Azur;Alpes-de-Haute-Provence;Peyroules 04148;E6.6333;N43.8167;13;
3;FRA;Provence-Alpes-Côte d'Azur;Alpes-de-Haute-Provence;Peyruis 04149;E5.9333;N44.0333;13;
3;FRA;Provence-Alpes-Côte d'Azur;Alpes-de-Haute-Provence;Piégut 04150;E6.1282;N44.4515;13;
3;FRA;Provence-Alpes-Côte d'Azur;Alpes-de-Haute-Provence;Pierrerue 04151;E5.8333;N43.9500;13;
3;FRA;Provence-Alpes-Côte d'Azur;Alpes-de-Haute-Provence;Pierrevert 04152;E5.7500;N43.8167;13;
3;FRA;Provence-Alpes-Côte d'Azur;Alpes-de-Haute-Provence;Pontis 04154;E6.3574;N44.5037;13;
3;FRA;Provence-Alpes-Côte d'Azur;Alpes-de-Haute-Provence;Prads-Haute-Bléone 04155;E6.4414;N44.2197;13;
3;FRA;Provence-Alpes-Côte d'Azur;Alpes-de-Haute-Provence;Puimichel 04156;E6.0167;N43.9667;13;
3;FRA;Provence-Alpes-Côte d'Azur;Alpes-de-Haute-Provence;Puimoisson 04157;E6.1333;N43.8667;13;
3;FRA;Provence-Alpes-Côte d'Azur;Alpes-de-Haute-Provence;Quinson 04158;E6.0333;N43.7000;13;
3;FRA;Provence-Alpes-Côte d'Azur;Alpes-de-Haute-Provence;Redortiers 04159;E5.6500;N44.0833;13;
3;FRA;Provence-Alpes-Côte d'Azur;Alpes-de-Haute-Provence;Reillanne 04160;E5.6667;N43.8833;13;
3;FRA;Provence-Alpes-Côte d'Azur;Alpes-de-Haute-Provence;Revest-des-Brousses 04162;E5.6667;N43.9667;13;
3;FRA;Provence-Alpes-Côte d'Azur;Alpes-de-Haute-Provence;Revest-du-Bion 04163;E5.5500;N44.0833;13;
3;FRA;Provence-Alpes-Côte d'Azur;Alpes-de-Haute-Provence;Revest-Saint-Martin 04164;E5.8167;N44.0333;13;
3;FRA;Provence-Alpes-Côte d'Azur;Alpes-de-Haute-Provence;Reynier 04165=04023;E6.1167;N44.3000;13;
3;FRA;Provence-Alpes-Côte d'Azur;Alpes-de-Haute-Provence;Riez 04166;E6.1000;N43.8167;13;
3;FRA;Provence-Alpes-Côte d'Azur;Alpes-de-Haute-Provence;Robion 04168=04039;E6.4000;N43.8000;13;
3;FRA;Provence-Alpes-Côte d'Azur;Alpes-de-Haute-Provence;Rougon 04171;E6.1288;N43.8280;13;
3;FRA;Provence-Alpes-Côte d'Azur;Alpes-de-Haute-Provence;Roumoules 04172;E6.5094;N43.9675;13;
3;FRA;Provence-Alpes-Côte d'Azur;Alpes-de-Haute-Provence;Saint-André-les-Alpes 04173;E6.0000;N44.0667;13;
3;FRA;Provence-Alpes-Côte d'Azur;Alpes-de-Haute-Provence;Saint-Benoît 04174;E6.7333;N43.9667;13;
3;FRA;Provence-Alpes-Côte d'Azur;Alpes-de-Haute-Provence;Saint-Étienne-les-Orgues 04178;E5.7826;N44.0473;13;
3;FRA;Provence-Alpes-Côte d'Azur;Alpes-de-Haute-Provence;Saint-Geniez 04179;E6.0500;N44.2500;13;
3;FRA;Provence-Alpes-Côte d'Azur;Alpes-de-Haute-Provence;Saint-Jacques 04180;E6.4167;N43.9667;13;
3;FRA;Provence-Alpes-Côte d'Azur;Alpes-de-Haute-Provence;Saint-Jeannet 04181;E6.1230;N43.9518;13;
3;FRA;Provence-Alpes-Côte d'Azur;Alpes-de-Haute-Provence;Saint-Julien-d'Asse 04182;E6.1000;N43.9167;13;
3;FRA;Provence-Alpes-Côte d'Azur;Alpes-de-Haute-Provence;Saint-Julien-du-Verdon 04183;E6.5333;N43.9167;13;
3;FRA;Provence-Alpes-Côte d'Azur;Alpes-de-Haute-Provence;Saint-Jurs 04184;E6.2000;N43.9000;13;
3;FRA;Provence-Alpes-Côte d'Azur;Alpes-de-Haute-Provence;Saint-Jurson 04185=04046;E6.1863;N44.0365;13;
3;FRA;Provence-Alpes-Côte d'Azur;Alpes-de-Haute-Provence;Saint-Laurent-du-Verdon 04186;E6.0667;N43.7167;13;
3;FRA;Provence-Alpes-Côte d'Azur;Alpes-de-Haute-Provence;Saint-Lions 04187;E6.4000;N43.9833;13;
3;FRA;Provence-Alpes-Côte d'Azur;Alpes-de-Haute-Provence;Saint-Maime 04188;E5.8000;N43.9000;13;
3;FRA;Provence-Alpes-Côte d'Azur;Alpes-de-Haute-Provence;Saint-Martin-de-Brômes 04189;E5.9453;N43.7706;13;
3;FRA;Provence-Alpes-Côte d'Azur;Alpes-de-Haute-Provence;Saint-Martin-les-Eaux 04190;E5.7500;N43.8833;13;
3;FRA;Provence-Alpes-Côte d'Azur;Alpes-de-Haute-Provence;Saint-Martin-lès-Seyne 04191;E6.2574;N44.3859;13;
3;FRA;Provence-Alpes-Côte d'Azur;Alpes-de-Haute-Provence;Saint-Michel-l'Observatoire 04192;E5.7167;N43.9167;13;
3;FRA;Provence-Alpes-Côte d'Azur;Alpes-de-Haute-Provence;Saint-Michel-Peyresq 04060=04219;E6.5960;N44.0489;13;
3;FRA;Provence-Alpes-Côte d'Azur;Alpes-de-Haute-Provence;Saint-Paul-sur-Ubaye 04193;E6.7503;N44.5148;13;
3;FRA;Provence-Alpes-Côte d'Azur;Alpes-de-Haute-Provence;Saint-Pierre 04194;E6.9240;N43.9129;13;
3;FRA;Provence-Alpes-Côte d'Azur;Alpes-de-Haute-Provence;Saint-Pons 04195;E6.6279;N44.3922;13;
3;FRA;Provence-Alpes-Côte d'Azur;Alpes-de-Haute-Provence;Saint-Symphorien 04196=04075;E6.0500;N44.1833;13;
3;FRA;Provence-Alpes-Côte d'Azur;Alpes-de-Haute-Provence;Saint-Vincent-les-Forts 04198;E6.3833;N44.4500;13;
3;FRA;Provence-Alpes-Côte d'Azur;Alpes-de-Haute-Provence;Saint-Vincent-sur-Jabron 04199;E5.7333;N44.1667;13;
3;FRA;Provence-Alpes-Côte d'Azur;Alpes-de-Haute-Provence;Sainte-Croix-à-Lauze 04175;E5.6167;N43.9167;13;
3;FRA;Provence-Alpes-Côte d'Azur;Alpes-de-Haute-Provence;Sainte-Croix-de-Verdon 04176;E6.1515;N43.7597;13;
3;FRA;Provence-Alpes-Côte d'Azur;Alpes-de-Haute-Provence;Sainte-Tulle 04197;E5.7667;N43.7833;13;
3;FRA;Provence-Alpes-Côte d'Azur;Alpes-de-Haute-Provence;Salignac 04200;E5.9833;N44.1667;13;
3;FRA;Provence-Alpes-Côte d'Azur;Alpes-de-Haute-Provence;Saumane 04201;E5.6833;N44.0833;13;
3;FRA;Provence-Alpes-Côte d'Azur;Alpes-de-Haute-Provence;Sausses 04202;E6.7833;N44.0167;13;
3;FRA;Provence-Alpes-Côte d'Azur;Alpes-de-Haute-Provence;Selonnet 04203;E6.3000;N44.3667;13;
3;FRA;Provence-Alpes-Côte d'Azur;Alpes-de-Haute-Provence;Senez 04204;E6.4000;N43.9167;13;
3;FRA;Provence-Alpes-Côte d'Azur;Alpes-de-Haute-Provence;Seyne 04205;E6.3500;N44.3500;13;
3;FRA;Provence-Alpes-Côte d'Azur;Alpes-de-Haute-Provence;Sigonce 04206;E5.8333;N44.0000;13;
3;FRA;Provence-Alpes-Côte d'Azur;Alpes-de-Haute-Provence;Sigoyer 04207;E5.9500;N44.3167;13;
3;FRA;Provence-Alpes-Côte d'Azur;Alpes-de-Haute-Provence;Simiane-la-Rotonde 04208;E5.5667;N43.9833;13;
3;FRA;Provence-Alpes-Côte d'Azur;Alpes-de-Haute-Provence;Sisteron 04209;E5.9333;N44.2000;13;
3;FRA;Provence-Alpes-Côte d'Azur;Alpes-de-Haute-Provence;Soleilhas 04210;E6.6500;N43.8500;13;
3;FRA;Provence-Alpes-Côte d'Azur;Alpes-de-Haute-Provence;Sourribes 04211;E6.0167;N44.1500;13;
3;FRA;Provence-Alpes-Côte d'Azur;Alpes-de-Haute-Provence;Taloire 04212=04039;E6.4500;N43.8167;13;
3;FRA;Provence-Alpes-Côte d'Azur;Alpes-de-Haute-Provence;Tanaron 04213=04167;E6.2667;N44.2000;13;
3;FRA;Provence-Alpes-Côte d'Azur;Alpes-de-Haute-Provence;Tartonne 04214;E6.3833;N44.0667;13;
3;FRA;Provence-Alpes-Côte d'Azur;Alpes-de-Haute-Provence;Taulanne 04215=04039;E6.4500;N43.8667;13;
3;FRA;Provence-Alpes-Côte d'Azur;Alpes-de-Haute-Provence;Thèze 04216;E5.9167;N44.3167;13;
3;FRA;Provence-Alpes-Côte d'Azur;Alpes-de-Haute-Provence;Thoard 04217;E6.1500;N44.1500;13;
3;FRA;Provence-Alpes-Côte d'Azur;Alpes-de-Haute-Provence;Thorame-Basse 04218;E6.5000;N44.0833;13;
3;FRA;Provence-Alpes-Côte d'Azur;Alpes-de-Haute-Provence;Thorame-Haute 04219;E6.5500;N44.1000;13;
3;FRA;Provence-Alpes-Côte d'Azur;Alpes-de-Haute-Provence;Trévans 04221=04084;E6.2333;N43.9500;13;
3;FRA;Provence-Alpes-Côte d'Azur;Alpes-de-Haute-Provence;Turriers 04222;E6.1667;N44.4000;13;
3;FRA;Provence-Alpes-Côte d'Azur;Alpes-de-Haute-Provence;Ubaye 04223=04102;E6.3609;N44.4652;13;
3;FRA;Provence-Alpes-Côte d'Azur;Alpes-de-Haute-Provence;Ubraye 04224;E6.7000;N43.9000;13;
3;FRA;Provence-Alpes-Côte d'Azur;Alpes-de-Haute-Provence;Urtis 04225=04234;E6.0715;N44.4296;13;
3;FRA;Provence-Alpes-Côte d'Azur;Alpes-de-Haute-Provence;Uvernet-Fours 04226;E6.6272;N44.3593;13;
3;FRA;Provence-Alpes-Côte d'Azur;Alpes-de-Haute-Provence;Vachères 04227;E5.6333;N43.9333;13;
3;FRA;Provence-Alpes-Côte d'Azur;Alpes-de-Haute-Provence;Val-de-Chalvagne 04043;E6.8075;N43.9150;13;
3;FRA;Provence-Alpes-Côte d'Azur;Alpes-de-Haute-Provence;Valavoire 04228;E6.0833;N44.2667;13;
3;FRA;Provence-Alpes-Côte d'Azur;Alpes-de-Haute-Provence;Valbelle 04229;E5.8833;N44.1500;13;
3;FRA;Provence-Alpes-Côte d'Azur;Alpes-de-Haute-Provence;Valensole 04230;E5.9833;N43.8333;13;
3;FRA;Provence-Alpes-Côte d'Azur;Alpes-de-Haute-Provence;Valernes 04231;E5.9667;N44.2667;13;
3;FRA;Provence-Alpes-Côte d'Azur;Alpes-de-Haute-Provence;Valsaintes 04232=04208;E5.6070;N43.9643;13;
3;FRA;Provence-Alpes-Côte d'Azur;Alpes-de-Haute-Provence;Vaumeilh 04233;E5.9500;N44.2833;13;
3;FRA;Provence-Alpes-Côte d'Azur;Alpes-de-Haute-Provence;Venterol 04234;E6.0991;N44.4449;13;
3;FRA;Provence-Alpes-Côte d'Azur;Alpes-de-Haute-Provence;Verdaches 04235;E6.3333;N44.2667;13;
3;FRA;Provence-Alpes-Côte d'Azur;Alpes-de-Haute-Provence;Vergons 04236;E6.5833;N43.9167;13;
3;FRA;Provence-Alpes-Côte d'Azur;Alpes-de-Haute-Provence;Vilhosc 04238=04075;E6.0167;N44.1833;13;
3;FRA;Provence-Alpes-Côte d'Azur;Alpes-de-Haute-Provence;Villars-Brandis 04239=04039;E6.4650;N43.8358;13;
3;FRA;Provence-Alpes-Côte d'Azur;Alpes-de-Haute-Provence;Villars-Colmars 04240;E6.6000;N44.1667;13;
3;FRA;Provence-Alpes-Côte d'Azur;Alpes-de-Haute-Provence;Villemus 04241;E5.7000;N43.8667;13;
3;FRA;Provence-Alpes-Côte d'Azur;Alpes-de-Haute-Provence;Villeneuve 04242;E5.8615;N43.8963;13;
3;FRA;Provence-Alpes-Côte d'Azur;Alpes-de-Haute-Provence;Villevieille 04243=04043;E6.2167;N44.2000;13;
3;FRA;Provence-Alpes-Côte d'Azur;Alpes-de-Haute-Provence;Volonne 04244;E6.0150;N44.1101;13;
3;FRA;Provence-Alpes-Côte d'Azur;Alpes-de-Haute-Provence;Volx 04245;E5.8427;N43.8759;13;
2;FRA;Provence-Alpes-Côte d'Azur;Alpes-Maritimes;;E7.37;N43.90;10;
3;FRA;Provence-Alpes-Côte d'Azur;Alpes-Maritimes;Aiglun 06001;E6.9167;N43.8500;13;
3;FRA;Provence-Alpes-Côte d'Azur;Alpes-Maritimes;Amirat 06002;E6.8167;N43.9000;13;
3;FRA;Provence-Alpes-Côte d'Azur;Alpes-Maritimes;Andon 06003;E6.7833;N43.7667;13;
3;FRA;Provence-Alpes-Côte d'Azur;Alpes-Maritimes;Antibes 06004;E7.1167;N43.5833;13;
3;FRA;Provence-Alpes-Côte d'Azur;Alpes-Maritimes;Ascros 06005;E7.0167;N43.9167;13;
3;FRA;Provence-Alpes-Côte d'Azur;Alpes-Maritimes;Aspremont 06006;E7.2500;N43.7833;13;
3;FRA;Provence-Alpes-Côte d'Azur;Alpes-Maritimes;Auribeau-sur-Siagne 06007;E6.9167;N43.6000;13;
3;FRA;Provence-Alpes-Côte d'Azur;Alpes-Maritimes;Auvare 06008;E6.9167;N43.9833;13;
3;FRA;Provence-Alpes-Côte d'Azur;Alpes-Maritimes;Bairols 06009;E7.1333;N43.9833;13;
3;FRA;Provence-Alpes-Côte d'Azur;Alpes-Maritimes;Beaulieu-sur-Mer 06011;E7.3333;N43.7000;13;
3;FRA;Provence-Alpes-Côte d'Azur;Alpes-Maritimes;Beausoleil 06012;E7.4333;N43.7500;13;
3;FRA;Provence-Alpes-Côte d'Azur;Alpes-Maritimes;Belvédère 06013;E7.3167;N44.0000;13;
3;FRA;Provence-Alpes-Côte d'Azur;Alpes-Maritimes;Bendejun 06014;E7.3000;N43.8333;13;
3;FRA;Provence-Alpes-Côte d'Azur;Alpes-Maritimes;Berre-les-Alpes 06015;E7.3282;N43.8314;13;
3;FRA;Provence-Alpes-Côte d'Azur;Alpes-Maritimes;Beuil 06016;E6.9833;N44.1000;13;
3;FRA;Provence-Alpes-Côte d'Azur;Alpes-Maritimes;Bézaudun-les-Alpes 06017;E7.1000;N43.8000;13;
3;FRA;Provence-Alpes-Côte d'Azur;Alpes-Maritimes;Biot 06018;E7.1000;N43.6333;13;
3;FRA;Provence-Alpes-Côte d'Azur;Alpes-Maritimes;Blausasc 06019;E7.3667;N43.8000;13;
3;FRA;Provence-Alpes-Côte d'Azur;Alpes-Maritimes;Bonson 06021;E7.2000;N43.8667;13;
3;FRA;Provence-Alpes-Côte d'Azur;Alpes-Maritimes;Bouyon 06022;E7.1167;N43.8333;13;
3;FRA;Provence-Alpes-Côte d'Azur;Alpes-Maritimes;Breil-sur-Roya 06023;E7.5000;N43.9333;13;
3;FRA;Provence-Alpes-Côte d'Azur;Alpes-Maritimes;Briançonnet 06024;E6.7667;N43.8667;13;
3;FRA;Provence-Alpes-Côte d'Azur;Alpes-Maritimes;Cabris 06026;E6.8667;N43.6667;13;
3;FRA;Provence-Alpes-Côte d'Azur;Alpes-Maritimes;Cagnes-sur-Mer 06027;E7.1500;N43.6667;13;
3;FRA;Provence-Alpes-Côte d'Azur;Alpes-Maritimes;Caille 06028;E6.7333;N43.7667;13;
3;FRA;Provence-Alpes-Côte d'Azur;Alpes-Maritimes;Cannes 06029;E7.0167;N43.5500;13;
3;FRA;Provence-Alpes-Côte d'Azur;Alpes-Maritimes;Cantaron 06031;E7.3167;N43.7667;13;
3;FRA;Provence-Alpes-Côte d'Azur;Alpes-Maritimes;Cap-d'Ail 06032;E7.4000;N43.7167;13;
3;FRA;Provence-Alpes-Côte d'Azur;Alpes-Maritimes;Carros 06033;E7.1833;N43.8000;13;
3;FRA;Provence-Alpes-Côte d'Azur;Alpes-Maritimes;Castagniers 06034;E7.2333;N43.8000;13;
3;FRA;Provence-Alpes-Côte d'Azur;Alpes-Maritimes;Castellar 06035;E7.5000;N43.8000;13;
3;FRA;Provence-Alpes-Côte d'Azur;Alpes-Maritimes;Castillon 06036;E7.4667;N43.8333;13;
3;FRA;Provence-Alpes-Côte d'Azur;Alpes-Maritimes;Caussols 06037;E6.8995;N43.7427;13;
3;FRA;Provence-Alpes-Côte d'Azur;Alpes-Maritimes;Châteauneuf-d'Entraunes 06040;E6.8333;N44.1333;13;
3;FRA;Provence-Alpes-Côte d'Azur;Alpes-Maritimes;Châteauneuf-Grasse 06038;E6.9753;N43.6751;13;
3;FRA;Provence-Alpes-Côte d'Azur;Alpes-Maritimes;Châteauneuf-Villevieille 06039;E7.2969;N43.8085;13;
3;FRA;Provence-Alpes-Côte d'Azur;Alpes-Maritimes;Cipières 06041;E6.9500;N43.7833;13;
3;FRA;Provence-Alpes-Côte d'Azur;Alpes-Maritimes;Clans 06042;E7.1500;N44.0000;13;
3;FRA;Provence-Alpes-Côte d'Azur;Alpes-Maritimes;Coaraze 06043;E7.3000;N43.8667;13;
3;FRA;Provence-Alpes-Côte d'Azur;Alpes-Maritimes;Collongues 06045;E6.8667;N43.8833;13;
3;FRA;Provence-Alpes-Côte d'Azur;Alpes-Maritimes;Colomars 06046;E7.2167;N43.7667;13;
3;FRA;Provence-Alpes-Côte d'Azur;Alpes-Maritimes;Conségudes 06047;E7.0500;N43.8500;13;
3;FRA;Provence-Alpes-Côte d'Azur;Alpes-Maritimes;Contes 06048;E7.3167;N43.8167;13;
3;FRA;Provence-Alpes-Côte d'Azur;Alpes-Maritimes;Courmes 06049;E7.0167;N43.7500;13;
3;FRA;Provence-Alpes-Côte d'Azur;Alpes-Maritimes;Coursegoules 06050;E7.0333;N43.8000;13;
3;FRA;Provence-Alpes-Côte d'Azur;Alpes-Maritimes;Cuébris 06052;E7.0167;N43.8833;13;
3;FRA;Provence-Alpes-Côte d'Azur;Alpes-Maritimes;Daluis 06053;E6.8167;N44.0167;13;
3;FRA;Provence-Alpes-Côte d'Azur;Alpes-Maritimes;Drap 06054;E7.3167;N43.7500;13;
3;FRA;Provence-Alpes-Côte d'Azur;Alpes-Maritimes;Duranus 06055;E7.2667;N43.9000;13;
3;FRA;Provence-Alpes-Côte d'Azur;Alpes-Maritimes;Entraunes 06056;E6.7500;N44.1833;13;
3;FRA;Provence-Alpes-Côte d'Azur;Alpes-Maritimes;Escragnolles 06058;E6.7833;N43.7333;13;
3;FRA;Provence-Alpes-Côte d'Azur;Alpes-Maritimes;Èze 06059;E7.3667;N43.7167;13;
3;FRA;Provence-Alpes-Côte d'Azur;Alpes-Maritimes;Falicon 06060;E7.2833;N43.7500;13;
3;FRA;Provence-Alpes-Côte d'Azur;Alpes-Maritimes;Fontan 06062;E7.5500;N44.0000;13;
3;FRA;Provence-Alpes-Côte d'Azur;Alpes-Maritimes;Gars 06063;E6.8000;N43.8667;13;
3;FRA;Provence-Alpes-Côte d'Azur;Alpes-Maritimes;Gattières 06064;E7.1833;N43.7667;13;
3;FRA;Provence-Alpes-Côte d'Azur;Alpes-Maritimes;Gilette 06066;E7.1667;N43.8500;13;
3;FRA;Provence-Alpes-Côte d'Azur;Alpes-Maritimes;Gorbio 06067;E7.4500;N43.7833;13;
3;FRA;Provence-Alpes-Côte d'Azur;Alpes-Maritimes;Gourdon 06068;E6.9833;N43.7167;13;
3;FRA;Provence-Alpes-Côte d'Azur;Alpes-Maritimes;Grasse 06069;E6.9167;N43.6667;13;
3;FRA;Provence-Alpes-Côte d'Azur;Alpes-Maritimes;Gréolières 06070;E6.9500;N43.8000;13;
3;FRA;Provence-Alpes-Côte d'Azur;Alpes-Maritimes;Guillaumes 06071;E6.8500;N44.0833;13;
3;FRA;Provence-Alpes-Côte d'Azur;Alpes-Maritimes;Ilonse 06072;E7.1000;N44.0333;13;
3;FRA;Provence-Alpes-Côte d'Azur;Alpes-Maritimes;Isola 06073;E7.0500;N44.1833;13;
3;FRA;Provence-Alpes-Côte d'Azur;Alpes-Maritimes;L'Escarène 06057;E7.3500;N43.8333;13;
3;FRA;Provence-Alpes-Côte d'Azur;Alpes-Maritimes;La Bollène-Vésubie 06020;E7.3333;N43.9833;13;
3;FRA;Provence-Alpes-Côte d'Azur;Alpes-Maritimes;La Brigue 06162;E7.6167;N44.0667;13;
3;FRA;Provence-Alpes-Côte d'Azur;Alpes-Maritimes;La Colle-sur-Loup 06044;E7.1000;N43.6833;13;
3;FRA;Provence-Alpes-Côte d'Azur;Alpes-Maritimes;La Croix-sur-Roudoule 06051;E6.8667;N43.9833;13;
3;FRA;Provence-Alpes-Côte d'Azur;Alpes-Maritimes;La Gaude 06065;E7.1500;N43.7167;13;
3;FRA;Provence-Alpes-Côte d'Azur;Alpes-Maritimes;La Penne 06093;E6.9500;N43.9333;13;
3;FRA;Provence-Alpes-Côte d'Azur;Alpes-Maritimes;La Roquette-sur-Siagne 06108;E6.9500;N43.6000;13;
3;FRA;Provence-Alpes-Côte d'Azur;Alpes-Maritimes;La Roquette-sur-Var 06109;E7.2000;N43.8333;13;
3;FRA;Provence-Alpes-Côte d'Azur;Alpes-Maritimes;La Tour 06144;E7.1833;N43.9500;13;
3;FRA;Provence-Alpes-Côte d'Azur;Alpes-Maritimes;La Trinité 06149;E7.3167;N43.7500;13;
3;FRA;Provence-Alpes-Côte d'Azur;Alpes-Maritimes;La Turbie 06150;E7.4000;N43.7500;13;
3;FRA;Provence-Alpes-Côte d'Azur;Alpes-Maritimes;Lantosque 06074;E7.3167;N43.9667;13;
3;FRA;Provence-Alpes-Côte d'Azur;Alpes-Maritimes;Le Bar-sur-Loup 06010;E6.9898;N43.7016;13;
3;FRA;Provence-Alpes-Côte d'Azur;Alpes-Maritimes;Le Broc 06025;E7.1667;N43.8167;13;
3;FRA;Provence-Alpes-Côte d'Azur;Alpes-Maritimes;Le Cannet 06030;E7.0167;N43.5667;13;
3;FRA;Provence-Alpes-Côte d'Azur;Alpes-Maritimes;Le Mas 06081;E6.8667;N43.8500;13;
3;FRA;Provence-Alpes-Côte d'Azur;Alpes-Maritimes;Le Rouret 06112;E7.0167;N43.6833;13;
3;FRA;Provence-Alpes-Côte d'Azur;Alpes-Maritimes;Le Tignet 06140;E6.8500;N43.6500;13;
3;FRA;Provence-Alpes-Côte d'Azur;Alpes-Maritimes;Les Ferres 06061;E7.1000;N43.8500;13;
3;FRA;Provence-Alpes-Côte d'Azur;Alpes-Maritimes;Les Mujouls 06087;E6.8500;N43.8833;13;
3;FRA;Provence-Alpes-Côte d'Azur;Alpes-Maritimes;Levens 06075;E7.2167;N43.8667;13;
3;FRA;Provence-Alpes-Côte d'Azur;Alpes-Maritimes;Lieuche 06076;E7.0167;N44.0000;13;
3;FRA;Provence-Alpes-Côte d'Azur;Alpes-Maritimes;Lucéram 06077;E7.3667;N43.8833;13;
3;FRA;Provence-Alpes-Côte d'Azur;Alpes-Maritimes;Malaussène 06078;E7.1333;N43.9167;13;
3;FRA;Provence-Alpes-Côte d'Azur;Alpes-Maritimes;Mandelieu-la-Napoule 06079;E6.9333;N43.5500;13;
3;FRA;Provence-Alpes-Côte d'Azur;Alpes-Maritimes;Marie 06080;E7.1333;N44.0333;13;
3;FRA;Provence-Alpes-Côte d'Azur;Alpes-Maritimes;Massoins 06082;E7.1333;N43.9333;13;
3;FRA;Provence-Alpes-Côte d'Azur;Alpes-Maritimes;Menton 06083;E7.5000;N43.7833;13;
3;FRA;Provence-Alpes-Côte d'Azur;Alpes-Maritimes;Mouans-Sartoux 06084;E6.9667;N43.6167;13;
3;FRA;Provence-Alpes-Côte d'Azur;Alpes-Maritimes;Mougins 06085;E7.0000;N43.6000;13;
3;FRA;Provence-Alpes-Côte d'Azur;Alpes-Maritimes;Moulinet 06086;E7.4167;N43.9500;13;
3;FRA;Provence-Alpes-Côte d'Azur;Alpes-Maritimes;Nice 06088;E7.2500;N43.7000;13;
3;FRA;Provence-Alpes-Côte d'Azur;Alpes-Maritimes;Opio 06089;E6.9833;N43.6667;13;
3;FRA;Provence-Alpes-Côte d'Azur;Alpes-Maritimes;Pégomas 06090;E6.9333;N43.6000;13;
3;FRA;Provence-Alpes-Côte d'Azur;Alpes-Maritimes;Peille 06091;E7.4000;N43.8000;13;
3;FRA;Provence-Alpes-Côte d'Azur;Alpes-Maritimes;Peillon 06092;E7.3833;N43.7833;13;
3;FRA;Provence-Alpes-Côte d'Azur;Alpes-Maritimes;Péone 06094;E6.9000;N44.1167;13;
3;FRA;Provence-Alpes-Côte d'Azur;Alpes-Maritimes;Peymeinade 06095;E6.8833;N43.6333;13;
3;FRA;Provence-Alpes-Côte d'Azur;Alpes-Maritimes;Pierlas 06096;E7.0333;N44.0333;13;
3;FRA;Provence-Alpes-Côte d'Azur;Alpes-Maritimes;Pierrefeu 06097;E7.0833;N43.8667;13;
3;FRA;Provence-Alpes-Côte d'Azur;Alpes-Maritimes;Puget-Rostang 06098;E6.9167;N43.9667;13;
3;FRA;Provence-Alpes-Côte d'Azur;Alpes-Maritimes;Puget-Théniers 06099;E6.9000;N43.9500;13;
3;FRA;Provence-Alpes-Côte d'Azur;Alpes-Maritimes;Revest-les-Roches 06100;E7.1500;N43.8833;13;
3;FRA;Provence-Alpes-Côte d'Azur;Alpes-Maritimes;Rigaud 06101;E6.9833;N44.0000;13;
3;FRA;Provence-Alpes-Côte d'Azur;Alpes-Maritimes;Rimplas 06102;E7.1333;N44.0667;13;
3;FRA;Provence-Alpes-Côte d'Azur;Alpes-Maritimes;Roquebillière 06103;E7.3000;N44.0167;13;
3;FRA;Provence-Alpes-Côte d'Azur;Alpes-Maritimes;Roquebrune-Cap-Martin 06104;E7.4667;N43.7667;13;
3;FRA;Provence-Alpes-Côte d'Azur;Alpes-Maritimes;Roquefort-les-Pins 06105;E7.0386;N43.6738;13;
3;FRA;Provence-Alpes-Côte d'Azur;Alpes-Maritimes;Roquesteron 06106;E7.0000;N43.8667;13;
3;FRA;Provence-Alpes-Côte d'Azur;Alpes-Maritimes;Roquestéron-Grasse 06107;E7.0000;N43.8667;13;
3;FRA;Provence-Alpes-Côte d'Azur;Alpes-Maritimes;Roubion 06110;E7.0500;N44.0833;13;
3;FRA;Provence-Alpes-Côte d'Azur;Alpes-Maritimes;Roure 06111;E7.0833;N44.0833;13;
3;FRA;Provence-Alpes-Côte d'Azur;Alpes-Maritimes;Saint-André-de-la-Roche 06114;E7.2874;N43.7387;13;
3;FRA;Provence-Alpes-Côte d'Azur;Alpes-Maritimes;Saint-Antonin 06115;E6.9833;N43.9167;13;
3;FRA;Provence-Alpes-Côte d'Azur;Alpes-Maritimes;Saint-Auban 06116;E6.7256;N43.8485;13;
3;FRA;Provence-Alpes-Côte d'Azur;Alpes-Maritimes;Saint-Blaise 06117;E7.2333;N43.8333;13;
3;FRA;Provence-Alpes-Côte d'Azur;Alpes-Maritimes;Saint-Cézaire-sur-Siagne 06118;E6.8000;N43.6500;13;
3;FRA;Provence-Alpes-Côte d'Azur;Alpes-Maritimes;Saint-Dalmas-le-Selvage 06119;E6.8667;N44.2833;13;
3;FRA;Provence-Alpes-Côte d'Azur;Alpes-Maritimes;Saint-Étienne-de-Tinée 06120;E6.9250;N44.2583;13;
3;FRA;Provence-Alpes-Côte d'Azur;Alpes-Maritimes;Saint-Jean-Cap-Ferrat 06121;E7.3333;N43.6833;13;
3;FRA;Provence-Alpes-Côte d'Azur;Alpes-Maritimes;Saint-Jeannet 06122;E7.1500;N43.7500;13;
3;FRA;Provence-Alpes-Côte d'Azur;Alpes-Maritimes;Saint-Laurent-du-Var 06123;E7.1833;N43.6667;13;
3;FRA;Provence-Alpes-Côte d'Azur;Alpes-Maritimes;Saint-Léger 06124;E6.8333;N44.0000;13;
3;FRA;Provence-Alpes-Côte d'Azur;Alpes-Maritimes;Saint-Martin-d'Entraunes 06125;E6.7667;N44.1333;13;
3;FRA;Provence-Alpes-Côte d'Azur;Alpes-Maritimes;Saint-Martin-du-Var 06126;E7.2000;N43.8167;13;
3;FRA;Provence-Alpes-Côte d'Azur;Alpes-Maritimes;Saint-Martin-Vésubie 06127;E7.2500;N44.0667;13;
3;FRA;Provence-Alpes-Côte d'Azur;Alpes-Maritimes;Saint-Paul 06128;E7.1167;N43.7000;13;
3;FRA;Provence-Alpes-Côte d'Azur;Alpes-Maritimes;Saint-Sauveur-sur-Tinée 06129;E7.1000;N44.0833;13;
3;FRA;Provence-Alpes-Côte d'Azur;Alpes-Maritimes;Saint-Vallier-de-Thiey 06130;E6.8500;N43.7000;13;
3;FRA;Provence-Alpes-Côte d'Azur;Alpes-Maritimes;Sainte-Agnès 06113;E7.4667;N43.8000;13;
3;FRA;Provence-Alpes-Côte d'Azur;Alpes-Maritimes;Sallagriffon 06131;E6.9053;N43.8835;13;
3;FRA;Provence-Alpes-Côte d'Azur;Alpes-Maritimes;Saorge 06132;E7.5500;N43.9833;13;
3;FRA;Provence-Alpes-Côte d'Azur;Alpes-Maritimes;Sauze 06133;E6.8333;N44.0833;13;
3;FRA;Provence-Alpes-Côte d'Azur;Alpes-Maritimes;Séranon 06134;E6.7000;N43.7667;13;
3;FRA;Provence-Alpes-Côte d'Azur;Alpes-Maritimes;Sigale 06135;E6.9500;N43.8667;13;
3;FRA;Provence-Alpes-Côte d'Azur;Alpes-Maritimes;Sospel 06136;E7.4500;N43.8833;13;
3;FRA;Provence-Alpes-Côte d'Azur;Alpes-Maritimes;Spéracèdes 06137;E6.8667;N43.6500;13;
3;FRA;Provence-Alpes-Côte d'Azur;Alpes-Maritimes;Tende 06163;E7.6000;N44.0833;13;
3;FRA;Provence-Alpes-Côte d'Azur;Alpes-Maritimes;Théoule-sur-Mer 06138;E6.9333;N43.5000;13;
3;FRA;Provence-Alpes-Côte d'Azur;Alpes-Maritimes;Thiéry 06139;E7.0333;N43.9833;13;
3;FRA;Provence-Alpes-Côte d'Azur;Alpes-Maritimes;Toudon 06141;E7.1167;N43.9000;13;
3;FRA;Provence-Alpes-Côte d'Azur;Alpes-Maritimes;Touët-de-l'Escarène 06142;E7.3630;N43.8480;13;
3;FRA;Provence-Alpes-Côte d'Azur;Alpes-Maritimes;Touët-sur-Var 06143;E7.0000;N43.9500;13;
3;FRA;Provence-Alpes-Côte d'Azur;Alpes-Maritimes;Tourette-du-Château 06145;E7.1439;N43.8824;13;
3;FRA;Provence-Alpes-Côte d'Azur;Alpes-Maritimes;Tournefort 06146;E7.1500;N43.9500;13;
3;FRA;Provence-Alpes-Côte d'Azur;Alpes-Maritimes;Tourrette-Levens 06147;E7.2667;N43.7833;13;
3;FRA;Provence-Alpes-Côte d'Azur;Alpes-Maritimes;Tourrettes-sur-Loup 06148;E7.0500;N43.7167;13;
3;FRA;Provence-Alpes-Côte d'Azur;Alpes-Maritimes;Utelle 06151;E7.2500;N43.9167;13;
3;FRA;Provence-Alpes-Côte d'Azur;Alpes-Maritimes;Valbonne 06152;E7.0000;N43.6333;13;
3;FRA;Provence-Alpes-Côte d'Azur;Alpes-Maritimes;Valdeblore 06153;E7.2010;N44.0665;13;
3;FRA;Provence-Alpes-Côte d'Azur;Alpes-Maritimes;Valderoure 06154;E6.7167;N43.7833;13;
3;FRA;Provence-Alpes-Côte d'Azur;Alpes-Maritimes;Vallauris 06155;E7.0500;N43.5833;13;
3;FRA;Provence-Alpes-Côte d'Azur;Alpes-Maritimes;Venanson 06156;E7.2500;N44.0500;13;
3;FRA;Provence-Alpes-Côte d'Azur;Alpes-Maritimes;Vence 06157;E7.1167;N43.7167;13;
3;FRA;Provence-Alpes-Côte d'Azur;Alpes-Maritimes;Villars-sur-Var 06158;E7.1000;N43.9333;13;
3;FRA;Provence-Alpes-Côte d'Azur;Alpes-Maritimes;Villefranche-sur-Mer 06159;E7.3167;N43.7000;13;
3;FRA;Provence-Alpes-Côte d'Azur;Alpes-Maritimes;Villeneuve-d'Entraunes 06160;E6.7936;N44.1213;13;
3;FRA;Provence-Alpes-Côte d'Azur;Alpes-Maritimes;Villeneuve-Loubet 06161;E7.1167;N43.6500;13;
2;FRA;Provence-Alpes-Côte d'Azur;Bouches-du-Rhône;;E5.37;N43.33;10;
3;FRA;Provence-Alpes-Côte d'Azur;Bouches-du-Rhône;Aix-en-Provence 13001;E5.4333;N43.5333;13;
3;FRA;Provence-Alpes-Côte d'Azur;Bouches-du-Rhône;Allauch 13002;E5.4833;N43.3333;13;
3;FRA;Provence-Alpes-Côte d'Azur;Bouches-du-Rhône;Alleins 13003;E5.1667;N43.7000;13;
3;FRA;Provence-Alpes-Côte d'Azur;Bouches-du-Rhône;Arles 13004;E4.6333;N43.6667;13;
3;FRA;Provence-Alpes-Côte d'Azur;Bouches-du-Rhône;Aubagne 13005;E5.5667;N43.2833;13;
3;FRA;Provence-Alpes-Côte d'Azur;Bouches-du-Rhône;Aureille 13006;E4.9500;N43.7000;13;
3;FRA;Provence-Alpes-Côte d'Azur;Bouches-du-Rhône;Auriol 13007;E5.6333;N43.3833;13;
3;FRA;Provence-Alpes-Côte d'Azur;Bouches-du-Rhône;Aurons 13008;E5.1500;N43.6667;13;
3;FRA;Provence-Alpes-Côte d'Azur;Bouches-du-Rhône;Barbentane 13010;E4.7500;N43.9000;13;
3;FRA;Provence-Alpes-Côte d'Azur;Bouches-du-Rhône;Beaurecueil 13012;E5.5500;N43.5000;13;
3;FRA;Provence-Alpes-Côte d'Azur;Bouches-du-Rhône;Belcodène 13013;E5.5833;N43.4167;13;
3;FRA;Provence-Alpes-Côte d'Azur;Bouches-du-Rhône;Berre-l'Étang 13014;E5.1833;N43.4667;13;
3;FRA;Provence-Alpes-Côte d'Azur;Bouches-du-Rhône;Bouc-Bel-Air 13015;E5.4167;N43.4500;13;
3;FRA;Provence-Alpes-Côte d'Azur;Bouches-du-Rhône;Boulbon 13017;E4.6833;N43.8667;13;
3;FRA;Provence-Alpes-Côte d'Azur;Bouches-du-Rhône;Cabannes 13018;E4.9500;N43.8667;13;
3;FRA;Provence-Alpes-Côte d'Azur;Bouches-du-Rhône;Cabriès 13019;E5.3833;N43.4333;13;
3;FRA;Provence-Alpes-Côte d'Azur;Bouches-du-Rhône;Cadolive 13020;E5.5500;N43.3833;13;
3;FRA;Provence-Alpes-Côte d'Azur;Bouches-du-Rhône;Carnoux-en-Provence 13119;E5.5671;N43.2567;13;
3;FRA;Provence-Alpes-Côte d'Azur;Bouches-du-Rhône;Carry-le-Rouet 13021;E5.1500;N43.3333;13;
3;FRA;Provence-Alpes-Côte d'Azur;Bouches-du-Rhône;Cassis 13022;E5.5333;N43.2167;13;
3;FRA;Provence-Alpes-Côte d'Azur;Bouches-du-Rhône;Ceyreste 13023;E5.6333;N43.2167;13;
3;FRA;Provence-Alpes-Côte d'Azur;Bouches-du-Rhône;Charleval 13024;E5.2500;N43.7167;13;
3;FRA;Provence-Alpes-Côte d'Azur;Bouches-du-Rhône;Châteauneuf-le-Rouge 13025;E5.5667;N43.4833;13;
3;FRA;Provence-Alpes-Côte d'Azur;Bouches-du-Rhône;Châteauneuf-les-Martigues 13026;E5.1667;N43.3833;13;
3;FRA;Provence-Alpes-Côte d'Azur;Bouches-du-Rhône;Châteaurenard 13027;E4.8500;N43.8833;13;
3;FRA;Provence-Alpes-Côte d'Azur;Bouches-du-Rhône;Cornillon-Confoux 13029;E5.0667;N43.5667;13;
3;FRA;Provence-Alpes-Côte d'Azur;Bouches-du-Rhône;Coudoux 13118;E5.2500;N43.5500;13;
3;FRA;Provence-Alpes-Côte d'Azur;Bouches-du-Rhône;Cuges-les-Pins 13030;E5.7000;N43.2833;13;
3;FRA;Provence-Alpes-Côte d'Azur;Bouches-du-Rhône;Éguilles 13032;E5.3667;N43.5667;13;
3;FRA;Provence-Alpes-Côte d'Azur;Bouches-du-Rhône;Ensuès-la-Redonne 13033;E5.2000;N43.3500;13;
3;FRA;Provence-Alpes-Côte d'Azur;Bouches-du-Rhône;Eygalières 13034;E4.9500;N43.7500;13;
3;FRA;Provence-Alpes-Côte d'Azur;Bouches-du-Rhône;Eyguières 13035;E5.0333;N43.7000;13;
3;FRA;Provence-Alpes-Côte d'Azur;Bouches-du-Rhône;Eyragues 13036;E4.8333;N43.8333;13;
3;FRA;Provence-Alpes-Côte d'Azur;Bouches-du-Rhône;Fontvieille 13038;E5.4833;N43.3167;13;
3;FRA;Provence-Alpes-Côte d'Azur;Bouches-du-Rhône;Fos-sur-Mer 13039;E4.9500;N43.4333;13;
3;FRA;Provence-Alpes-Côte d'Azur;Bouches-du-Rhône;Fuveau 13040;E5.5667;N43.4500;13;
3;FRA;Provence-Alpes-Côte d'Azur;Bouches-du-Rhône;Gardanne 13041;E5.4667;N43.4500;13;
3;FRA;Provence-Alpes-Côte d'Azur;Bouches-du-Rhône;Gémenos 13042;E5.6333;N43.3000;13;
3;FRA;Provence-Alpes-Côte d'Azur;Bouches-du-Rhône;Gignac-la-Nerthe 13043;E5.2333;N43.3917;13;
3;FRA;Provence-Alpes-Côte d'Azur;Bouches-du-Rhône;Grans 13044;E5.0667;N43.6000;13;
3;FRA;Provence-Alpes-Côte d'Azur;Bouches-du-Rhône;Graveson 13045;E4.7667;N43.8500;13;
3;FRA;Provence-Alpes-Côte d'Azur;Bouches-du-Rhône;Gréasque 13046;E5.5500;N43.4333;13;
3;FRA;Provence-Alpes-Côte d'Azur;Bouches-du-Rhône;Istres 13047;E4.9833;N43.5167;13;
3;FRA;Provence-Alpes-Côte d'Azur;Bouches-du-Rhône;Jouques 13048;E5.6333;N43.6333;13;
3;FRA;Provence-Alpes-Côte d'Azur;Bouches-du-Rhône;La Barben 13009;E5.1833;N43.6333;13;
3;FRA;Provence-Alpes-Côte d'Azur;Bouches-du-Rhône;La Bouilladisse 13016;E5.5833;N43.4000;13;
3;FRA;Provence-Alpes-Côte d'Azur;Bouches-du-Rhône;La Ciotat 13028;E5.6000;N43.1667;13;
3;FRA;Provence-Alpes-Côte d'Azur;Bouches-du-Rhône;La Destrousse 13031;E5.6000;N43.3667;13;
3;FRA;Provence-Alpes-Côte d'Azur;Bouches-du-Rhône;La Fare-les-Oliviers 13037;E5.1833;N43.5500;13;
3;FRA;Provence-Alpes-Côte d'Azur;Bouches-du-Rhône;La Penne-sur-Huveaune 13070;E5.5167;N43.2833;13;
3;FRA;Provence-Alpes-Côte d'Azur;Bouches-du-Rhône;La Roque-d'Anthéron 13084;E5.3167;N43.7167;13;
3;FRA;Provence-Alpes-Côte d'Azur;Bouches-du-Rhône;Lamanon 13049;E5.0833;N43.7000;13;
3;FRA;Provence-Alpes-Côte d'Azur;Bouches-du-Rhône;Lambesc 13050;E5.2667;N43.6500;13;
3;FRA;Provence-Alpes-Côte d'Azur;Bouches-du-Rhône;Lançon-Provence 13051;E5.1333;N43.5833;13;
3;FRA;Provence-Alpes-Côte d'Azur;Bouches-du-Rhône;Le Puy-Sainte-Réparade 13080;E5.4333;N43.6667;13;
3;FRA;Provence-Alpes-Côte d'Azur;Bouches-du-Rhône;Le Rove 13088;E5.2500;N43.3667;13;
3;FRA;Provence-Alpes-Côte d'Azur;Bouches-du-Rhône;Le Tholonet 13109;E5.5167;N43.5167;13;
3;FRA;Provence-Alpes-Côte d'Azur;Bouches-du-Rhône;Les Baux-de-Provence 13011;E4.8000;N43.7500;13;
3;FRA;Provence-Alpes-Côte d'Azur;Bouches-du-Rhône;Les Pennes-Mirabeau 13071;E5.3167;N43.4083;13;
3;FRA;Provence-Alpes-Côte d'Azur;Bouches-du-Rhône;Maillane 13052;E4.7833;N43.8333;13;
3;FRA;Provence-Alpes-Côte d'Azur;Bouches-du-Rhône;Mallemort 13053;E5.1833;N43.7333;13;
3;FRA;Provence-Alpes-Côte d'Azur;Bouches-du-Rhône;Marignane 13054;E5.2167;N43.4167;13;
3;FRA;Provence-Alpes-Côte d'Azur;Bouches-du-Rhône;Marseille 13055;E5.4000;N43.3000;13;
3;FRA;Provence-Alpes-Côte d'Azur;Bouches-du-Rhône;Marseille--1er 13201;E5.3827;N43.2983;13;
3;FRA;Provence-Alpes-Côte d'Azur;Bouches-du-Rhône;Marseille--2e 13202;E5.3693;N43.2965;13;
3;FRA;Provence-Alpes-Côte d'Azur;Bouches-du-Rhône;Marseille--3e 13203;E5.3744;N43.3022;13;
3;FRA;Provence-Alpes-Côte d'Azur;Bouches-du-Rhône;Marseille--4e 13204;E5.4032;N43.2981;13;
3;FRA;Provence-Alpes-Côte d'Azur;Bouches-du-Rhône;Marseille--5e 13205;E5.3984;N43.29.74;13;
3;FRA;Provence-Alpes-Côte d'Azur;Bouches-du-Rhône;Marseille--6e 13206;E5.3802;N43.2907;13;
3;FRA;Provence-Alpes-Côte d'Azur;Bouches-du-Rhône;Marseille--7e 13207;E5.3629;N43.2892;13;
3;FRA;Provence-Alpes-Côte d'Azur;Bouches-du-Rhône;Marseille--8e 13208;E5.3814;N43.2700;13;
3;FRA;Provence-Alpes-Côte d'Azur;Bouches-du-Rhône;Marseille--9e 13209;E5.4027;N43.2513;13;
3;FRA;Provence-Alpes-Côte d'Azur;Bouches-du-Rhône;Marseille-10e 13210;E5.4181;N43.2798;13;
3;FRA;Provence-Alpes-Côte d'Azur;Bouches-du-Rhône;Marseille-11e 13211;E5.4416;N43.2903;13;
3;FRA;Provence-Alpes-Côte d'Azur;Bouches-du-Rhône;Marseille-12e 13212;E5.4432;N43.2970;13;
3;FRA;Provence-Alpes-Côte d'Azur;Bouches-du-Rhône;Marseille-13e 13213;E5.4080;N43.3190;13;
3;FRA;Provence-Alpes-Côte d'Azur;Bouches-du-Rhône;Marseille-14e 13214;E5.3815;N43.3460;13;
3;FRA;Provence-Alpes-Côte d'Azur;Bouches-du-Rhône;Marseille-15e 13215;E5.3555;N43.3735;13;
3;FRA;Provence-Alpes-Côte d'Azur;Bouches-du-Rhône;Marseille-16e 13216;E5.3456;N43.3632;13;
3;FRA;Provence-Alpes-Côte d'Azur;Bouches-du-Rhône;Martigues 13056;E5.0500;N43.4000;13;
3;FRA;Provence-Alpes-Côte d'Azur;Bouches-du-Rhône;Mas-Blanc-des-Alpilles 13057;E4.7578;N43.7900;13;
3;FRA;Provence-Alpes-Côte d'Azur;Bouches-du-Rhône;Maussane-les-Alpilles 13058;E4.8054;N43.7210;13;
3;FRA;Provence-Alpes-Côte d'Azur;Bouches-du-Rhône;Meyrargues 13059;E5.5333;N43.6333;13;
3;FRA;Provence-Alpes-Côte d'Azur;Bouches-du-Rhône;Meyreuil 13060;E5.5000;N43.4833;13;
3;FRA;Provence-Alpes-Côte d'Azur;Bouches-du-Rhône;Mimet 13062;E5.5000;N43.4167;13;
3;FRA;Provence-Alpes-Côte d'Azur;Bouches-du-Rhône;Miramas 13063;E5.0000;N43.5833;13;
3;FRA;Provence-Alpes-Côte d'Azur;Bouches-du-Rhône;Mollégès 13064;E4.9500;N43.8000;13;
3;FRA;Provence-Alpes-Côte d'Azur;Bouches-du-Rhône;Mouriès 13065;E4.8667;N43.6833;13;
3;FRA;Provence-Alpes-Côte d'Azur;Bouches-du-Rhône;Noves 13066;E4.9000;N43.8667;13;
3;FRA;Provence-Alpes-Côte d'Azur;Bouches-du-Rhône;Orgon 13067;E5.0333;N43.7833;13;
3;FRA;Provence-Alpes-Côte d'Azur;Bouches-du-Rhône;Paradou 13068;E4.7833;N43.7167;13;
3;FRA;Provence-Alpes-Côte d'Azur;Bouches-du-Rhône;Pélissanne 13069;E5.1500;N43.6333;13;
3;FRA;Provence-Alpes-Côte d'Azur;Bouches-du-Rhône;Peynier 13072;E5.6500;N43.4500;13;
3;FRA;Provence-Alpes-Côte d'Azur;Bouches-du-Rhône;Peypin 13073;E5.5833;N43.3833;13;
3;FRA;Provence-Alpes-Côte d'Azur;Bouches-du-Rhône;Peyrolles-en-Provence 13074;E5.5833;N43.6500;13;
3;FRA;Provence-Alpes-Côte d'Azur;Bouches-du-Rhône;Plan-d'Orgon 13076;E5.0000;N43.8000;13;
3;FRA;Provence-Alpes-Côte d'Azur;Bouches-du-Rhône;Plan-de-Cuques 13075;E5.4667;N43.3500;13;
3;FRA;Provence-Alpes-Côte d'Azur;Bouches-du-Rhône;Port-de-Bouc 13077;E4.9833;N43.4000;13;
3;FRA;Provence-Alpes-Côte d'Azur;Bouches-du-Rhône;Port-Saint-Louis-du-Rhône 13078;E4.8000;N43.3833;13;
3;FRA;Provence-Alpes-Côte d'Azur;Bouches-du-Rhône;Puyloubier 13079;E5.6833;N43.5167;13;
3;FRA;Provence-Alpes-Côte d'Azur;Bouches-du-Rhône;Rognac 13081;E5.2333;N43.4833;13;
3;FRA;Provence-Alpes-Côte d'Azur;Bouches-du-Rhône;Rognes 13082;E5.3500;N43.6667;13;
3;FRA;Provence-Alpes-Côte d'Azur;Bouches-du-Rhône;Rognonas 13083;E4.8000;N43.9000;13;
3;FRA;Provence-Alpes-Côte d'Azur;Bouches-du-Rhône;Roquefort-la-Bédoule 13085;E5.6167;N43.2500;13;
3;FRA;Provence-Alpes-Côte d'Azur;Bouches-du-Rhône;Roquevaire 13086;E5.6000;N43.3500;13;
3;FRA;Provence-Alpes-Côte d'Azur;Bouches-du-Rhône;Rousset 13087;E5.6220;N43.4821;13;
3;FRA;Provence-Alpes-Côte d'Azur;Bouches-du-Rhône;Saint-Andiol 13089;E4.9500;N43.8333;13;
3;FRA;Provence-Alpes-Côte d'Azur;Bouches-du-Rhône;Saint-Antonin-sur-Bayon 13090;E5.5833;N43.5167;13;
3;FRA;Provence-Alpes-Côte d'Azur;Bouches-du-Rhône;Saint-Cannat 13091;E5.3000;N43.6167;13;
3;FRA;Provence-Alpes-Côte d'Azur;Bouches-du-Rhône;Saint-Chamas 13092;E5.0333;N43.5500;13;
3;FRA;Provence-Alpes-Côte d'Azur;Bouches-du-Rhône;Saint-Estève-Janson 13093;E5.3833;N43.6833;13;
3;FRA;Provence-Alpes-Côte d'Azur;Bouches-du-Rhône;Saint-Étienne-du-Grès 13094;E4.7167;N43.7833;13;
3;FRA;Provence-Alpes-Côte d'Azur;Bouches-du-Rhône;Saint-Marc-Jaumegarde 13095;E5.5167;N43.5500;13;
3;FRA;Provence-Alpes-Côte d'Azur;Bouches-du-Rhône;Saint-Martin-de-Crau 13097;E4.8167;N43.6333;13;
3;FRA;Provence-Alpes-Côte d'Azur;Bouches-du-Rhône;Saint-Mitre-les-Remparts 13098;E5.0167;N43.4500;13;
3;FRA;Provence-Alpes-Côte d'Azur;Bouches-du-Rhône;Saint-Paul-lès-Durance 13099;E5.7000;N43.6833;13;
3;FRA;Provence-Alpes-Côte d'Azur;Bouches-du-Rhône;Saint-Pierre-de-Mézoargues 13061;E4.6489;N43.8591;13;
3;FRA;Provence-Alpes-Côte d'Azur;Bouches-du-Rhône;Saint-Rémy-de-Provence 13100;E4.8333;N43.7833;13;
3;FRA;Provence-Alpes-Côte d'Azur;Bouches-du-Rhône;Saint-Savournin 13101;E5.5333;N43.4000;13;
3;FRA;Provence-Alpes-Côte d'Azur;Bouches-du-Rhône;Saint-Victoret 13102;E5.2333;N43.4167;13;
3;FRA;Provence-Alpes-Côte d'Azur;Bouches-du-Rhône;Saintes-Maries-de-la-Mer 13096;E4.4250;N43.4500;13;
3;FRA;Provence-Alpes-Côte d'Azur;Bouches-du-Rhône;Salon-de-Provence 13103;E5.1000;N43.6333;13;
3;FRA;Provence-Alpes-Côte d'Azur;Bouches-du-Rhône;Sausset-les-Pins 13104;E5.1167;N43.3333;13;
3;FRA;Provence-Alpes-Côte d'Azur;Bouches-du-Rhône;Sénas 13105;E5.0833;N43.7500;13;
3;FRA;Provence-Alpes-Côte d'Azur;Bouches-du-Rhône;Septèmes-les-Vallons 13106;E5.3667;N43.4000;13;
3;FRA;Provence-Alpes-Côte d'Azur;Bouches-du-Rhône;Simiane-Collongue 13107;E5.4333;N43.4167;13;
3;FRA;Provence-Alpes-Côte d'Azur;Bouches-du-Rhône;Tarascon 13108;E4.6667;N43.8000;13;
3;FRA;Provence-Alpes-Côte d'Azur;Bouches-du-Rhône;Trets 13110;E5.6833;N43.4500;13;
3;FRA;Provence-Alpes-Côte d'Azur;Bouches-du-Rhône;Vauvenargues 13111;E5.6000;N43.5500;13;
3;FRA;Provence-Alpes-Côte d'Azur;Bouches-du-Rhône;Velaux 13112;E5.2667;N43.5167;13;
3;FRA;Provence-Alpes-Côte d'Azur;Bouches-du-Rhône;Venelles 13113;E5.4833;N43.6000;13;
3;FRA;Provence-Alpes-Côte d'Azur;Bouches-du-Rhône;Ventabren 13114;E5.3000;N43.5333;13;
3;FRA;Provence-Alpes-Côte d'Azur;Bouches-du-Rhône;Vernègues 13115;E5.1667;N43.6833;13;
3;FRA;Provence-Alpes-Côte d'Azur;Bouches-du-Rhône;Verquières 13116;E4.9167;N43.8333;13;
3;FRA;Provence-Alpes-Côte d'Azur;Bouches-du-Rhône;Vitrolles 13117;E5.2500;N43.4667;13;
2;FRA;Provence-Alpes-Côte d'Azur;Hautes-Alpes;;E5.70;N44.70;10;
3;FRA;Provence-Alpes-Côte d'Azur;Hautes-Alpes;Abriès 05001;E6.9333;N44.7833;13;
3;FRA;Provence-Alpes-Côte d'Azur;Hautes-Alpes;Agnières-en-Dévoluy 05002;E5.8833;N44.7000;13;
3;FRA;Provence-Alpes-Côte d'Azur;Hautes-Alpes;Aiguilles 05003;E6.8667;N44.7833;13;
3;FRA;Provence-Alpes-Côte d'Azur;Hautes-Alpes;Ancelle 05004;E6.2000;N44.6333;13;
3;FRA;Provence-Alpes-Côte d'Azur;Hautes-Alpes;Antonaves 05005;E5.8000;N44.2667;13;
3;FRA;Provence-Alpes-Côte d'Azur;Hautes-Alpes;Arvieux 05007;E6.7333;N44.7667;13;
3;FRA;Provence-Alpes-Côte d'Azur;Hautes-Alpes;Aspremont 05008;E5.7278;N44.4925;13;
3;FRA;Provence-Alpes-Côte d'Azur;Hautes-Alpes;Aspres-lès-Corps 05009;E5.9833;N44.8000;13;
3;FRA;Provence-Alpes-Côte d'Azur;Hautes-Alpes;Aspres-sur-Buëch 05010;E5.7500;N44.5167;13;
3;FRA;Provence-Alpes-Côte d'Azur;Hautes-Alpes;Avançon 05011;E6.1833;N44.5333;13;
3;FRA;Provence-Alpes-Côte d'Azur;Hautes-Alpes;Baratier 05012;E6.5000;N44.5333;13;
3;FRA;Provence-Alpes-Côte d'Azur;Hautes-Alpes;Barcillonnette 05013;E5.9167;N44.4333;13;
3;FRA;Provence-Alpes-Côte d'Azur;Hautes-Alpes;Barret-le-Haut 05015=05014;E5.7383;N44.2803;13;
3;FRA;Provence-Alpes-Côte d'Azur;Hautes-Alpes;Barret-sur-Méouge 05014;E5.7353;N44.2614;13;
3;FRA;Provence-Alpes-Côte d'Azur;Hautes-Alpes;Bénévent-et-Charbillac 05020;E6.0675;N44.7159;13;
3;FRA;Provence-Alpes-Côte d'Azur;Hautes-Alpes;Bréziers 05022;E6.2000;N44.4333;13;
3;FRA;Provence-Alpes-Côte d'Azur;Hautes-Alpes;Briançon 05023;E6.6500;N44.9000;13;
3;FRA;Provence-Alpes-Côte d'Azur;Hautes-Alpes;Bruis 05024;E5.5167;N44.4667;13;
3;FRA;Provence-Alpes-Côte d'Azur;Hautes-Alpes;Buissard 05025;E6.1333;N44.6500;13;
3;FRA;Provence-Alpes-Côte d'Azur;Hautes-Alpes;Ceillac 05026;E6.7750;N44.6667;13;
3;FRA;Provence-Alpes-Côte d'Azur;Hautes-Alpes;Cervières 05027;E6.7167;N44.8667;13;
3;FRA;Provence-Alpes-Côte d'Azur;Hautes-Alpes;Chabestan 05028;E5.7833;N44.4833;13;
3;FRA;Provence-Alpes-Côte d'Azur;Hautes-Alpes;Chabottes 05029;E6.1833;N44.6500;13;
3;FRA;Provence-Alpes-Côte d'Azur;Hautes-Alpes;Chabottonnes 05030=05145;E6.1920;N44.6608;13;
3;FRA;Provence-Alpes-Côte d'Azur;Hautes-Alpes;Champcella 05031;E6.5715;N44.7229;13;
3;FRA;Provence-Alpes-Côte d'Azur;Hautes-Alpes;Champoléon 05032;E6.2333;N44.7333;13;
3;FRA;Provence-Alpes-Côte d'Azur;Hautes-Alpes;Chanousse 05033;E5.6500;N44.3500;13;
3;FRA;Provence-Alpes-Côte d'Azur;Hautes-Alpes;Château-Ville-Vieille 05038;E6.8000;N44.7667;13;
3;FRA;Provence-Alpes-Côte d'Azur;Hautes-Alpes;Châteauneuf-d'Oze 05035;E5.8667;N44.5167;13;
3;FRA;Provence-Alpes-Côte d'Azur;Hautes-Alpes;Châteauneuf-de-Chabre 05034;E5.8167;N44.2833;13;
3;FRA;Provence-Alpes-Côte d'Azur;Hautes-Alpes;Châteauroux-les-Alpes 05036;E6.5167;N44.6167;13;
3;FRA;Provence-Alpes-Côte d'Azur;Hautes-Alpes;Châteauvieux 05037;E6.0508;N44.4837;13;
3;FRA;Provence-Alpes-Côte d'Azur;Hautes-Alpes;Chauffayer 05039;E6.0167;N44.7500;13;
3;FRA;Provence-Alpes-Côte d'Azur;Hautes-Alpes;Chorges 05040;E6.2833;N44.5500;13;
3;FRA;Provence-Alpes-Côte d'Azur;Hautes-Alpes;Clémence-d'Ambel 05041=05064;E6.1947;N44.8165;13;
3;FRA;Provence-Alpes-Côte d'Azur;Hautes-Alpes;Crévoux 05044;E6.6000;N44.5500;13;
3;FRA;Provence-Alpes-Côte d'Azur;Hautes-Alpes;Crots 05045;E6.4710;N44.5341;13;
3;FRA;Provence-Alpes-Côte d'Azur;Hautes-Alpes;Embrun 05046;E6.5000;N44.5667;13;
3;FRA;Provence-Alpes-Côte d'Azur;Hautes-Alpes;Éourres 05047;E5.7000;N44.2000;13;
3;FRA;Provence-Alpes-Côte d'Azur;Hautes-Alpes;Esparron 05049;E5.9025;N44.4544;13;
3;FRA;Provence-Alpes-Côte d'Azur;Hautes-Alpes;Espinasses 05050;E6.2167;N44.4667;13;
3;FRA;Provence-Alpes-Côte d'Azur;Hautes-Alpes;Étoile-Saint-Cyrice 05051;E5.6286;N44.3166;13;
3;FRA;Provence-Alpes-Côte d'Azur;Hautes-Alpes;Eygliers 05052;E6.6340;N44.6765;13;
3;FRA;Provence-Alpes-Côte d'Azur;Hautes-Alpes;Eyguians 05053;E5.7833;N44.3500;13;
3;FRA;Provence-Alpes-Côte d'Azur;Hautes-Alpes;Forest-Saint-Julien 05056;E6.1333;N44.6500;13;
3;FRA;Provence-Alpes-Côte d'Azur;Hautes-Alpes;Fouillouse 05057;E6.0167;N44.4500;13;
3;FRA;Provence-Alpes-Côte d'Azur;Hautes-Alpes;Freissinières 05058;E6.5372;N44.7542;13;
3;FRA;Provence-Alpes-Côte d'Azur;Hautes-Alpes;Furmeyer 05060;E5.8667;N44.5333;13;
3;FRA;Provence-Alpes-Côte d'Azur;Hautes-Alpes;Gap 05061;E6.0833;N44.5667;13;
3;FRA;Provence-Alpes-Côte d'Azur;Hautes-Alpes;Guillestre 05065;E6.6500;N44.6667;13;
3;FRA;Provence-Alpes-Côte d'Azur;Hautes-Alpes;Jarjayes 05068;E6.1167;N44.5000;13;
3;FRA;Provence-Alpes-Côte d'Azur;Hautes-Alpes;L'Argentière-la-Bessée 05006;E6.5500;N44.7833;13;
3;FRA;Provence-Alpes-Côte d'Azur;Hautes-Alpes;L'Épine 05048;E5.6167;N44.4167;13;
3;FRA;Provence-Alpes-Côte d'Azur;Hautes-Alpes;La Bâtie-Montsaléon 05016;E5.7500;N44.4500;13;
3;FRA;Provence-Alpes-Côte d'Azur;Hautes-Alpes;La Bâtie-Neuve 05017;E6.2000;N44.5667;13;
3;FRA;Provence-Alpes-Côte d'Azur;Hautes-Alpes;La Bâtie-Vieille 05018;E6.1667;N44.5500;13;
3;FRA;Provence-Alpes-Côte d'Azur;Hautes-Alpes;La Beaume 05019;E5.6333;N44.5667;13;
3;FRA;Provence-Alpes-Côte d'Azur;Hautes-Alpes;La Chapelle-en-Valgaudémar 05064;E6.1947;N44.8165;13;
3;FRA;Provence-Alpes-Côte d'Azur;Hautes-Alpes;La Cluse 05042;E5.8500;N44.6333;13;
3;FRA;Provence-Alpes-Côte d'Azur;Hautes-Alpes;La Fare-en-Champsaur 05054;E6.0667;N44.6667;13;
3;FRA;Provence-Alpes-Côte d'Azur;Hautes-Alpes;La Faurie 05055;E5.7333;N44.5667;13;
3;FRA;Provence-Alpes-Côte d'Azur;Hautes-Alpes;La Freissinouse 05059;E6.0167;N44.5333;13;
3;FRA;Provence-Alpes-Côte d'Azur;Hautes-Alpes;La Grave 05063;E6.3067;N45.0469;13;
3;FRA;Provence-Alpes-Côte d'Azur;Hautes-Alpes;La Haute-Beaume 05066;E5.6306;N44.5644;13;
3;FRA;Provence-Alpes-Côte d'Azur;Hautes-Alpes;La Motte-en-Champsaur 05090;E6.0667;N44.7333;13;
3;FRA;Provence-Alpes-Côte d'Azur;Hautes-Alpes;La Piarre 05102;E5.6500;N44.4667;13;
3;FRA;Provence-Alpes-Côte d'Azur;Hautes-Alpes;La Roche-de-Rame 05122;E6.5833;N44.7500;13;
3;FRA;Provence-Alpes-Côte d'Azur;Hautes-Alpes;La Roche-des-Arnauds 05123;E5.9500;N44.5667;13;
3;FRA;Provence-Alpes-Côte d'Azur;Hautes-Alpes;La Rochette 05124;E6.1500;N44.6000;13;
3;FRA;Provence-Alpes-Côte d'Azur;Hautes-Alpes;La Salle les Alpes 05161;E6.5722;N44.9449;13;
3;FRA;Provence-Alpes-Côte d'Azur;Hautes-Alpes;La Saulce 05162;E6.0167;N44.4167;13;
3;FRA;Provence-Alpes-Côte d'Azur;Hautes-Alpes;Lagrand 05069;E5.7500;N44.3333;13;
3;FRA;Provence-Alpes-Côte d'Azur;Hautes-Alpes;Laragne-Montéglin 05070;E5.8222;N44.3158;13;
3;FRA;Provence-Alpes-Côte d'Azur;Hautes-Alpes;Lardier-et-Valença 05071;E5.9667;N44.4333;13;
3;FRA;Provence-Alpes-Côte d'Azur;Hautes-Alpes;Laye 05072;E6.0833;N44.6333;13;
3;FRA;Provence-Alpes-Côte d'Azur;Hautes-Alpes;Lazer 05073;E5.8333;N44.3500;13;
3;FRA;Provence-Alpes-Côte d'Azur;Hautes-Alpes;Le Bersac 05021;E5.7500;N44.4167;13;
3;FRA;Provence-Alpes-Côte d'Azur;Hautes-Alpes;Le Glaizil 05062;E5.9833;N44.7500;13;
3;FRA;Provence-Alpes-Côte d'Azur;Hautes-Alpes;Le Monêtier-les-Bains 05079;E6.5167;N44.9833;13;
3;FRA;Provence-Alpes-Côte d'Azur;Hautes-Alpes;Le Noyer 05095;E6.0167;N44.7000;13;
3;FRA;Provence-Alpes-Côte d'Azur;Hautes-Alpes;Le Poët 05103;E5.8833;N44.2833;13;
3;FRA;Provence-Alpes-Côte d'Azur;Hautes-Alpes;Le Saix 05158;E5.8333;N44.4833;13;
3;FRA;Provence-Alpes-Côte d'Azur;Hautes-Alpes;Le Sauze-du-Lac 05163;E6.3152;N44.4787;13;
3;FRA;Provence-Alpes-Côte d'Azur;Hautes-Alpes;Les Costes 05043;E6.0333;N44.7500;13;
3;FRA;Provence-Alpes-Côte d'Azur;Hautes-Alpes;Les Infournas 05067;E6.1000;N44.7167;13;
3;FRA;Provence-Alpes-Côte d'Azur;Hautes-Alpes;Les Orres 05098;E6.5500;N44.5167;13;
3;FRA;Provence-Alpes-Côte d'Azur;Hautes-Alpes;Les Vigneaux 05180;E6.5333;N44.8167;13;
3;FRA;Provence-Alpes-Côte d'Azur;Hautes-Alpes;Lettret 05074;E6.0667;N44.4667;13;
3;FRA;Provence-Alpes-Côte d'Azur;Hautes-Alpes;Manteyer 05075;E5.9667;N44.5333;13;
3;FRA;Provence-Alpes-Côte d'Azur;Hautes-Alpes;Méreuil 05076;E5.7333;N44.3833;13;
3;FRA;Provence-Alpes-Côte d'Azur;Hautes-Alpes;Molines-en-Queyras 05077;E6.8500;N44.7333;13;
3;FRA;Provence-Alpes-Côte d'Azur;Hautes-Alpes;Monêtier-Allemont 05078;E5.9333;N44.3833;13;
3;FRA;Provence-Alpes-Côte d'Azur;Hautes-Alpes;Mont-Dauphin 05082;E6.6167;N44.6667;13;
3;FRA;Provence-Alpes-Côte d'Azur;Hautes-Alpes;Montbrand 05080;E5.6833;N44.5833;13;
3;FRA;Provence-Alpes-Côte d'Azur;Hautes-Alpes;Montclus 05081;E5.6833;N44.4167;13;
3;FRA;Provence-Alpes-Côte d'Azur;Hautes-Alpes;Montéglin 05083=05070;E5.8327;N44.3135;13;
3;FRA;Provence-Alpes-Côte d'Azur;Hautes-Alpes;Montgardin 05084;E6.2333;N44.5500;13;
3;FRA;Provence-Alpes-Côte d'Azur;Hautes-Alpes;Montgenèvre 05085;E6.7167;N44.9333;13;
3;FRA;Provence-Alpes-Côte d'Azur;Hautes-Alpes;Montjay 05086;E5.6000;N44.3667;13;
3;FRA;Provence-Alpes-Côte d'Azur;Hautes-Alpes;Montmaur 05087;E5.8833;N44.5833;13;
3;FRA;Provence-Alpes-Côte d'Azur;Hautes-Alpes;Montmorin 05088;E5.5500;N44.4500;13;
3;FRA;Provence-Alpes-Côte d'Azur;Hautes-Alpes;Montrond 05089;E5.7500;N44.3833;13;
3;FRA;Provence-Alpes-Côte d'Azur;Hautes-Alpes;Moydans 05091;E5.5000;N44.4000;13;
3;FRA;Provence-Alpes-Côte d'Azur;Hautes-Alpes;Neffes 05092;E6.0333;N44.5000;13;
3;FRA;Provence-Alpes-Côte d'Azur;Hautes-Alpes;Névache 05093;E6.6044;N45.0196;13;
3;FRA;Provence-Alpes-Côte d'Azur;Hautes-Alpes;Nossage-et-Bénévent 05094;E5.7509;N44.3140;13;
3;FRA;Provence-Alpes-Côte d'Azur;Hautes-Alpes;Orcières 05096;E6.3333;N44.6833;13;
3;FRA;Provence-Alpes-Côte d'Azur;Hautes-Alpes;Orpierre 05097;E5.6833;N44.3167;13;
3;FRA;Provence-Alpes-Côte d'Azur;Hautes-Alpes;Oze 05099;E5.8000;N44.5000;13;
3;FRA;Provence-Alpes-Côte d'Azur;Hautes-Alpes;Pelleautier 05100;E6.0167;N44.5167;13;
3;FRA;Provence-Alpes-Côte d'Azur;Hautes-Alpes;Pelvoux 05101;E6.4894;N44.8821;13;
3;FRA;Provence-Alpes-Côte d'Azur;Hautes-Alpes;Poligny 05104;E6.0500;N44.7000;13;
3;FRA;Provence-Alpes-Côte d'Azur;Hautes-Alpes;Pomet 05105=05034;E5.7885;N44.2809;13;
3;FRA;Provence-Alpes-Côte d'Azur;Hautes-Alpes;Prunières 05106;E6.3333;N44.5500;13;
3;FRA;Provence-Alpes-Côte d'Azur;Hautes-Alpes;Puy-Saint-André 05107;E6.6000;N44.8833;13;
3;FRA;Provence-Alpes-Côte d'Azur;Hautes-Alpes;Puy-Saint-Eusèbe 05108;E6.4167;N44.5667;13;
3;FRA;Provence-Alpes-Côte d'Azur;Hautes-Alpes;Puy-Saint-Pierre 05109;E6.6167;N44.9000;13;
3;FRA;Provence-Alpes-Côte d'Azur;Hautes-Alpes;Puy-Saint-Vincent 05110;E6.4833;N44.8333;13;
3;FRA;Provence-Alpes-Côte d'Azur;Hautes-Alpes;Puy-Sanières 05111;E6.4333;N44.5500;13;
3;FRA;Provence-Alpes-Côte d'Azur;Hautes-Alpes;Rabou 05112;E6.0000;N44.6000;13;
3;FRA;Provence-Alpes-Côte d'Azur;Hautes-Alpes;Rambaud 05113;E6.1333;N44.5500;13;
3;FRA;Provence-Alpes-Côte d'Azur;Hautes-Alpes;Réallon 05114;E6.3667;N44.6000;13;
3;FRA;Provence-Alpes-Côte d'Azur;Hautes-Alpes;Remollon 05115;E6.1667;N44.4667;13;
3;FRA;Provence-Alpes-Côte d'Azur;Hautes-Alpes;Réotier 05116;E6.6000;N44.6667;13;
3;FRA;Provence-Alpes-Côte d'Azur;Hautes-Alpes;Ribeyret 05117;E5.5500;N44.4167;13;
3;FRA;Provence-Alpes-Côte d'Azur;Hautes-Alpes;Ribiers 05118;E5.8667;N44.2333;13;
3;FRA;Provence-Alpes-Côte d'Azur;Hautes-Alpes;Risoul 05119;E6.6333;N44.6500;13;
3;FRA;Provence-Alpes-Côte d'Azur;Hautes-Alpes;Ristolas 05120;E6.9500;N44.7667;13;
3;FRA;Provence-Alpes-Côte d'Azur;Hautes-Alpes;Rochebrune 05121;E6.1833;N44.4667;13;
3;FRA;Provence-Alpes-Côte d'Azur;Hautes-Alpes;Romette 05125=05061;E6.1000;N44.5833;13;
3;FRA;Provence-Alpes-Côte d'Azur;Hautes-Alpes;Rosans 05126;E5.4667;N44.3833;13;
3;FRA;Provence-Alpes-Côte d'Azur;Hautes-Alpes;Rousset 05127;E6.2479;N44.4781;13;
3;FRA;Provence-Alpes-Côte d'Azur;Hautes-Alpes;Saint-André-d'Embrun 05128;E6.5333;N44.5833;13;
3;FRA;Provence-Alpes-Côte d'Azur;Hautes-Alpes;Saint-André-de-Rosans 05129;E5.5167;N44.3833;13;
3;FRA;Provence-Alpes-Côte d'Azur;Hautes-Alpes;Saint-Apollinaire 05130;E6.3667;N44.5667;13;
3;FRA;Provence-Alpes-Côte d'Azur;Hautes-Alpes;Saint-Auban-d'Oze 05131;E5.8500;N44.5000;13;
3;FRA;Provence-Alpes-Côte d'Azur;Hautes-Alpes;Saint-Bonnet-en-Champsaur 05132;E6.0767;N44.6830;13;
3;FRA;Provence-Alpes-Côte d'Azur;Hautes-Alpes;Saint-Chaffrey 05133;E6.6000;N44.9167;13;
3;FRA;Provence-Alpes-Côte d'Azur;Hautes-Alpes;Saint-Clément-sur-Durance 05134;E6.5786;N44.6490;13;
3;FRA;Provence-Alpes-Côte d'Azur;Hautes-Alpes;Saint-Crépin 05136;E6.6000;N44.7000;13;
3;FRA;Provence-Alpes-Côte d'Azur;Hautes-Alpes;Saint-Cyrice 05137=05051;E5.6553;N44.3269;13;
3;FRA;Provence-Alpes-Côte d'Azur;Hautes-Alpes;Saint-Disdier 05138;E5.8956;N44.7348;13;
3;FRA;Provence-Alpes-Côte d'Azur;Hautes-Alpes;Saint-Étienne-en-Dévoluy 05139;E5.9333;N44.7000;13;
3;FRA;Provence-Alpes-Côte d'Azur;Hautes-Alpes;Saint-Étienne-le-Laus 05140;E6.1667;N44.5000;13;
3;FRA;Provence-Alpes-Côte d'Azur;Hautes-Alpes;Saint-Eusèbe-en-Champsaur 05141;E6.0333;N44.7333;13;
3;FRA;Provence-Alpes-Côte d'Azur;Hautes-Alpes;Saint-Firmin 05142;E6.0276;N44.7816;13;
3;FRA;Provence-Alpes-Côte d'Azur;Hautes-Alpes;Saint-Genis 05143;E5.7667;N44.3833;13;
3;FRA;Provence-Alpes-Côte d'Azur;Hautes-Alpes;Saint-Jacques-en-Valgodemard 05144;E6.0500;N44.7667;13;
3;FRA;Provence-Alpes-Côte d'Azur;Hautes-Alpes;Saint-Jean-Saint-Nicolas 05145;E6.2167;N44.6667;13;
3;FRA;Provence-Alpes-Côte d'Azur;Hautes-Alpes;Saint-Julien-en-Beauchêne 05146;E5.7000;N44.6167;13;
3;FRA;Provence-Alpes-Côte d'Azur;Hautes-Alpes;Saint-Julien-en-Champsaur 05147;E6.1333;N44.6667;13;
3;FRA;Provence-Alpes-Côte d'Azur;Hautes-Alpes;Saint-Laurent-du-Cros 05148;E6.1167;N44.6500;13;
3;FRA;Provence-Alpes-Côte d'Azur;Hautes-Alpes;Saint-Léger-les-Mélèzes 05149;E6.2000;N44.6500;13;
3;FRA;Provence-Alpes-Côte d'Azur;Hautes-Alpes;Saint-Martin-de-Queyrières 05151;E6.5803;N44.8242;13;
3;FRA;Provence-Alpes-Côte d'Azur;Hautes-Alpes;Saint-Maurice-en-Valgodemard 05152;E6.0833;N44.8000;13;
3;FRA;Provence-Alpes-Côte d'Azur;Hautes-Alpes;Saint-Michel-de-Chaillol 05153;E6.1667;N44.6667;13;
3;FRA;Provence-Alpes-Côte d'Azur;Hautes-Alpes;Saint-Pierre-Avez 05155;E5.7667;N44.2500;13;
3;FRA;Provence-Alpes-Côte d'Azur;Hautes-Alpes;Saint-Pierre-d'Argençon 05154;E5.7000;N44.5167;13;
3;FRA;Provence-Alpes-Côte d'Azur;Hautes-Alpes;Saint-Sauveur 05156;E6.5167;N44.5333;13;
3;FRA;Provence-Alpes-Côte d'Azur;Hautes-Alpes;Saint-Véran 05157;E6.8667;N44.7000;13;
3;FRA;Provence-Alpes-Côte d'Azur;Hautes-Alpes;Sainte-Colombe 05135;E5.6697;N44.2828;13;
3;FRA;Provence-Alpes-Côte d'Azur;Hautes-Alpes;Sainte-Marie 05150;E5.4750;N44.4667;13;
3;FRA;Provence-Alpes-Côte d'Azur;Hautes-Alpes;Saléon 05159;E5.7667;N44.3500;13;
3;FRA;Provence-Alpes-Côte d'Azur;Hautes-Alpes;Salérans 05160;E5.7000;N44.2500;13;
3;FRA;Provence-Alpes-Côte d'Azur;Hautes-Alpes;Savines-le-Lac 05164;E6.4016;N44.5262;13;
3;FRA;Provence-Alpes-Côte d'Azur;Hautes-Alpes;Savournon 05165;E5.7833;N44.4167;13;
3;FRA;Provence-Alpes-Côte d'Azur;Hautes-Alpes;Serres 05166;E5.7170;N44.4290;13;
3;FRA;Provence-Alpes-Côte d'Azur;Hautes-Alpes;Sigottier 05167;E5.7000;N44.4500;13;
3;FRA;Provence-Alpes-Côte d'Azur;Hautes-Alpes;Sigoyer 05168;E5.9667;N44.4833;13;
3;FRA;Provence-Alpes-Côte d'Azur;Hautes-Alpes;Sorbiers 05169;E5.5667;N44.3667;13;
3;FRA;Provence-Alpes-Côte d'Azur;Hautes-Alpes;Tallard 05170;E6.0500;N44.4667;13;
3;FRA;Provence-Alpes-Côte d'Azur;Hautes-Alpes;Théus 05171;E6.2000;N44.4667;13;
3;FRA;Provence-Alpes-Côte d'Azur;Hautes-Alpes;Trescléoux 05172;E5.7000;N44.3500;13;
3;FRA;Provence-Alpes-Côte d'Azur;Hautes-Alpes;Upaix 05173;E5.8833;N44.3167;13;
3;FRA;Provence-Alpes-Côte d'Azur;Hautes-Alpes;Val-des-Prés 05174;E6.6833;N44.9500;13;
3;FRA;Provence-Alpes-Côte d'Azur;Hautes-Alpes;Vallouise 05175;E6.4833;N44.8500;13;
3;FRA;Provence-Alpes-Côte d'Azur;Hautes-Alpes;Valserres 05176;E6.1333;N44.4833;13;
3;FRA;Provence-Alpes-Côte d'Azur;Hautes-Alpes;Vars 05177;E6.6833;N44.6167;13;
3;FRA;Provence-Alpes-Côte d'Azur;Hautes-Alpes;Ventavon 05178;E5.9000;N44.3667;13;
3;FRA;Provence-Alpes-Côte d'Azur;Hautes-Alpes;Veynes 05179;E5.8167;N44.5333;13;
3;FRA;Provence-Alpes-Côte d'Azur;Hautes-Alpes;Villar-d'Arêne 05181;E6.3371;N45.0423;13;
3;FRA;Provence-Alpes-Côte d'Azur;Hautes-Alpes;Villar-Loubière 05182;E6.1333;N44.8333;13;
3;FRA;Provence-Alpes-Côte d'Azur;Hautes-Alpes;Villar-Saint-Pancrace 05183;E6.6333;N44.8667;13;
3;FRA;Provence-Alpes-Côte d'Azur;Hautes-Alpes;Vitrolles 05184;E5.9333;N44.4333;13;
2;FRA;Provence-Alpes-Côte d'Azur;Var;;E5.85;N43.77;10;
3;FRA;Provence-Alpes-Côte d'Azur;Var;Aiguines 83002;E6.2500;N43.7667;13;
3;FRA;Provence-Alpes-Côte d'Azur;Var;Ampus 83003;E6.3833;N43.6000;13;
3;FRA;Provence-Alpes-Côte d'Azur;Var;Artignosc-sur-Verdon 83005;E6.1000;N43.7000;13;
3;FRA;Provence-Alpes-Côte d'Azur;Var;Artigues 83006;E5.8000;N43.6000;13;
3;FRA;Provence-Alpes-Côte d'Azur;Var;Aups 83007;E6.2333;N43.6167;13;
3;FRA;Provence-Alpes-Côte d'Azur;Var;Bagnols-en-Forêt 83008;E6.7000;N43.5333;13;
3;FRA;Provence-Alpes-Côte d'Azur;Var;Bandol 83009;E5.7500;N43.1333;13;
3;FRA;Provence-Alpes-Côte d'Azur;Var;Bargème 83010;E6.5667;N43.7333;13;
3;FRA;Provence-Alpes-Côte d'Azur;Var;Bargemon 83011;E6.5333;N43.6167;13;
3;FRA;Provence-Alpes-Côte d'Azur;Var;Barjols 83012;E6.0000;N43.5500;13;
3;FRA;Provence-Alpes-Côte d'Azur;Var;Baudinard-sur-Verdon 83014;E6.1346;N43.7161;13;
3;FRA;Provence-Alpes-Côte d'Azur;Var;Bauduen 83015;E6.1833;N43.7333;13;
3;FRA;Provence-Alpes-Côte d'Azur;Var;Belgentier 83017;E6.0000;N43.2500;13;
3;FRA;Provence-Alpes-Côte d'Azur;Var;Besse-sur-Issole 83018;E6.1667;N43.3500;13;
3;FRA;Provence-Alpes-Côte d'Azur;Var;Bormes-les-Mimosas 83019;E6.3333;N43.1500;13;
3;FRA;Provence-Alpes-Côte d'Azur;Var;Bras 83021;E5.9500;N43.4667;13;
3;FRA;Provence-Alpes-Côte d'Azur;Var;Brenon 83022;E6.5500;N43.7667;13;
3;FRA;Provence-Alpes-Côte d'Azur;Var;Brignoles 83023;E6.0667;N43.4000;13;
3;FRA;Provence-Alpes-Côte d'Azur;Var;Brovès 83024=83124;E6.5833;N43.6833;13;
3;FRA;Provence-Alpes-Côte d'Azur;Var;Brue-Auriac 83025;E5.9500;N43.5333;13;
3;FRA;Provence-Alpes-Côte d'Azur;Var;Cabasse 83026;E6.2333;N43.4167;13;
3;FRA;Provence-Alpes-Côte d'Azur;Var;Callas 83028;E6.5333;N43.5833;13;
3;FRA;Provence-Alpes-Côte d'Azur;Var;Callian 83029;E6.7500;N43.6333;13;
3;FRA;Provence-Alpes-Côte d'Azur;Var;Camps-la-Source 83030;E6.0833;N43.3833;13;
3;FRA;Provence-Alpes-Côte d'Azur;Var;Carcès 83032;E6.1833;N43.4667;13;
3;FRA;Provence-Alpes-Côte d'Azur;Var;Carnoules 83033;E6.1833;N43.3000;13;
3;FRA;Provence-Alpes-Côte d'Azur;Var;Carqueiranne 83034;E6.0833;N43.0833;13;
3;FRA;Provence-Alpes-Côte d'Azur;Var;Cavalaire-sur-Mer 83036;E6.5333;N43.1667;13;
3;FRA;Provence-Alpes-Côte d'Azur;Var;Châteaudouble 83038;E6.4500;N43.5833;13;
3;FRA;Provence-Alpes-Côte d'Azur;Var;Châteauvert 83039;E6.0167;N43.5000;13;
3;FRA;Provence-Alpes-Côte d'Azur;Var;Châteauvieux 83040;E6.5750;N43.7750;13;
3;FRA;Provence-Alpes-Côte d'Azur;Var;Claviers 83041;E6.5667;N43.6000;13;
3;FRA;Provence-Alpes-Côte d'Azur;Var;Cogolin 83042;E6.5333;N43.2500;13;
3;FRA;Provence-Alpes-Côte d'Azur;Var;Collobrières 83043;E6.3000;N43.2333;13;
3;FRA;Provence-Alpes-Côte d'Azur;Var;Comps-sur-Artuby 83044;E6.5000;N43.7167;13;
3;FRA;Provence-Alpes-Côte d'Azur;Var;Correns 83045;E6.0833;N43.4833;13;
3;FRA;Provence-Alpes-Côte d'Azur;Var;Cotignac 83046;E6.1500;N43.5333;13;
3;FRA;Provence-Alpes-Côte d'Azur;Var;Cuers 83049;E6.0667;N43.2333;13;
3;FRA;Provence-Alpes-Côte d'Azur;Var;Draguignan 83050;E6.4667;N43.5333;13;
3;FRA;Provence-Alpes-Côte d'Azur;Var;Entrecasteaux 83051;E6.2333;N43.5167;13;
3;FRA;Provence-Alpes-Côte d'Azur;Var;Esparron 83052;E5.8500;N43.5917;13;
3;FRA;Provence-Alpes-Côte d'Azur;Var;Évenos 83053;E5.8500;N43.1667;13;
3;FRA;Provence-Alpes-Côte d'Azur;Var;Fayence 83055;E6.6833;N43.6167;13;
3;FRA;Provence-Alpes-Côte d'Azur;Var;Figanières 83056;E6.5000;N43.5667;13;
3;FRA;Provence-Alpes-Côte d'Azur;Var;Flassans-sur-Issole 83057;E6.2167;N43.3667;13;
3;FRA;Provence-Alpes-Côte d'Azur;Var;Flayosc 83058;E6.4000;N43.5333;13;
3;FRA;Provence-Alpes-Côte d'Azur;Var;Forcalqueiret 83059;E6.0833;N43.3333;13;
3;FRA;Provence-Alpes-Côte d'Azur;Var;Fox-Amphoux 83060;E6.1000;N43.5833;13;
3;FRA;Provence-Alpes-Côte d'Azur;Var;Fréjus 83061;E6.7361;N43.4339;13;
3;FRA;Provence-Alpes-Côte d'Azur;Var;Garéoult 83064;E6.0500;N43.3333;13;
3;FRA;Provence-Alpes-Côte d'Azur;Var;Gassin 83065;E6.5833;N43.2167;13;
3;FRA;Provence-Alpes-Côte d'Azur;Var;Ginasservis 83066;E5.8500;N43.6667;13;
3;FRA;Provence-Alpes-Côte d'Azur;Var;Gonfaron 83067;E6.2833;N43.3167;13;
3;FRA;Provence-Alpes-Côte d'Azur;Var;Grimaud 83068;E6.5167;N43.2667;13;
3;FRA;Provence-Alpes-Côte d'Azur;Var;Hyères 83069;E6.1167;N43.1167;13;
3;FRA;Provence-Alpes-Côte d'Azur;Var;La Bastide 83013;E6.6167;N43.7333;13;
3;FRA;Provence-Alpes-Côte d'Azur;Var;La Cadière-d'Azur 83027;E5.7667;N43.2000;13;
3;FRA;Provence-Alpes-Côte d'Azur;Var;La Celle 83037;E6.0333;N43.4000;13;
3;FRA;Provence-Alpes-Côte d'Azur;Var;La Crau 83047;E6.0667;N43.1500;13;
3;FRA;Provence-Alpes-Côte d'Azur;Var;La Croix-Valmer 83048;E6.5667;N43.2000;13;
3;FRA;Provence-Alpes-Côte d'Azur;Var;La Farlède 83054;E6.0333;N43.1667;13;
3;FRA;Provence-Alpes-Côte d'Azur;Var;La Garde 83062;E6.0105;N43.1249;13;
3;FRA;Provence-Alpes-Côte d'Azur;Var;La Garde-Freinet 83063;E6.4667;N43.3167;13;
3;FRA;Provence-Alpes-Côte d'Azur;Var;La Londe-les-Maures 83071;E6.2333;N43.1333;13;
3;FRA;Provence-Alpes-Côte d'Azur;Var;La Martre 83074;E6.6000;N43.7667;13;
3;FRA;Provence-Alpes-Côte d'Azur;Var;La Môle 83079;E6.4667;N43.2000;13;
3;FRA;Provence-Alpes-Côte d'Azur;Var;La Motte 83085;E6.5167;N43.4833;13;
3;FRA;Provence-Alpes-Côte d'Azur;Var;La Roque-Esclapon 83109;E6.6333;N43.7167;13;
3;FRA;Provence-Alpes-Côte d'Azur;Var;La Roquebrussanne 83108;E5.9833;N43.3333;13;
3;FRA;Provence-Alpes-Côte d'Azur;Var;La Seyne-sur-Mer 83126;E5.8833;N43.1000;13;
3;FRA;Provence-Alpes-Côte d'Azur;Var;La Valette-du-Var 83144;E5.9833;N43.1333;13;
3;FRA;Provence-Alpes-Côte d'Azur;Var;La Verdière 83146;E5.9333;N43.6333;13;
3;FRA;Provence-Alpes-Côte d'Azur;Var;Le Beausset 83016;E5.8000;N43.2000;13;
3;FRA;Provence-Alpes-Côte d'Azur;Var;Le Bourguet 83020;E6.5167;N43.7833;13;
3;FRA;Provence-Alpes-Côte d'Azur;Var;Le Cannet-des-Maures 83031;E6.3500;N43.4000;13;
3;FRA;Provence-Alpes-Côte d'Azur;Var;Le Castellet 83035;E5.7769;N43.2024;13;
3;FRA;Provence-Alpes-Côte d'Azur;Var;Le Lavandou 83070;E6.3667;N43.1333;13;
3;FRA;Provence-Alpes-Côte d'Azur;Var;Le Luc 83073;E6.3167;N43.3833;13;
3;FRA;Provence-Alpes-Côte d'Azur;Var;Le Muy 83086;E6.5500;N43.4667;13;
3;FRA;Provence-Alpes-Côte d'Azur;Var;Le Pradet 83098;E6.0167;N43.1000;13;
3;FRA;Provence-Alpes-Côte d'Azur;Var;Le Revest-les-Eaux 83103;E6.5667;N43.3667;13;
3;FRA;Provence-Alpes-Côte d'Azur;Var;Le Thoronet 83136;E6.3000;N43.4500;13;
3;FRA;Provence-Alpes-Côte d'Azur;Var;Le Val 83143;E6.0833;N43.4333;13;
3;FRA;Provence-Alpes-Côte d'Azur;Var;Les Adrets-de-l'Estérel 83001;E6.8138;N43.5245;13;
3;FRA;Provence-Alpes-Côte d'Azur;Var;Les Arcs 83004;E6.4833;N43.4500;13;
3;FRA;Provence-Alpes-Côte d'Azur;Var;Les Mayons 83075;E6.3667;N43.3167;13;
3;FRA;Provence-Alpes-Côte d'Azur;Var;Les Salles-sur-Verdon 83122;E6.2000;N43.7667;13;
3;FRA;Provence-Alpes-Côte d'Azur;Var;Lorgues 83072;E6.3667;N43.4833;13;
3;FRA;Provence-Alpes-Côte d'Azur;Var;Mazaugues 83076;E5.9167;N43.3333;13;
3;FRA;Provence-Alpes-Côte d'Azur;Var;Méounes-lès-Montrieux 83077;E5.9667;N43.2833;13;
3;FRA;Provence-Alpes-Côte d'Azur;Var;Moissac-Bellevue 83078;E6.1667;N43.6500;13;
3;FRA;Provence-Alpes-Côte d'Azur;Var;Mons 83080;E6.7167;N43.6833;13;
3;FRA;Provence-Alpes-Côte d'Azur;Var;Montauroux 83081;E6.7667;N43.6167;13;
3;FRA;Provence-Alpes-Côte d'Azur;Var;Montferrat 83082;E6.4833;N43.6167;13;
3;FRA;Provence-Alpes-Côte d'Azur;Var;Montfort-sur-Argens 83083;E6.1167;N43.4667;13;
3;FRA;Provence-Alpes-Côte d'Azur;Var;Montmeyan 83084;E6.0667;N43.6500;13;
3;FRA;Provence-Alpes-Côte d'Azur;Var;Nans-les-Pins 83087;E5.7833;N43.3667;13;
3;FRA;Provence-Alpes-Côte d'Azur;Var;Néoules 83088;E6.0167;N43.3000;13;
3;FRA;Provence-Alpes-Côte d'Azur;Var;Ollières 83089;E5.8333;N43.4833;13;
3;FRA;Provence-Alpes-Côte d'Azur;Var;Ollioules 83090;E5.8500;N43.1333;13;
3;FRA;Provence-Alpes-Côte d'Azur;Var;Pierrefeu-du-Var 83091;E6.1333;N43.2167;13;
3;FRA;Provence-Alpes-Côte d'Azur;Var;Pignans 83092;E6.2167;N43.3000;13;
3;FRA;Provence-Alpes-Côte d'Azur;Var;Plan-d'Aups-Sainte-Baume 83093;E5.7091;N43.3269;13;
3;FRA;Provence-Alpes-Côte d'Azur;Var;Plan-de-la-Tour 83094;E6.5500;N43.3333;13;
3;FRA;Provence-Alpes-Côte d'Azur;Var;Pontevès 83095;E6.0500;N43.5667;13;
3;FRA;Provence-Alpes-Côte d'Azur;Var;Pourcieux 83096;E5.7833;N43.4667;13;
3;FRA;Provence-Alpes-Côte d'Azur;Var;Pourrières 83097;E5.7333;N43.5000;13;
3;FRA;Provence-Alpes-Côte d'Azur;Var;Puget-sur-Argens 83099;E6.6833;N43.4500;13;
3;FRA;Provence-Alpes-Côte d'Azur;Var;Puget-Ville 83100;E6.1333;N43.2833;13;
3;FRA;Provence-Alpes-Côte d'Azur;Var;Ramatuelle 83101;E6.6167;N43.2167;13;
3;FRA;Provence-Alpes-Côte d'Azur;Var;Rayol-Canadel-sur-Mer 83152;E6.4611;N43.1585;13;
3;FRA;Provence-Alpes-Côte d'Azur;Var;Régusse 83102;E6.1333;N43.6500;13;
3;FRA;Provence-Alpes-Côte d'Azur;Var;Rians 83104;E5.7500;N43.6167;13;
3;FRA;Provence-Alpes-Côte d'Azur;Var;Riboux 83105;E5.7500;N43.3000;13;
3;FRA;Provence-Alpes-Côte d'Azur;Var;Rocbaron 83106;E6.0833;N43.3000;13;
3;FRA;Provence-Alpes-Côte d'Azur;Var;Roquebrune-sur-Argens 83107;E6.6333;N43.4333;13;
3;FRA;Provence-Alpes-Côte d'Azur;Var;Rougiers 83110;E5.8500;N43.3833;13;
3;FRA;Provence-Alpes-Côte d'Azur;Var;Saint-Antonin-du-Var 83154;E6.2877;N43.5146;13;
3;FRA;Provence-Alpes-Côte d'Azur;Var;Saint-Cyr-sur-Mer 83112;E5.7167;N43.1833;13;
3;FRA;Provence-Alpes-Côte d'Azur;Var;Saint-Julien 83113;E5.9081;N43.6900;13;
3;FRA;Provence-Alpes-Côte d'Azur;Var;Saint-Mandrier-sur-Mer 83153;E5.9333;N43.0667;13;
3;FRA;Provence-Alpes-Côte d'Azur;Var;Saint-Martin 83114;E5.8848;N43.5892;13;
3;FRA;Provence-Alpes-Côte d'Azur;Var;Saint-Maximin-la-Sainte-Baume 83116;E5.8667;N43.4500;13;
3;FRA;Provence-Alpes-Côte d'Azur;Var;Saint-Paul-en-Forêt 83117;E6.6833;N43.5667;13;
3;FRA;Provence-Alpes-Côte d'Azur;Var;Saint-Raphaël 83118;E6.7667;N43.4167;13;
3;FRA;Provence-Alpes-Côte d'Azur;Var;Saint-Tropez 83119;E6.6333;N43.2667;13;
3;FRA;Provence-Alpes-Côte d'Azur;Var;Saint-Zacharie 83120;E5.7167;N43.3833;13;
3;FRA;Provence-Alpes-Côte d'Azur;Var;Sainte-Anastasie-sur-Issole 83111;E6.1333;N43.3333;13;
3;FRA;Provence-Alpes-Côte d'Azur;Var;Sainte-Maxime 83115;E6.6333;N43.3000;13;
3;FRA;Provence-Alpes-Côte d'Azur;Var;Salernes 83121;E6.2333;N43.5500;13;
3;FRA;Provence-Alpes-Côte d'Azur;Var;Sanary-sur-Mer 83123;E5.8000;N43.1167;13;
3;FRA;Provence-Alpes-Côte d'Azur;Var;Seillans 83124;E6.6333;N43.6333;13;
3;FRA;Provence-Alpes-Côte d'Azur;Var;Seillons-Source-d'Argens 83125;E5.8838;N43.4962;13;
3;FRA;Provence-Alpes-Côte d'Azur;Var;Signes 83127;E5.8667;N43.3000;13;
3;FRA;Provence-Alpes-Côte d'Azur;Var;Sillans-la-Cascade 83128;E6.1833;N43.5667;13;
3;FRA;Provence-Alpes-Côte d'Azur;Var;Six-Fours-les-Plages 83129;E5.8335;N43.0948;13;
3;FRA;Provence-Alpes-Côte d'Azur;Var;Solliès-Pont 83130;E6.0500;N43.1833;13;
3;FRA;Provence-Alpes-Côte d'Azur;Var;Solliès-Toucas 83131;E6.0167;N43.2000;13;
3;FRA;Provence-Alpes-Côte d'Azur;Var;Solliès-Ville 83132;E6.0333;N43.1833;13;
3;FRA;Provence-Alpes-Côte d'Azur;Var;Tanneron 83133;E6.8833;N43.5833;13;
3;FRA;Provence-Alpes-Côte d'Azur;Var;Taradeau 83134;E6.4333;N43.4500;13;
3;FRA;Provence-Alpes-Côte d'Azur;Var;Tavernes 83135;E6.0167;N43.6000;13;
3;FRA;Provence-Alpes-Côte d'Azur;Var;Toulon 83137;E5.9333;N43.1167;13;
3;FRA;Provence-Alpes-Côte d'Azur;Var;Tourrettes 83138;E6.7019;N43.6239;13;
3;FRA;Provence-Alpes-Côte d'Azur;Var;Tourtour 83139;E6.3000;N43.5833;13;
3;FRA;Provence-Alpes-Côte d'Azur;Var;Tourves 83140;E5.9333;N43.4000;13;
3;FRA;Provence-Alpes-Côte d'Azur;Var;Trans-en-Provence 83141;E6.4833;N43.5000;13;
3;FRA;Provence-Alpes-Côte d'Azur;Var;Trigance 83142;E6.4500;N43.7667;13;
3;FRA;Provence-Alpes-Côte d'Azur;Var;Varages 83145;E5.9667;N43.6000;13;
3;FRA;Provence-Alpes-Côte d'Azur;Var;Vérignon 83147;E6.2667;N43.6500;13;
3;FRA;Provence-Alpes-Côte d'Azur;Var;Vidauban 83148;E6.4333;N43.4167;13;
3;FRA;Provence-Alpes-Côte d'Azur;Var;Villecroze 83149;E6.2667;N43.5833;13;
3;FRA;Provence-Alpes-Côte d'Azur;Var;Vinon-sur-Verdon 83150;E5.8000;N43.7167;13;
3;FRA;Provence-Alpes-Côte d'Azur;Var;Vins-sur-Caramy 83151;E6.1500;N43.4333;13;
2;FRA;Provence-Alpes-Côte d'Azur;Vaucluse;;E4.97;N43.73;10;
3;FRA;Provence-Alpes-Côte d'Azur;Vaucluse;Althen-des-Paluds 84001;E4.9500;N44.0000;13;
3;FRA;Provence-Alpes-Côte d'Azur;Vaucluse;Ansouis 84002;E5.4667;N43.7333;13;
3;FRA;Provence-Alpes-Côte d'Azur;Vaucluse;Apt 84003;E5.4000;N43.8833;13;
3;FRA;Provence-Alpes-Côte d'Azur;Vaucluse;Aubignan 84004;E5.0167;N44.1000;13;
3;FRA;Provence-Alpes-Côte d'Azur;Vaucluse;Aurel 84005;E5.4167;N44.1333;13;
3;FRA;Provence-Alpes-Côte d'Azur;Vaucluse;Auribeau 84006;E5.4594;N43.8367;13;
3;FRA;Provence-Alpes-Côte d'Azur;Vaucluse;Avignon 84007;E4.8167;N43.9500;13;
3;FRA;Provence-Alpes-Côte d'Azur;Vaucluse;Beaumes-de-Venise 84012;E5.0333;N44.1167;13;
3;FRA;Provence-Alpes-Côte d'Azur;Vaucluse;Beaumettes 84013;E5.2333;N43.8500;13;
3;FRA;Provence-Alpes-Côte d'Azur;Vaucluse;Beaumont-de-Pertuis 84014;E5.7000;N43.7333;13;
3;FRA;Provence-Alpes-Côte d'Azur;Vaucluse;Beaumont-du-Ventoux 84015;E5.1667;N44.1833;13;
3;FRA;Provence-Alpes-Côte d'Azur;Vaucluse;Bédarrides 84016;E4.9000;N44.0333;13;
3;FRA;Provence-Alpes-Côte d'Azur;Vaucluse;Bédoin 84017;E5.1667;N44.1167;13;
3;FRA;Provence-Alpes-Côte d'Azur;Vaucluse;Blauvac 84018;E5.2000;N44.0333;13;
3;FRA;Provence-Alpes-Côte d'Azur;Vaucluse;Bollène 84019;E4.7500;N44.2833;13;
3;FRA;Provence-Alpes-Côte d'Azur;Vaucluse;Bonnieux 84020;E5.3000;N43.8167;13;
3;FRA;Provence-Alpes-Côte d'Azur;Vaucluse;Brantes 84021;E5.3333;N44.1833;13;
3;FRA;Provence-Alpes-Côte d'Azur;Vaucluse;Buisson 84022;E5.0000;N44.2833;13;
3;FRA;Provence-Alpes-Côte d'Azur;Vaucluse;Buoux 84023;E5.3833;N43.8333;13;
3;FRA;Provence-Alpes-Côte d'Azur;Vaucluse;Cabrières-d'Aigues 84024;E5.5000;N43.7833;13;
3;FRA;Provence-Alpes-Côte d'Azur;Vaucluse;Cabrières-d'Avignon 84025;E5.1667;N43.9000;13;
3;FRA;Provence-Alpes-Côte d'Azur;Vaucluse;Cadenet 84026;E5.3667;N43.7333;13;
3;FRA;Provence-Alpes-Côte d'Azur;Vaucluse;Caderousse 84027;E4.7500;N44.1000;13;
3;FRA;Provence-Alpes-Côte d'Azur;Vaucluse;Cairanne 84028;E4.9333;N44.2333;13;
3;FRA;Provence-Alpes-Côte d'Azur;Vaucluse;Camaret-sur-Aigues 84029;E4.8833;N44.1667;13;
3;FRA;Provence-Alpes-Côte d'Azur;Vaucluse;Caromb 84030;E5.1000;N44.1167;13;
3;FRA;Provence-Alpes-Côte d'Azur;Vaucluse;Carpentras 84031;E5.0500;N44.0500;13;
3;FRA;Provence-Alpes-Côte d'Azur;Vaucluse;Caseneuve 84032;E5.4833;N43.8833;13;
3;FRA;Provence-Alpes-Côte d'Azur;Vaucluse;Castellet 84033;E5.4833;N43.8500;13;
3;FRA;Provence-Alpes-Côte d'Azur;Vaucluse;Caumont-sur-Durance 84034;E4.9500;N43.9000;13;
3;FRA;Provence-Alpes-Côte d'Azur;Vaucluse;Cavaillon 84035;E5.0381;N43.8375;13;
3;FRA;Provence-Alpes-Côte d'Azur;Vaucluse;Châteauneuf-de-Gadagne 84036;E4.9333;N43.9333;13;
3;FRA;Provence-Alpes-Côte d'Azur;Vaucluse;Châteauneuf-du-Pape 84037;E4.8333;N44.0500;13;
3;FRA;Provence-Alpes-Côte d'Azur;Vaucluse;Cheval-Blanc 84038;E5.0667;N43.8000;13;
3;FRA;Provence-Alpes-Côte d'Azur;Vaucluse;Courthézon 84039;E4.8833;N44.0833;13;
3;FRA;Provence-Alpes-Côte d'Azur;Vaucluse;Crestet 84040;E5.0833;N44.2167;13;
3;FRA;Provence-Alpes-Côte d'Azur;Vaucluse;Crillon-le-Brave 84041;E5.1500;N44.1167;13;
3;FRA;Provence-Alpes-Côte d'Azur;Vaucluse;Cucuron 84042;E5.4333;N43.7833;13;
3;FRA;Provence-Alpes-Côte d'Azur;Vaucluse;Entraigues-sur-la-Sorgue 84043;E4.9251;N44.0022;13;
3;FRA;Provence-Alpes-Côte d'Azur;Vaucluse;Entrechaux 84044;E5.1333;N44.2167;13;
3;FRA;Provence-Alpes-Côte d'Azur;Vaucluse;Faucon 84045;E5.1500;N44.2667;13;
3;FRA;Provence-Alpes-Côte d'Azur;Vaucluse;Flassan 84046;E5.2500;N44.1000;13;
3;FRA;Provence-Alpes-Côte d'Azur;Vaucluse;Fontaine-de-Vaucluse 84139;E5.1333;N43.9167;13;
3;FRA;Provence-Alpes-Côte d'Azur;Vaucluse;Gargas 84047;E5.3833;N43.9000;13;
3;FRA;Provence-Alpes-Côte d'Azur;Vaucluse;Gignac 84048;E5.5333;N43.9167;13;
3;FRA;Provence-Alpes-Côte d'Azur;Vaucluse;Gigondas 84049;E5.0000;N44.1667;13;
3;FRA;Provence-Alpes-Côte d'Azur;Vaucluse;Gordes 84050;E5.2000;N43.9000;13;
3;FRA;Provence-Alpes-Côte d'Azur;Vaucluse;Goult 84051;E5.2500;N43.8667;13;
3;FRA;Provence-Alpes-Côte d'Azur;Vaucluse;Grambois 84052;E5.5833;N43.7667;13;
3;FRA;Provence-Alpes-Côte d'Azur;Vaucluse;Grillon 84053;E4.9333;N44.4000;13;
3;FRA;Provence-Alpes-Côte d'Azur;Vaucluse;Jonquerettes 84055;E4.9333;N43.9500;13;
3;FRA;Provence-Alpes-Côte d'Azur;Vaucluse;Jonquières 84056;E4.9000;N44.1167;13;
3;FRA;Provence-Alpes-Côte d'Azur;Vaucluse;Joucas 84057;E5.2500;N43.9167;13;
3;FRA;Provence-Alpes-Côte d'Azur;Vaucluse;L'Isle-sur-la-Sorgue 84054;E5.0500;N43.9167;13;
3;FRA;Provence-Alpes-Côte d'Azur;Vaucluse;La Bastide-des-Jourdans 84009;E5.6333;N43.7833;13;
3;FRA;Provence-Alpes-Côte d'Azur;Vaucluse;La Bastidonne 84010;E5.5667;N43.7167;13;
3;FRA;Provence-Alpes-Côte d'Azur;Vaucluse;La Motte-d'Aigues 84084;E5.5167;N43.7667;13;
3;FRA;Provence-Alpes-Côte d'Azur;Vaucluse;La Roque-Alric 84100;E5.0667;N44.1500;13;
3;FRA;Provence-Alpes-Côte d'Azur;Vaucluse;La Roque-sur-Pernes 84101;E5.1000;N43.9833;13;
3;FRA;Provence-Alpes-Côte d'Azur;Vaucluse;La Tour-d'Aigues 84133;E5.5500;N43.7333;13;
3;FRA;Provence-Alpes-Côte d'Azur;Vaucluse;Lacoste 84058;E5.3000;N43.8333;13;
3;FRA;Provence-Alpes-Côte d'Azur;Vaucluse;Lafare 84059;E5.0500;N44.1500;13;
3;FRA;Provence-Alpes-Côte d'Azur;Vaucluse;Lagarde-d'Apt 84060;E5.4833;N43.9833;13;
3;FRA;Provence-Alpes-Côte d'Azur;Vaucluse;Lagarde-Paréol 84061;E4.8500;N44.2167;13;
3;FRA;Provence-Alpes-Côte d'Azur;Vaucluse;Lagnes 84062;E5.1167;N43.9000;13;
3;FRA;Provence-Alpes-Côte d'Azur;Vaucluse;Lamotte-du-Rhône 84063;E4.6833;N44.2667;13;
3;FRA;Provence-Alpes-Côte d'Azur;Vaucluse;Lapalud 84064;E4.6833;N44.3000;13;
3;FRA;Provence-Alpes-Côte d'Azur;Vaucluse;Lauris 84065;E5.3167;N43.7500;13;
3;FRA;Provence-Alpes-Côte d'Azur;Vaucluse;Le Barroux 84008;E5.1000;N44.1333;13;
3;FRA;Provence-Alpes-Côte d'Azur;Vaucluse;Le Beaucet 84011;E5.1167;N43.9833;13;
3;FRA;Provence-Alpes-Côte d'Azur;Vaucluse;Le Pontet 84092;E4.8500;N43.9667;13;
3;FRA;Provence-Alpes-Côte d'Azur;Vaucluse;Le Thor 84132;E5.0000;N43.9333;13;
3;FRA;Provence-Alpes-Côte d'Azur;Vaucluse;Lioux 84066;E5.3167;N43.9500;13;
3;FRA;Provence-Alpes-Côte d'Azur;Vaucluse;Loriol-du-Comtat 84067;E5.0000;N44.0833;13;
3;FRA;Provence-Alpes-Côte d'Azur;Vaucluse;Lourmarin 84068;E5.3667;N43.7667;13;
3;FRA;Provence-Alpes-Côte d'Azur;Vaucluse;Malaucène 84069;E5.1333;N44.1667;13;
3;FRA;Provence-Alpes-Côte d'Azur;Vaucluse;Malemort-du-Comtat 84070;E5.1667;N44.0167;13;
3;FRA;Provence-Alpes-Côte d'Azur;Vaucluse;Maubec 84071;E5.1667;N43.8500;13;
3;FRA;Provence-Alpes-Côte d'Azur;Vaucluse;Mazan 84072;E5.1333;N44.0500;13;
3;FRA;Provence-Alpes-Côte d'Azur;Vaucluse;Ménerbes 84073;E5.2167;N43.8333;13;
3;FRA;Provence-Alpes-Côte d'Azur;Vaucluse;Mérindol 84074;E5.2000;N43.7500;13;
3;FRA;Provence-Alpes-Côte d'Azur;Vaucluse;Méthamis 84075;E5.2167;N44.0167;13;
3;FRA;Provence-Alpes-Côte d'Azur;Vaucluse;Mirabeau 84076;E5.6560;N43.7043;13;
3;FRA;Provence-Alpes-Côte d'Azur;Vaucluse;Modène 84077;E5.1167;N44.1000;13;
3;FRA;Provence-Alpes-Côte d'Azur;Vaucluse;Mondragon 84078;E4.7167;N44.2333;13;
3;FRA;Provence-Alpes-Côte d'Azur;Vaucluse;Monieux 84079;E5.3667;N44.0667;13;
3;FRA;Provence-Alpes-Côte d'Azur;Vaucluse;Monteux 84080;E5.0000;N44.0333;13;
3;FRA;Provence-Alpes-Côte d'Azur;Vaucluse;Morières-lès-Avignon 84081;E4.9059;N43.9414;13;
3;FRA;Provence-Alpes-Côte d'Azur;Vaucluse;Mormoiron 84082;E5.1833;N44.0667;13;
3;FRA;Provence-Alpes-Côte d'Azur;Vaucluse;Mornas 84083;E4.7333;N44.2000;13;
3;FRA;Provence-Alpes-Côte d'Azur;Vaucluse;Murs 84085;E5.2500;N43.9500;13;
3;FRA;Provence-Alpes-Côte d'Azur;Vaucluse;Oppède 84086;E5.1833;N43.8333;13;
3;FRA;Provence-Alpes-Côte d'Azur;Vaucluse;Orange 84087;E4.8000;N44.1333;13;
3;FRA;Provence-Alpes-Côte d'Azur;Vaucluse;Pernes-les-Fontaines 84088;E5.0500;N44.0000;13;
3;FRA;Provence-Alpes-Côte d'Azur;Vaucluse;Pertuis 84089;E5.5000;N43.6833;13;
3;FRA;Provence-Alpes-Côte d'Azur;Vaucluse;Peypin-d'Aigues 84090;E5.5667;N43.8000;13;
3;FRA;Provence-Alpes-Côte d'Azur;Vaucluse;Piolenc 84091;E4.7667;N44.1833;13;
3;FRA;Provence-Alpes-Côte d'Azur;Vaucluse;Puget 84093;E5.3000;N43.7500;13;
3;FRA;Provence-Alpes-Côte d'Azur;Vaucluse;Puyméras 84094;E5.1333;N44.2667;13;
3;FRA;Provence-Alpes-Côte d'Azur;Vaucluse;Puyvert 84095;E5.3500;N43.7667;13;
3;FRA;Provence-Alpes-Côte d'Azur;Vaucluse;Rasteau 84096;E4.9833;N44.2167;13;
3;FRA;Provence-Alpes-Côte d'Azur;Vaucluse;Richerenches 84097;E4.9167;N44.3667;13;
3;FRA;Provence-Alpes-Côte d'Azur;Vaucluse;Roaix 84098;E5.0167;N44.2500;13;
3;FRA;Provence-Alpes-Côte d'Azur;Vaucluse;Robion 84099;E5.1167;N43.8500;13;
3;FRA;Provence-Alpes-Côte d'Azur;Vaucluse;Roussillon 84102;E5.2833;N43.9000;13;
3;FRA;Provence-Alpes-Côte d'Azur;Vaucluse;Rustrel 84103;E5.4833;N43.9167;13;
3;FRA;Provence-Alpes-Côte d'Azur;Vaucluse;Sablet 84104;E5.0000;N44.1833;13;
3;FRA;Provence-Alpes-Côte d'Azur;Vaucluse;Saignon 84105;E5.4333;N43.8667;13;
3;FRA;Provence-Alpes-Côte d'Azur;Vaucluse;Saint-Christol 84107;E5.5000;N44.0333;13;
3;FRA;Provence-Alpes-Côte d'Azur;Vaucluse;Saint-Didier 84108;E5.1167;N44.0000;13;
3;FRA;Provence-Alpes-Côte d'Azur;Vaucluse;Saint-Hippolyte-le-Graveyron 84109;E5.0752;N44.1227;13;
3;FRA;Provence-Alpes-Côte d'Azur;Vaucluse;Saint-Léger-du-Ventoux 84110;E5.2667;N44.2000;13;
3;FRA;Provence-Alpes-Côte d'Azur;Vaucluse;Saint-Marcellin-lès-Vaison 84111;E5.1011;N44.2307;13;
3;FRA;Provence-Alpes-Côte d'Azur;Vaucluse;Saint-Martin-de-Castillon 84112;E5.5167;N43.8667;13;
3;FRA;Provence-Alpes-Côte d'Azur;Vaucluse;Saint-Martin-de-la-Brasque 84113;E5.5333;N43.7667;13;
3;FRA;Provence-Alpes-Côte d'Azur;Vaucluse;Saint-Pantaléon 84114;E5.2500;N43.8833;13;
3;FRA;Provence-Alpes-Côte d'Azur;Vaucluse;Saint-Pierre-de-Vassols 84115;E5.1500;N44.1000;13;
3;FRA;Provence-Alpes-Côte d'Azur;Vaucluse;Saint-Romain-en-Viennois 84116;E5.1167;N44.2667;13;
3;FRA;Provence-Alpes-Côte d'Azur;Vaucluse;Saint-Roman-de-Malegarde 84117;E4.9667;N44.2667;13;
3;FRA;Provence-Alpes-Côte d'Azur;Vaucluse;Saint-Saturnin-lès-Apt 84118;E5.3848;N43.9440;13;
3;FRA;Provence-Alpes-Côte d'Azur;Vaucluse;Saint-Saturnin-lès-Avignon 84119;E4.9333;N43.9500;13;
3;FRA;Provence-Alpes-Côte d'Azur;Vaucluse;Saint-Trinit 84120;E5.4667;N44.1000;13;
3;FRA;Provence-Alpes-Côte d'Azur;Vaucluse;Sainte-Cécile-les-Vignes 84106;E4.8833;N44.2500;13;
3;FRA;Provence-Alpes-Côte d'Azur;Vaucluse;Sannes 84121;E5.4833;N43.7500;13;
3;FRA;Provence-Alpes-Côte d'Azur;Vaucluse;Sarrians 84122;E4.9667;N44.0833;13;
3;FRA;Provence-Alpes-Côte d'Azur;Vaucluse;Sault 84123;E5.4084;N44.0916;13;
3;FRA;Provence-Alpes-Côte d'Azur;Vaucluse;Saumane-de-Vaucluse 84124;E5.1062;N43.9359;13;
3;FRA;Provence-Alpes-Côte d'Azur;Vaucluse;Savoillan 84125;E5.3833;N44.1833;13;
3;FRA;Provence-Alpes-Côte d'Azur;Vaucluse;Séguret 84126;E5.0167;N44.2000;13;
3;FRA;Provence-Alpes-Côte d'Azur;Vaucluse;Sérignan-du-Comtat 84127;E4.8500;N44.1833;13;
3;FRA;Provence-Alpes-Côte d'Azur;Vaucluse;Sivergues 84128;E5.4000;N43.8333;13;
3;FRA;Provence-Alpes-Côte d'Azur;Vaucluse;Sorgues 84129;E4.8667;N44.0000;13;
3;FRA;Provence-Alpes-Côte d'Azur;Vaucluse;Suzette 84130;E5.0667;N44.1667;13;
3;FRA;Provence-Alpes-Côte d'Azur;Vaucluse;Taillades 84131;E5.1000;N43.8333;13;
3;FRA;Provence-Alpes-Côte d'Azur;Vaucluse;Travaillan 84134;E4.9000;N44.1833;13;
3;FRA;Provence-Alpes-Côte d'Azur;Vaucluse;Uchaux 84135;E4.8000;N44.2167;13;
3;FRA;Provence-Alpes-Côte d'Azur;Vaucluse;Vacqueyras 84136;E4.9833;N44.1333;13;
3;FRA;Provence-Alpes-Côte d'Azur;Vaucluse;Vaison-la-Romaine 84137;E5.0667;N44.2333;13;
3;FRA;Provence-Alpes-Côte d'Azur;Vaucluse;Valréas 84138;E4.9833;N44.3833;13;
3;FRA;Provence-Alpes-Côte d'Azur;Vaucluse;Vaugines 84140;E5.4167;N43.7833;13;
3;FRA;Provence-Alpes-Côte d'Azur;Vaucluse;Vedène 84141;E4.9000;N43.9833;13;
3;FRA;Provence-Alpes-Côte d'Azur;Vaucluse;Velleron 84142;E5.0333;N43.9500;13;
3;FRA;Provence-Alpes-Côte d'Azur;Vaucluse;Venasque 84143;E5.1500;N43.9833;13;
3;FRA;Provence-Alpes-Côte d'Azur;Vaucluse;Viens 84144;E5.5667;N43.9000;13;
3;FRA;Provence-Alpes-Côte d'Azur;Vaucluse;Villars 84145;E5.4000;N43.9167;13;
3;FRA;Provence-Alpes-Côte d'Azur;Vaucluse;Villedieu 84146;E5.0333;N44.2833;13;
3;FRA;Provence-Alpes-Côte d'Azur;Vaucluse;Villelaure 84147;E5.4333;N43.7167;13;
3;FRA;Provence-Alpes-Côte d'Azur;Vaucluse;Villes-sur-Auzon 84148;E5.2333;N44.0500;13;
3;FRA;Provence-Alpes-Côte d'Azur;Vaucluse;Violès 84149;E4.9500;N44.1667;13;
3;FRA;Provence-Alpes-Côte d'Azur;Vaucluse;Visan 84150;E4.9667;N44.3000;13;
3;FRA;Provence-Alpes-Côte d'Azur;Vaucluse;Vitrolles-en-Lubéron 84151;E5.5957;N43.8112;13;